entity_id,display_name,cities,profile_type,primary_handle,contactability,score,stage,business_fit_candidates,platform,canonical_url,username,follower_count,audience_band,verification_status,source_url,discovery_source_url,evidence_url
7fee003546ce0652c196,5D mama,Батуми,author_or_channel,5Dmama,manual_only,65,worth_checking,riderra,youtube,https://www.youtube.com/@5Dmama,5Dmama,13900,micro,original_profile_opened,https://www.youtube.com/@5Dmama,https://www.youtube.com/results?search_query=Batumi+beauty+vlog&hl=ru,https://www.youtube.com/watch?v=lUkTHRf4040
0de8a11c08fd5bdc0ac8,Aey and Mel,Батуми,author_or_channel,aeyandmel,manual_only,70,worth_checking,,youtube,https://www.youtube.com/@aeyandmel,aeyandmel,1950,nano,original_profile_opened,https://www.youtube.com/@aeyandmel,https://www.youtube.com/results?search_query=Batumi+events+vlog&hl=ru,https://www.youtube.com/watch?v=62nFVHZbiL4
4b64df479bb893d61c3e,aigerim_ erkinkyzy,Батуми,author_or_channel,%D0%90%D0%B9%D0%B3%D0%B5%D1%80%D1%96%D0%BC_%D0%95%D1%80%D0%BA%D1%96%D0%BD%D2%9B%D1%8B%D0%B7%D1%8B,manual_only,70,worth_checking,"intellectum, riderra",youtube,https://www.youtube.com/@%D0%90%D0%B9%D0%B3%D0%B5%D1%80%D1%96%D0%BC_%D0%95%D1%80%D0%BA%D1%96%D0%BD%D2%9B%D1%8B%D0%B7%D1%8B,%D0%90%D0%B9%D0%B3%D0%B5%D1%80%D1%96%D0%BC_%D0%95%D1%80%D0%BA%D1%96%D0%BD%D2%9B%D1%8B%D0%B7%D1%8B,200,nano,original_profile_opened,https://www.youtube.com/@%D0%90%D0%B9%D0%B3%D0%B5%D1%80%D1%96%D0%BC_%D0%95%D1%80%D0%BA%D1%96%D0%BD%D2%9B%D1%8B%D0%B7%D1%8B,https://www.youtube.com/results?search_query=Batumi+family+vlog&hl=ru,https://www.youtube.com/watch?v=zTeECuA-rXk
67d6fb44d9843fa48465,Alexander Short,Батуми,author_or_channel,AlexanderShort,manual_only,65,worth_checking,,youtube,https://www.youtube.com/@AlexanderShort,AlexanderShort,67200,micro,original_profile_opened,https://www.youtube.com/@AlexanderShort,https://www.youtube.com/results?search_query=%D0%91%D0%B0%D1%82%D1%83%D0%BC%D0%B8+%D0%BA%D1%83%D0%B4%D0%B0+%D1%81%D1%85%D0%BE%D0%B4%D0%B8%D1%82%D1%8C&hl=ru,https://www.youtube.com/watch?v=JXd1-aQtL5M
6b13a727f50a1d63e9e3,Alina Modern Mom,Батуми,author_or_channel,AlinaModernMom,manual_only,65,worth_checking,,youtube,https://www.youtube.com/@AlinaModernMom,AlinaModernMom,10000,micro,original_profile_opened,https://www.youtube.com/@AlinaModernMom,https://www.youtube.com/results?search_query=%D0%91%D0%B0%D1%82%D1%83%D0%BC%D0%B8+%D1%81+%D0%B4%D0%B5%D1%82%D1%8C%D0%BC%D0%B8&hl=ru,https://www.youtube.com/watch?v=LtsQy0oeQFc
6a2c059d942e079e72ed,Alina | UGC Creator | Travel & Lifestyle,Батуми,author,alinagulayeva_,advertising_contact,89,worth_checking,riderra,instagram,https://www.instagram.com/alinagulayeva_,alinagulayeva_,1334,nano,original_profile_opened,https://www.instagram.com/alinagulayeva_,https://collabstr.com/top-influencers/instagram/in/georgia/batumi,
6a2c059d942e079e72ed,Alina | UGC Creator | Travel & Lifestyle,Батуми,author,alinagulayeva_,advertising_contact,89,worth_checking,riderra,threads,https://www.threads.com/@alinagulayeva_,alinagulayeva_,145,nano,public_index_verified,https://threadlook.com/profile/alinagulayeva_,https://collabstr.com/top-influencers/instagram/in/georgia/batumi,
9f9a3878c98cc1da363a,Alvin Karpats,Батуми,author_or_channel,alvinkarpats1763,manual_only,70,worth_checking,,youtube,https://www.youtube.com/@alvinkarpats1763,alvinkarpats1763,199,nano,original_profile_opened,https://www.youtube.com/@alvinkarpats1763,https://www.youtube.com/results?search_query=Batumi+places+review&hl=ru,https://www.youtube.com/watch?v=NIsxvqLdTCY
f575b16c72e8673f182e,Anastasiia Marinina,Батуми,author_or_channel,anmarinina,manual_only,70,worth_checking,,youtube,https://www.youtube.com/@anmarinina,anmarinina,587,nano,original_profile_opened,https://www.youtube.com/@anmarinina,https://www.youtube.com/results?search_query=Batumi+vlog&hl=ru,https://www.youtube.com/watch?v=wpXRP9T75-I
09f1d9da5c4615163281,ANASTASIYA LISKOVA,Батуми,author_or_channel,liskovation,manual_only,70,worth_checking,,youtube,https://www.youtube.com/@liskovation,liskovation,141,nano,original_profile_opened,https://www.youtube.com/@liskovation,https://www.youtube.com/results?search_query=Batumi+beauty+vlog&hl=ru,https://www.youtube.com/watch?v=42sSHflqvwI
fa1170b5bbec201cf605,ANGIX,Батуми,author_or_channel,AngixOf,manual_only,65,worth_checking,,youtube,https://www.youtube.com/@AngixOf,AngixOf,18000,micro,original_profile_opened,https://www.youtube.com/@AngixOf,https://www.youtube.com/results?search_query=%D0%BB%D0%BE%D0%BA%D0%B0%D0%BB%D1%8C%D0%BD%D1%8B%D0%B9+%D0%B1%D0%BB%D0%BE%D0%B3%D0%B5%D1%80+%D0%91%D0%B0%D1%82%D1%83%D0%BC%D0%B8&hl=ru,https://www.youtube.com/watch?v=BMV5kGjJfpw
012c02dbf3a38acec3c6,Anna Global Travel,Батуми,author_or_channel,annaglobaltravel,manual_only,65,worth_checking,riderra,youtube,https://www.youtube.com/@annaglobaltravel,annaglobaltravel,44600,micro,original_profile_opened,https://www.youtube.com/@annaglobaltravel,https://www.youtube.com/results?search_query=Batumi+beauty+vlog&hl=ru,https://www.youtube.com/watch?v=h4PHKKmtSJA
6cdac81dd951228105fc,Anna Stride,Батуми,author_or_channel,annastride,manual_only,70,worth_checking,riderra,youtube,https://www.youtube.com/@annastride,annastride,215,nano,original_profile_opened,https://www.youtube.com/@annastride,https://www.youtube.com/results?search_query=Batumi+lifestyle+blogger&hl=ru,https://www.youtube.com/watch?v=BRLaWAyHatw
98a75c58e3237623b4b0,Anton Traveler,Батуми,author_or_channel,anton_traveler,manual_only,70,worth_checking,riderra,youtube,https://www.youtube.com/@anton_traveler,anton_traveler,2980,nano,original_profile_opened,https://www.youtube.com/@anton_traveler,https://www.youtube.com/results?search_query=Batumi+places+review&hl=ru,https://www.youtube.com/watch?v=zwFzzNVO6Zk
fa57c45f1f7588531fa1,Anya Brazhnikova,Батуми,author_or_channel,avokinhzarb,manual_only,70,worth_checking,riderra,youtube,https://www.youtube.com/@avokinhzarb,avokinhzarb,3240,nano,original_profile_opened,https://www.youtube.com/@avokinhzarb,https://www.youtube.com/results?search_query=Batumi+events+vlog&hl=ru,https://www.youtube.com/watch?v=5EnzAru4HjM
9f1617808bc4113e062e,Artem Kalchenko,Батуми,author_or_channel,COLDER1236,manual_only,70,worth_checking,,youtube,https://www.youtube.com/@COLDER1236,COLDER1236,1650,nano,original_profile_opened,https://www.youtube.com/@COLDER1236,https://www.youtube.com/results?search_query=Batumi+restaurants+vlog&hl=ru,https://www.youtube.com/watch?v=aKmYni2QC1w
58c3209f2e25850912aa,Aussies In Georgia,Батуми,author_or_channel,aussiesingeorgia,manual_only,70,worth_checking,,youtube,https://www.youtube.com/@aussiesingeorgia,aussiesingeorgia,41,nano,original_profile_opened,https://www.youtube.com/@aussiesingeorgia,https://www.youtube.com/results?search_query=Batumi+restaurants+vlog&hl=ru,https://www.youtube.com/watch?v=wAr15JPhI6Y
77235ea511ac19dea13c,Batumi Foreign Look,Батуми,author_or_channel,batumiforeignlook436,manual_only,70,worth_checking,,youtube,https://www.youtube.com/@batumiforeignlook436,batumiforeignlook436,1010,nano,original_profile_opened,https://www.youtube.com/@batumiforeignlook436,https://www.youtube.com/results?search_query=Batumi+beauty+vlog&hl=ru,https://www.youtube.com/watch?v=tcoENjMMaoc
8da348226ee2a003918f,Beautiful life,Батуми,author_or_channel,Mets91,manual_only,65,worth_checking,,youtube,https://www.youtube.com/@Mets91,Mets91,51300,micro,original_profile_opened,https://www.youtube.com/@Mets91,https://www.youtube.com/results?search_query=Batumi+shorts&hl=ru,https://www.youtube.com/watch?v=bI-XaHF4j7U
9589b7f9023644bf0900,Bellaocity Travel,Батуми,author_or_channel,bellaocitytravel6803,manual_only,70,worth_checking,riderra,youtube,https://www.youtube.com/@bellaocitytravel6803,bellaocitytravel6803,929,nano,original_profile_opened,https://www.youtube.com/@bellaocitytravel6803,https://www.youtube.com/results?search_query=Batumi+places+review&hl=ru,https://www.youtube.com/watch?v=OsFG4cwZqzA
8868307a9736d528821a,BOBRIKI,Батуми,author_or_channel,bobrykfilms,manual_only,70,worth_checking,,youtube,https://www.youtube.com/@bobrykfilms,bobrykfilms,102,nano,original_profile_opened,https://www.youtube.com/@bobrykfilms,https://www.youtube.com/results?search_query=%D0%91%D0%B0%D1%82%D1%83%D0%BC%D0%B8+%D0%BA%D1%83%D0%B4%D0%B0+%D1%81%D1%85%D0%BE%D0%B4%D0%B8%D1%82%D1%8C&hl=ru,https://www.youtube.com/watch?v=DPDiQ3_T7nU
be0bc6f85a916ed9ef39,BRAVOS COFFEE,"Батуми, Краснодар, Санкт-Петербург",author_or_channel,bravos.coffee,manual_only,65,worth_checking,,youtube,https://www.youtube.com/@bravos.coffee,bravos.coffee,85100,micro,original_profile_opened,https://www.youtube.com/@bravos.coffee,https://www.youtube.com/results?search_query=Batumi+cafe+review&hl=ru,https://www.youtube.com/watch?v=P2l4mEq896Q
631cb80b5796e17f2d1b,briefly.,Батуми,author_or_channel,briefly.,manual_only,70,worth_checking,,youtube,https://www.youtube.com/@briefly.,briefly.,310,nano,original_profile_opened,https://www.youtube.com/@briefly.,https://www.youtube.com/results?search_query=Batumi+kids+activities&hl=ru,https://www.youtube.com/watch?v=xVjm-jiOE8k
0b7d71f94e66186390a5,Budget Retirement Options,Батуми,author_or_channel,BudgetRetirementOptions,manual_only,65,worth_checking,,youtube,https://www.youtube.com/@BudgetRetirementOptions,BudgetRetirementOptions,17100,micro,original_profile_opened,https://www.youtube.com/@BudgetRetirementOptions,https://www.youtube.com/results?search_query=Batumi+expat+vlog&hl=ru,https://www.youtube.com/watch?v=SXvUNMPveyA
838a2ea08e228cb9b331,Chimino Chimino,Батуми,author_or_channel,ChiminoChimino,manual_only,70,worth_checking,"intellectum, riderra",youtube,https://www.youtube.com/@ChiminoChimino,ChiminoChimino,1690,nano,original_profile_opened,https://www.youtube.com/@ChiminoChimino,https://www.youtube.com/results?search_query=Batumi+family+vlog&hl=ru,https://www.youtube.com/watch?v=nIlCFIA-9oY
f0667baa7a60ca35f095,Closer Lives: Jenn and Leon,Батуми,author_or_channel,JennandLeon,manual_only,65,worth_checking,,youtube,https://www.youtube.com/@JennandLeon,JennandLeon,15100,micro,original_profile_opened,https://www.youtube.com/@JennandLeon,https://www.youtube.com/results?search_query=Batumi+restaurants+vlog&hl=ru,https://www.youtube.com/watch?v=aEv8UWfbhB0
84c4c0b7112172310c84,DaliKa,Батуми,author_or_channel,DaliKa,manual_only,65,worth_checking,,youtube,https://www.youtube.com/@DaliKa,DaliKa,46500,micro,original_profile_opened,https://www.youtube.com/@DaliKa,https://www.youtube.com/results?search_query=%D0%91%D0%B0%D1%82%D1%83%D0%BC%D0%B8+%D0%B1%D0%BB%D0%BE%D0%B3&hl=ru,https://www.youtube.com/watch?v=lgjQgRz8_yk
3892634fe6c06df3996b,Dammit Curt,Батуми,author_or_channel,DammitCurt,manual_only,70,worth_checking,,youtube,https://www.youtube.com/@DammitCurt,DammitCurt,236,nano,original_profile_opened,https://www.youtube.com/@DammitCurt,https://www.youtube.com/results?search_query=Batumi+vlog&hl=ru,https://www.youtube.com/watch?v=bRi2I3wk6dU
075e9ff0f6b93972ee54,Danon,Батуми,author_or_channel,danondanon,manual_only,70,worth_checking,intellectum,youtube,https://www.youtube.com/@danondanon,danondanon,259,nano,original_profile_opened,https://www.youtube.com/@danondanon,https://www.youtube.com/results?search_query=%D0%91%D0%B0%D1%82%D1%83%D0%BC%D0%B8+%D0%B4%D0%B5%D1%82%D1%81%D0%BA%D0%B8%D0%B5+%D0%BC%D0%B5%D1%81%D1%82%D0%B0&hl=ru,https://www.youtube.com/watch?v=C4nvIlqheB8
7d772c3521645e6d69a8,Daria Makes,Батуми,author,dariamakes8,manual_only,76,worth_checking,,instagram,https://www.instagram.com/dariamakes8,dariamakes8,358,nano,original_profile_opened,https://www.instagram.com/dariamakes8,https://collabstr.com/top-influencers/instagram/in/georgia/batumi,
dbd1293c6b4301289afb,Darya Nikolaeva,Батуми,author_or_channel,daryanikolaeva7799,manual_only,70,worth_checking,intellectum,youtube,https://www.youtube.com/@daryanikolaeva7799,daryanikolaeva7799,50,nano,original_profile_opened,https://www.youtube.com/@daryanikolaeva7799,https://www.youtube.com/results?search_query=%D0%91%D0%B0%D1%82%D1%83%D0%BC%D0%B8+%D1%81+%D0%B4%D0%B5%D1%82%D1%8C%D0%BC%D0%B8&hl=ru,https://www.youtube.com/watch?v=VDfQGF6ih5c
e081ccfa7372a2cb62b9,DESI FOOD RECIPE,Батуми,author_or_channel,desifoodrecipe7663,manual_only,70,worth_checking,riderra,youtube,https://www.youtube.com/@desifoodrecipe7663,desifoodrecipe7663,247,nano,original_profile_opened,https://www.youtube.com/@desifoodrecipe7663,https://www.youtube.com/results?search_query=Batumi+restaurants+vlog&hl=ru,https://www.youtube.com/watch?v=b1xbMgfMxiE
c4654242d12bf1f15335,Destination Delight,Батуми,author_or_channel,Destination_Delight,manual_only,70,worth_checking,riderra,youtube,https://www.youtube.com/@Destination_Delight,Destination_Delight,896,nano,original_profile_opened,https://www.youtube.com/@Destination_Delight,https://www.youtube.com/results?search_query=Batumi+local+guide&hl=ru,https://www.youtube.com/watch?v=vWFXyqz3KJo
1b3e7700846a00ea6318,Destination Wonders,Батуми,author_or_channel,DestinationWonders,manual_only,65,worth_checking,riderra,youtube,https://www.youtube.com/@DestinationWonders,DestinationWonders,28600,micro,original_profile_opened,https://www.youtube.com/@DestinationWonders,https://www.youtube.com/results?search_query=Batumi+local+guide&hl=ru,https://www.youtube.com/watch?v=ySV37SDyr3Y
36a4fd7109d201f42327,Diana Gabdullina,Батуми,author_or_channel,gabbydi,manual_only,70,worth_checking,riderra,youtube,https://www.youtube.com/@gabbydi,gabbydi,15,nano,original_profile_opened,https://www.youtube.com/@gabbydi,https://www.youtube.com/results?search_query=%D0%91%D0%B0%D1%82%D1%83%D0%BC%D0%B8+%D0%BF%D1%80%D0%BE%D0%B3%D1%83%D0%BB%D0%BA%D0%B0+vlog&hl=ru,https://www.youtube.com/watch?v=DDTVhc3-H3g
458697c4ad4762885456,Dylan Sadler,Батуми,author_or_channel,dylantsadler,manual_only,70,worth_checking,,youtube,https://www.youtube.com/@dylantsadler,dylantsadler,2000,nano,original_profile_opened,https://www.youtube.com/@dylantsadler,https://www.youtube.com/results?search_query=Batumi+expat+vlog&hl=ru,https://www.youtube.com/watch?v=mKdOvQVnyRE
bd21d9d6d0dfed37892d,Elizabeth Saveleva,Батуми,author_or_channel,elizabeth.saveleva,manual_only,70,worth_checking,riderra,youtube,https://www.youtube.com/@elizabeth.saveleva,elizabeth.saveleva,29,nano,original_profile_opened,https://www.youtube.com/@elizabeth.saveleva,https://www.youtube.com/results?search_query=%D0%91%D0%B0%D1%82%D1%83%D0%BC%D0%B8+%D0%BF%D1%80%D0%BE%D0%B3%D1%83%D0%BB%D0%BA%D0%B0+vlog&hl=ru,https://www.youtube.com/watch?v=DhcpKFkfCgU
e620f6b7344af5a846ef,Elizabeth Zaitseva,Батуми,author_or_channel,ElizabethZaitseva,manual_only,70,worth_checking,riderra,youtube,https://www.youtube.com/@ElizabethZaitseva,ElizabethZaitseva,413,nano,original_profile_opened,https://www.youtube.com/@ElizabethZaitseva,https://www.youtube.com/results?search_query=Batumi+vlog&hl=ru,https://www.youtube.com/watch?v=J1OyfEcT_pk
be96665b433cbd159eb9,Elmira Gadzhyieva,Батуми,author_or_channel,elmiragadzhyieva,manual_only,70,worth_checking,riderra,youtube,https://www.youtube.com/@elmiragadzhyieva,elmiragadzhyieva,2150,nano,original_profile_opened,https://www.youtube.com/@elmiragadzhyieva,https://www.youtube.com/results?search_query=Batumi+beauty+vlog&hl=ru,https://www.youtube.com/watch?v=TufFgKiEyyc
23f183747f764e352736,ESENIYA WOW,Батуми,author_or_channel,ESENIYAWOW,manual_only,70,worth_checking,intellectum,youtube,https://www.youtube.com/@ESENIYAWOW,ESENIYAWOW,260,nano,original_profile_opened,https://www.youtube.com/@ESENIYAWOW,https://www.youtube.com/results?search_query=%D0%91%D0%B0%D1%82%D1%83%D0%BC%D0%B8+%D1%81+%D0%B4%D0%B5%D1%82%D1%8C%D0%BC%D0%B8&hl=ru,https://www.youtube.com/watch?v=YWIAXKXAVMA
6fbc850157153e6f72bd,Explore with Nana,Батуми,author_or_channel,ExplorewithNana,manual_only,70,worth_checking,,youtube,https://www.youtube.com/@ExplorewithNana,ExplorewithNana,1200,nano,original_profile_opened,https://www.youtube.com/@ExplorewithNana,https://www.youtube.com/results?search_query=Batumi+restaurants+vlog&hl=ru,https://www.youtube.com/watch?v=P_J2eDoSCMY
a4cd324a8ef8768a6763,Florian Wilk - Cyprus Wealth Navigator,Батуми,author_or_channel,CyprusWealthNavigator,manual_only,70,worth_checking,,youtube,https://www.youtube.com/@CyprusWealthNavigator,CyprusWealthNavigator,286,nano,original_profile_opened,https://www.youtube.com/@CyprusWealthNavigator,https://www.youtube.com/results?search_query=Batumi+expat+vlog&hl=ru,https://www.youtube.com/watch?v=IhHiZGdS1vE
168277b98189d4f10725,GABI-M🎧,Батуми,author,mari.gabaidze,manual_only,72,worth_checking,,instagram,https://www.instagram.com/mari.gabaidze,mari.gabaidze,40000,micro,original_profile_opened,https://www.instagram.com/mari.gabaidze,https://collabstr.com/top-influencers/instagram/in/georgia/batumi,
168277b98189d4f10725,GABI-M🎧,Батуми,author,mari.gabaidze,manual_only,72,worth_checking,,threads,https://www.threads.com/@mari.gabaidze,mari.gabaidze,6600,micro,public_index_verified,https://threadlook.com/profile/mari.gabaidze,https://collabstr.com/top-influencers/instagram/in/georgia/batumi,
85452e708b8ff1f284a0,Georgia wandering,Батуми,author_or_channel,Georgiawandering,manual_only,70,worth_checking,intellectum,youtube,https://www.youtube.com/@Georgiawandering,Georgiawandering,26,nano,original_profile_opened,https://www.youtube.com/@Georgiawandering,https://www.youtube.com/results?search_query=Batumi+kids+activities&hl=ru,https://www.youtube.com/watch?v=MK99DHfiTNY
8d87f75e31850724a7a8,Global Luxe Journeys,Батуми,author_or_channel,GlobalLuxeJourneys,manual_only,55,needs_manual_review,riderra,youtube,https://www.youtube.com/@GlobalLuxeJourneys,GlobalLuxeJourneys,105000,mid,original_profile_opened,https://www.youtube.com/@GlobalLuxeJourneys,https://www.youtube.com/results?search_query=Batumi+kids+activities&hl=ru,https://www.youtube.com/watch?v=skw4dadMrrs
013617cede68c99b3141,Globivore,Батуми,author_or_channel,globivore4527,manual_only,70,worth_checking,,youtube,https://www.youtube.com/@globivore4527,globivore4527,342,nano,original_profile_opened,https://www.youtube.com/@globivore4527,https://www.youtube.com/results?search_query=Batumi+restaurants+vlog&hl=ru,https://www.youtube.com/watch?v=Lwgdh-X_8FQ
82db3c9437f05b8c2047,Growing Up Without Borders - Original Videos,Батуми,author_or_channel,GrowingUpWithoutBorders,manual_only,55,needs_manual_review,intellectum,youtube,https://www.youtube.com/@GrowingUpWithoutBorders,GrowingUpWithoutBorders,170000,mid,original_profile_opened,https://www.youtube.com/@GrowingUpWithoutBorders,https://www.youtube.com/results?search_query=Batumi+kids+activities&hl=ru,https://www.youtube.com/watch?v=38yfLAkaFuY
748ea00eb852041625c2,Hamed Explores,Батуми,author_or_channel,itsHamedExplores,manual_only,70,worth_checking,,youtube,https://www.youtube.com/@itsHamedExplores,itsHamedExplores,1,nano,original_profile_opened,https://www.youtube.com/@itsHamedExplores,https://www.youtube.com/results?search_query=Batumi+local+guide&hl=ru,https://www.youtube.com/watch?v=enaWsf8LtNg
7646a49444aa2c1275c3,Hammad Awan,Батуми,author_or_channel,Lifestyle_In_SaudiArabia,manual_only,70,worth_checking,riderra,youtube,https://www.youtube.com/@Lifestyle_In_SaudiArabia,Lifestyle_In_SaudiArabia,6600,nano,original_profile_opened,https://www.youtube.com/@Lifestyle_In_SaudiArabia,https://www.youtube.com/results?search_query=Batumi+restaurants+vlog&hl=ru,https://www.youtube.com/watch?v=IH42LEfvfEk
89e4e3d4168589663e04,Hannah Chabanova,Батуми,author,its.chabik,manual_only,77,worth_checking,,instagram,https://www.instagram.com/its.chabik,its.chabik,1540,nano,original_profile_opened,https://www.instagram.com/its.chabik,https://collabstr.com/top-influencers/instagram/in/georgia/batumi,
89e4e3d4168589663e04,Hannah Chabanova,Батуми,author,its.chabik,manual_only,77,worth_checking,,threads,https://www.threads.com/@its.chabik,its.chabik,174,nano,public_index_verified,https://threadlook.com/profile/its.chabik,https://collabstr.com/top-influencers/instagram/in/georgia/batumi,
e98449d0d0ad7993e092,Happy Muncher Traveller,Батуми,author_or_channel,happymunchertraveler,manual_only,65,worth_checking,riderra,youtube,https://www.youtube.com/@happymunchertraveler,happymunchertraveler,26500,micro,original_profile_opened,https://www.youtube.com/@happymunchertraveler,https://www.youtube.com/results?search_query=Batumi+restaurants+vlog&hl=ru,https://www.youtube.com/watch?v=0hOxoq4uk-k
8ef7035de0330afa3eaf,Have a Look Productions,Батуми,author_or_channel,Havealookproductions,manual_only,65,worth_checking,,youtube,https://www.youtube.com/@Havealookproductions,Havealookproductions,64900,micro,original_profile_opened,https://www.youtube.com/@Havealookproductions,https://www.youtube.com/results?search_query=Batumi+local+guide&hl=ru,https://www.youtube.com/watch?v=rzjWcfX2ZY8
e7acbda462ef3e13a114,Himanshu Paul HARYANA,Батуми,author_or_channel,Himanshu_Paul,manual_only,70,worth_checking,,youtube,https://www.youtube.com/@Himanshu_Paul,Himanshu_Paul,2550,nano,original_profile_opened,https://www.youtube.com/@Himanshu_Paul,https://www.youtube.com/results?search_query=Batumi+events+vlog&hl=ru,https://www.youtube.com/watch?v=YAa4IXXgjU0
23a6c0c88f5df0c4fc2a,Hobarts Abroad - Sumner & Ali,Батуми,author_or_channel,hobartsabroad,manual_only,65,worth_checking,,youtube,https://www.youtube.com/@hobartsabroad,hobartsabroad,22800,micro,original_profile_opened,https://www.youtube.com/@hobartsabroad,https://www.youtube.com/results?search_query=Batumi+events+vlog&hl=ru,https://www.youtube.com/watch?v=130zcEacJTY
a5aadfc15b931faa318e,Ilm va ijod,Батуми,author_or_channel,ilmvaijod,manual_only,70,worth_checking,riderra,youtube,https://www.youtube.com/@ilmvaijod,ilmvaijod,6930,nano,original_profile_opened,https://www.youtube.com/@ilmvaijod,https://www.youtube.com/results?search_query=Batumi+kids+activities&hl=ru,https://www.youtube.com/watch?v=0d9lm8uwi2Y
c962e94d79469f0dae28,Irs GEO_IL,Батуми,author_or_channel,IrsAbroad,manual_only,70,worth_checking,intellectum,youtube,https://www.youtube.com/@IrsAbroad,IrsAbroad,771,nano,original_profile_opened,https://www.youtube.com/@IrsAbroad,https://www.youtube.com/results?search_query=Batumi+school+review&hl=ru,https://www.youtube.com/watch?v=cvd4i6UU24Y
b6688cedd8f1b0658c8c,ISM EduTech Pvt Ltd,Батуми,author_or_channel,ismedutechpvtltd,manual_only,70,worth_checking,,youtube,https://www.youtube.com/@ismedutechpvtltd,ismedutechpvtltd,5480,nano,original_profile_opened,https://www.youtube.com/@ismedutechpvtltd,https://www.youtube.com/results?search_query=Batumi+school+review&hl=ru,https://www.youtube.com/watch?v=jwplPTw9QPo
ddce1f6672645d7e92a9,Ivan Novik,Батуми,author_or_channel,ivaninovik,manual_only,65,worth_checking,,youtube,https://www.youtube.com/@ivaninovik,ivaninovik,28700,micro,original_profile_opened,https://www.youtube.com/@ivaninovik,https://www.youtube.com/results?search_query=%D0%91%D0%B0%D1%82%D1%83%D0%BC%D0%B8+%D0%B1%D0%BB%D0%BE%D0%B3&hl=ru,https://www.youtube.com/watch?v=8bgYJVCYTK4
2faefac4abd4e3ceb4ff,Jenny vlog,Батуми,author_or_channel,jennyvlogi,manual_only,70,worth_checking,"intellectum, riderra",youtube,https://www.youtube.com/@jennyvlogi,jennyvlogi,357,nano,original_profile_opened,https://www.youtube.com/@jennyvlogi,https://www.youtube.com/results?search_query=Batumi+family+vlog&hl=ru,https://www.youtube.com/watch?v=m21bVR0os3s
569f0529ea2f7699f83f,JOURNEY LIFE,Батуми,author_or_channel,JOURNEY_LIFEE,manual_only,70,worth_checking,riderra,youtube,https://www.youtube.com/@JOURNEY_LIFEE,JOURNEY_LIFEE,2320,nano,original_profile_opened,https://www.youtube.com/@JOURNEY_LIFEE,https://www.youtube.com/results?search_query=Batumi+places+review&hl=ru,https://www.youtube.com/watch?v=J9pbSSHfnkw
ea451a2da53321bae04f,Kamila Abdurakhimova,Батуми,author_or_channel,kamunity,manual_only,70,worth_checking,,youtube,https://www.youtube.com/@kamunity,kamunity,2880,nano,original_profile_opened,https://www.youtube.com/@kamunity,https://www.youtube.com/results?search_query=%D0%91%D0%B0%D1%82%D1%83%D0%BC%D0%B8+%D0%B1%D0%BB%D0%BE%D0%B3&hl=ru,https://www.youtube.com/watch?v=VyRJxrJAwEk
9f80c3dbd418c1897c68,kate true,Батуми,author_or_channel,katetrue,manual_only,70,worth_checking,,youtube,https://www.youtube.com/@katetrue,katetrue,1140,nano,original_profile_opened,https://www.youtube.com/@katetrue,https://www.youtube.com/results?search_query=%D0%91%D0%B0%D1%82%D1%83%D0%BC%D0%B8+%D0%B6%D0%B8%D0%B7%D0%BD%D1%8C+%D0%B1%D0%BB%D0%BE%D0%B3&hl=ru,https://www.youtube.com/watch?v=V5oehhUBlS4
a056c5d928fdcd8f8c58,Katerina JK,Батуми,author_or_channel,katerina_jkr,manual_only,70,worth_checking,,youtube,https://www.youtube.com/@katerina_jkr,katerina_jkr,793,nano,original_profile_opened,https://www.youtube.com/@katerina_jkr,https://www.youtube.com/results?search_query=Batumi+beauty+vlog&hl=ru,https://www.youtube.com/watch?v=ZFtpoPwXMvI
3a4cafef4cf63ee9ac10,Katlabai.Visuals,Батуми,author_or_channel,katlabai.Visuals,manual_only,70,worth_checking,intellectum,youtube,https://www.youtube.com/@katlabai.Visuals,katlabai.Visuals,878,nano,original_profile_opened,https://www.youtube.com/@katlabai.Visuals,https://www.youtube.com/results?search_query=%D0%91%D0%B0%D1%82%D1%83%D0%BC%D0%B8+%D1%81+%D0%B4%D0%B5%D1%82%D1%8C%D0%BC%D0%B8&hl=ru,https://www.youtube.com/watch?v=cS143Xsw-hg
68b5ec01fa6771ba68ac,Keroly,Батуми,author_or_channel,kerolyverse,manual_only,70,worth_checking,riderra,youtube,https://www.youtube.com/@kerolyverse,kerolyverse,6,nano,original_profile_opened,https://www.youtube.com/@kerolyverse,https://www.youtube.com/results?search_query=Batumi+events+vlog&hl=ru,https://www.youtube.com/watch?v=9hMXJfjmcu4
35d316376121cce7d484,KISHEOFFICIAL,Батуми,author_or_channel,UClYy53sgzHhrGh5oi2SGarA,manual_only,65,worth_checking,"intellectum, riderra",youtube,https://www.youtube.com/channel/UClYy53sgzHhrGh5oi2SGarA,UClYy53sgzHhrGh5oi2SGarA,46600,micro,original_profile_opened,https://www.youtube.com/channel/UClYy53sgzHhrGh5oi2SGarA,https://www.youtube.com/results?search_query=Batumi+family+vlog&hl=ru,https://www.youtube.com/watch?v=06D3rAwwjfI
dd99ca241e82b5a9faf6,KIWI TUR TV,Батуми,author_or_channel,kiwitur,manual_only,70,worth_checking,,youtube,https://www.youtube.com/@kiwitur,kiwitur,7170,nano,original_profile_opened,https://www.youtube.com/@kiwitur,https://www.youtube.com/results?search_query=Batumi+cafe+review&hl=ru,https://www.youtube.com/watch?v=PBMYyNyHh34
1196ff393f78d54442ee,Kosyak's vlog,Батуми,author_or_channel,Kosyaksvlog,manual_only,70,worth_checking,"intellectum, riderra",youtube,https://www.youtube.com/@Kosyaksvlog,Kosyaksvlog,127,nano,original_profile_opened,https://www.youtube.com/@Kosyaksvlog,https://www.youtube.com/results?search_query=Batumi+family+vlog&hl=ru,https://www.youtube.com/watch?v=-S7BJgzXqIk
9ca6efb262c294f2bf85,Kristina Konakova Vlog,Батуми,author_or_channel,KristinaKonakova,manual_only,65,worth_checking,"intellectum, riderra",youtube,https://www.youtube.com/@KristinaKonakova,KristinaKonakova,17400,micro,original_profile_opened,https://www.youtube.com/@KristinaKonakova,https://www.youtube.com/results?search_query=Batumi+family+vlog&hl=ru,https://www.youtube.com/watch?v=ARC_GyZdiTE
f9cba94a7950cfd9f8f1,KSUSUA,Батуми,author_or_channel,ksusua,manual_only,70,worth_checking,riderra,youtube,https://www.youtube.com/@ksusua,ksusua,147,nano,original_profile_opened,https://www.youtube.com/@ksusua,https://www.youtube.com/results?search_query=Batumi+vlog&hl=ru,https://www.youtube.com/watch?v=k1LSilZFmUY
f4b8553949204e2beec0,Kyle and Valentina,Батуми,author_or_channel,kyleandvalentina923,manual_only,70,worth_checking,,youtube,https://www.youtube.com/@kyleandvalentina923,kyleandvalentina923,4060,nano,original_profile_opened,https://www.youtube.com/@kyleandvalentina923,https://www.youtube.com/results?search_query=%D0%91%D0%B0%D1%82%D1%83%D0%BC%D0%B8+%D1%80%D1%83%D1%81%D1%81%D0%BA%D0%B8%D0%B9+%D0%B1%D0%BB%D0%BE%D0%B3%D0%B5%D1%80&hl=ru,https://www.youtube.com/watch?v=OmRrpTmGy4Y
0a8c570c410eb0dc2519,LAKmousse Beauty Bar,Батуми,author_or_channel,LAKmousseBeautyBar,manual_only,70,worth_checking,,youtube,https://www.youtube.com/@LAKmousseBeautyBar,LAKmousseBeautyBar,7380,nano,original_profile_opened,https://www.youtube.com/@LAKmousseBeautyBar,https://www.youtube.com/results?search_query=Batumi+beauty+vlog&hl=ru,https://www.youtube.com/watch?v=uklxdUH9nnU
f1de7e3e9674390553a1,LARA,Батуми,author_or_channel,Larriko,manual_only,65,worth_checking,,youtube,https://www.youtube.com/@Larriko,Larriko,11100,micro,original_profile_opened,https://www.youtube.com/@Larriko,https://www.youtube.com/results?search_query=Batumi+family+vlog&hl=ru,https://www.youtube.com/watch?v=h7idCRKqujo
665f8344cfa08801b2ea,Larry Strawson,Батуми,author_or_channel,LarryStrawson,manual_only,70,worth_checking,,youtube,https://www.youtube.com/@LarryStrawson,LarryStrawson,217,nano,original_profile_opened,https://www.youtube.com/@LarryStrawson,https://www.youtube.com/results?search_query=Batumi+expat+vlog&hl=ru,https://www.youtube.com/watch?v=0p-8cfCBuYY
4fa5c23051e8b06564af,Lifestyle With Hadassah,Батуми,author_or_channel,LifestyleWithHadassah,manual_only,70,worth_checking,,youtube,https://www.youtube.com/@LifestyleWithHadassah,LifestyleWithHadassah,2190,nano,original_profile_opened,https://www.youtube.com/@LifestyleWithHadassah,https://www.youtube.com/results?search_query=Batumi+lifestyle+blogger&hl=ru,https://www.youtube.com/watch?v=QFHZlnYo4tE
bc9a17126e5c8ead585f,Liuda Kr,Батуми,author_or_channel,liudakrvideo,manual_only,70,worth_checking,,youtube,https://www.youtube.com/@liudakrvideo,liudakrvideo,4130,nano,original_profile_opened,https://www.youtube.com/@liudakrvideo,https://www.youtube.com/results?search_query=Batumi+places+review&hl=ru,https://www.youtube.com/watch?v=sQKZLvrWaZ4
517306e9329a5551da63,Luke around,Батуми,author_or_channel,lukearound,manual_only,70,worth_checking,,youtube,https://www.youtube.com/@lukearound,lukearound,1940,nano,original_profile_opened,https://www.youtube.com/@lukearound,https://www.youtube.com/results?search_query=Batumi+local+guide&hl=ru,https://www.youtube.com/watch?v=HxY5H9kls9c
67a7a0a205aa96b6a892,Madloba 一 помощь и советы туристам в Грузии,Батуми,author_or_channel,madloba,manual_only,70,worth_checking,,youtube,https://www.youtube.com/@madloba,madloba,8200,nano,original_profile_opened,https://www.youtube.com/@madloba,https://www.youtube.com/results?search_query=%D0%91%D0%B0%D1%82%D1%83%D0%BC%D0%B8+%D0%B4%D0%B5%D1%82%D1%81%D0%BA%D0%B8%D0%B5+%D0%BC%D0%B5%D1%81%D1%82%D0%B0&hl=ru,https://www.youtube.com/watch?v=8mHUmW9HU44
4849eb19477338ec224c,Mariia.with2i,Батуми,author_or_channel,mariia.with2i,manual_only,70,worth_checking,riderra,youtube,https://www.youtube.com/@mariia.with2i,mariia.with2i,1050,nano,original_profile_opened,https://www.youtube.com/@mariia.with2i,https://www.youtube.com/results?search_query=Batumi+restaurants+vlog&hl=ru,https://www.youtube.com/watch?v=QzUdk1hP3R0
4e1a9dacdc4a809a7dc6,Mark Larishin,Батуми,author_or_channel,mark.larishin,manual_only,70,worth_checking,,youtube,https://www.youtube.com/@mark.larishin,mark.larishin,961,nano,original_profile_opened,https://www.youtube.com/@mark.larishin,https://www.youtube.com/results?search_query=Batumi+expat+vlog&hl=ru,https://www.youtube.com/watch?v=v1t2oAtKTIw
a52d43c6fdfb5edbbdcd,MASHKEVICH LIFE,Батуми,author_or_channel,mashkevichlife,manual_only,65,worth_checking,,youtube,https://www.youtube.com/@mashkevichlife,mashkevichlife,18700,micro,original_profile_opened,https://www.youtube.com/@mashkevichlife,https://www.youtube.com/results?search_query=%D0%91%D0%B0%D1%82%D1%83%D0%BC%D0%B8+%D1%80%D1%83%D1%81%D1%81%D0%BA%D0%B8%D0%B9+%D0%B1%D0%BB%D0%BE%D0%B3%D0%B5%D1%80&hl=ru,https://www.youtube.com/watch?v=iqz3xQ1rWPg
d08af5e2b0c8c2bde798,MilanaPotapenko,Батуми,author_or_channel,milaaamusic,manual_only,70,worth_checking,riderra,youtube,https://www.youtube.com/@milaaamusic,milaaamusic,2630,nano,original_profile_opened,https://www.youtube.com/@milaaamusic,https://www.youtube.com/results?search_query=Batumi+restaurants+vlog&hl=ru,https://www.youtube.com/watch?v=e7cYssEMS_o
1977c1c6e421e61ed2e3,Miron Megalodon,Батуми,author,miron.megalodon,manual_only,71,worth_checking,,instagram,https://www.instagram.com/miron.megalodon,miron.megalodon,46000,micro,original_profile_opened,https://www.instagram.com/miron.megalodon,https://collabstr.com/top-influencers/instagram/in/georgia/batumi,
7f023f51a4f34898fd7d,MomDot,Батуми,author_or_channel,MomDot18,manual_only,70,worth_checking,riderra,youtube,https://www.youtube.com/@MomDot18,MomDot18,323,nano,original_profile_opened,https://www.youtube.com/@MomDot18,https://www.youtube.com/results?search_query=Batumi+expat+vlog&hl=ru,https://www.youtube.com/watch?v=vGp1UD_IAZo
0d880db4bcc7a676bf91,MORGANA NEWS | НОВИНИ | ЦІКАВИНКИ,Батуми,author,morgana_news,manual_only,72,worth_checking,,instagram,https://www.instagram.com/morgana_news,morgana_news,22000,micro,original_profile_opened,https://www.instagram.com/morgana_news,https://collabstr.com/top-influencers/instagram/in/georgia/batumi,
0d880db4bcc7a676bf91,MORGANA NEWS | НОВИНИ | ЦІКАВИНКИ,Батуми,author,morgana_news,manual_only,72,worth_checking,,threads,https://www.threads.com/@morgana_news,morgana_news,157,micro,public_index_verified,https://threadlook.com/profile/morgana_news,https://collabstr.com/top-influencers/instagram/in/georgia/batumi,
8b5b6a21d980944f9e4a,Nastya Fit,Батуми,author_or_channel,nastyafitt,manual_only,65,worth_checking,,youtube,https://www.youtube.com/@nastyafitt,nastyafitt,12900,micro,original_profile_opened,https://www.youtube.com/@nastyafitt,https://www.youtube.com/results?search_query=Batumi+cafe+review&hl=ru,https://www.youtube.com/watch?v=lsP-m0xqQOg
acc23492fa8056176c19,NICOLAVNA,Батуми,author_or_channel,nnnicolavna,manual_only,70,worth_checking,,youtube,https://www.youtube.com/@nnnicolavna,nnnicolavna,362,nano,original_profile_opened,https://www.youtube.com/@nnnicolavna,https://www.youtube.com/results?search_query=Batumi+beauty+vlog&hl=ru,https://www.youtube.com/watch?v=n0Ua4e6gKgg
45833373853127475afa,Niki's Vlog Diaries🌸,Батуми,author_or_channel,NikiVlogDiaries,manual_only,70,worth_checking,riderra,youtube,https://www.youtube.com/@NikiVlogDiaries,NikiVlogDiaries,76,nano,original_profile_opened,https://www.youtube.com/@NikiVlogDiaries,https://www.youtube.com/results?search_query=Batumi+lifestyle+blogger&hl=ru,https://www.youtube.com/watch?v=MawL2lOCyMU
bc57978a49daf1715d9e,Nina Dar,Батуми,author_or_channel,ninadar_dress,manual_only,70,worth_checking,riderra,youtube,https://www.youtube.com/@ninadar_dress,ninadar_dress,1550,nano,original_profile_opened,https://www.youtube.com/@ninadar_dress,https://www.youtube.com/results?search_query=%D0%91%D0%B0%D1%82%D1%83%D0%BC%D0%B8+%D0%B1%D0%BB%D0%BE%D0%B3&hl=ru,https://www.youtube.com/watch?v=KJNlF7eyWP4
4e1ce4d7ccb8f71f0fb6,Nomadic Vistas,Батуми,author_or_channel,nomadic_vistas,manual_only,70,worth_checking,intellectum,youtube,https://www.youtube.com/@nomadic_vistas,nomadic_vistas,343,nano,original_profile_opened,https://www.youtube.com/@nomadic_vistas,https://www.youtube.com/results?search_query=Batumi+kids+activities&hl=ru,https://www.youtube.com/watch?v=pEfrldQPYnc
a6ebe1ffb0866f71e962,Novique,Батуми,author_or_channel,noviqueeen,manual_only,70,worth_checking,intellectum,youtube,https://www.youtube.com/@noviqueeen,noviqueeen,995,nano,original_profile_opened,https://www.youtube.com/@noviqueeen,https://www.youtube.com/results?search_query=Batumi+school+review&hl=ru,https://www.youtube.com/watch?v=xyc7BmdAoPg
92837a8c38119cde3cb9,Olga  • UGC,Батуми,author,olga.rouge,advertising_contact,89,worth_checking,,instagram,https://www.instagram.com/olga.rouge,olga.rouge,914,nano,original_profile_opened,https://www.instagram.com/olga.rouge,https://collabstr.com/top-influencers/instagram/in/georgia/batumi,
92837a8c38119cde3cb9,Olga  • UGC,Батуми,author,olga.rouge,advertising_contact,89,worth_checking,,threads,https://www.threads.com/@olga.rouge,olga.rouge,10,nano,public_index_verified,https://threadlook.com/profile/olga.rouge,https://collabstr.com/top-influencers/instagram/in/georgia/batumi,
42b58bfcfd76404b5d2b,Olga Delmar,Батуми,author_or_channel,OlgaTravel1001,manual_only,70,worth_checking,,youtube,https://www.youtube.com/@OlgaTravel1001,OlgaTravel1001,303,nano,original_profile_opened,https://www.youtube.com/@OlgaTravel1001,https://www.youtube.com/results?search_query=%D0%BB%D0%BE%D0%BA%D0%B0%D0%BB%D1%8C%D0%BD%D1%8B%D0%B9+%D0%B1%D0%BB%D0%BE%D0%B3%D0%B5%D1%80+%D0%91%D0%B0%D1%82%D1%83%D0%BC%D0%B8&hl=ru,https://www.youtube.com/watch?v=haof3O3b3nc
9322013f504bb829a726,OLiK-Sun USA,Батуми,author_or_channel,OLIKsun,manual_only,70,worth_checking,intellectum,youtube,https://www.youtube.com/@OLIKsun,OLIKsun,3310,nano,original_profile_opened,https://www.youtube.com/@OLIKsun,https://www.youtube.com/results?search_query=Batumi+school+review&hl=ru,https://www.youtube.com/watch?v=7gur_R96JdY
22b4dbc2e31bc90a2e15,One minute ago,Батуми,author_or_channel,oneminuteagolive,manual_only,70,worth_checking,intellectum,youtube,https://www.youtube.com/@oneminuteagolive,oneminuteagolive,1220,nano,original_profile_opened,https://www.youtube.com/@oneminuteagolive,https://www.youtube.com/results?search_query=%D0%91%D0%B0%D1%82%D1%83%D0%BC%D0%B8+%D1%81+%D0%B4%D0%B5%D1%82%D1%8C%D0%BC%D0%B8&hl=ru,https://www.youtube.com/watch?v=AVvHQd920Ak
dcf9ca6eedec2ab07636,realtor_on_line,Батуми,author_or_channel,realtor_on_line,manual_only,70,worth_checking,,youtube,https://www.youtube.com/@realtor_on_line,realtor_on_line,686,nano,original_profile_opened,https://www.youtube.com/@realtor_on_line,https://www.youtube.com/results?search_query=%D0%91%D0%B0%D1%82%D1%83%D0%BC%D0%B8+%D0%BA%D1%83%D0%B4%D0%B0+%D1%81%D1%85%D0%BE%D0%B4%D0%B8%D1%82%D1%8C&hl=ru,https://www.youtube.com/watch?v=USkH_ei7m1o
797bd8db84aed1e855fc,Richard&Len,Батуми,author_or_channel,RichardandLen,manual_only,70,worth_checking,riderra,youtube,https://www.youtube.com/@RichardandLen,RichardandLen,91,nano,original_profile_opened,https://www.youtube.com/@RichardandLen,https://www.youtube.com/results?search_query=Batumi+lifestyle+blogger&hl=ru,https://www.youtube.com/watch?v=kvmuoPl9q0g
6c33c8ce0dc8a665ce3f,"Right, Let's Go!",Батуми,author_or_channel,RightLetsGo,manual_only,70,worth_checking,,youtube,https://www.youtube.com/@RightLetsGo,RightLetsGo,546,nano,original_profile_opened,https://www.youtube.com/@RightLetsGo,https://www.youtube.com/results?search_query=Batumi+lifestyle+blogger&hl=ru,https://www.youtube.com/watch?v=9bLqYwTxInE
d6be32a77837c098eb68,Russian with Rimma,Батуми,author_or_channel,RussianwithRimma,manual_only,70,worth_checking,riderra,youtube,https://www.youtube.com/@RussianwithRimma,RussianwithRimma,5810,nano,original_profile_opened,https://www.youtube.com/@RussianwithRimma,https://www.youtube.com/results?search_query=Batumi+Russian+expat&hl=ru,https://www.youtube.com/watch?v=X2hSRm5zQgQ
5500590f501b8c46c0d7,Sergey Hryb,Батуми,author_or_channel,SergeyHryb,manual_only,70,worth_checking,intellectum,youtube,https://www.youtube.com/@SergeyHryb,SergeyHryb,261,nano,original_profile_opened,https://www.youtube.com/@SergeyHryb,https://www.youtube.com/results?search_query=%D0%91%D0%B0%D1%82%D1%83%D0%BC%D0%B8+%D1%81+%D0%B4%D0%B5%D1%82%D1%8C%D0%BC%D0%B8&hl=ru,https://www.youtube.com/watch?v=t6_9kIIk7HY
ab0f29f69fbfbc395167,Shanshank Sharma,Батуми,author_or_channel,ShanshankSharma,manual_only,70,worth_checking,riderra,youtube,https://www.youtube.com/@ShanshankSharma,ShanshankSharma,1640,nano,original_profile_opened,https://www.youtube.com/@ShanshankSharma,https://www.youtube.com/results?search_query=Batumi+restaurants+vlog&hl=ru,https://www.youtube.com/watch?v=FN7d8aO--Hw
c8bbbe5b532a5ca90c2a,shiiryaevkaa,Батуми,author_or_channel,shiiryaevkaa,manual_only,70,worth_checking,riderra,youtube,https://www.youtube.com/@shiiryaevkaa,shiiryaevkaa,576,nano,original_profile_opened,https://www.youtube.com/@shiiryaevkaa,https://www.youtube.com/results?search_query=%D0%91%D0%B0%D1%82%D1%83%D0%BC%D0%B8+%D0%B1%D0%BB%D0%BE%D0%B3&hl=ru,https://www.youtube.com/watch?v=HQ4EfRR_Tok
99b558fa7e4b300f471e,Study Space,Батуми,author_or_channel,studyspace9837,manual_only,65,worth_checking,intellectum,youtube,https://www.youtube.com/@studyspace9837,studyspace9837,10800,micro,original_profile_opened,https://www.youtube.com/@studyspace9837,https://www.youtube.com/results?search_query=Batumi+school+review&hl=ru,https://www.youtube.com/watch?v=EAfgAx0yGpI
3db40cf099307ad51d40,Sumarokova Maria,Батуми,author_or_channel,evaleenage,manual_only,70,worth_checking,riderra,youtube,https://www.youtube.com/@evaleenage,evaleenage,1690,nano,original_profile_opened,https://www.youtube.com/@evaleenage,https://www.youtube.com/results?search_query=Batumi+events+vlog&hl=ru,https://www.youtube.com/watch?v=jYRrL1L2Ni8
9971f11631df42634823,Svetlana Ata,Батуми,author_or_channel,SvetlanaAta82,manual_only,65,worth_checking,,youtube,https://www.youtube.com/@SvetlanaAta82,SvetlanaAta82,15800,micro,original_profile_opened,https://www.youtube.com/@SvetlanaAta82,https://www.youtube.com/results?search_query=%D0%91%D0%B0%D1%82%D1%83%D0%BC%D0%B8+%D1%80%D1%83%D1%81%D1%81%D0%BA%D0%B8%D0%B9+%D0%B1%D0%BB%D0%BE%D0%B3%D0%B5%D1%80&hl=ru,https://www.youtube.com/watch?v=6CzFDfx00d0
f4952ff3bf2d3f613574,Tbilisi Local Guide - Travel Tips from Teona,Батуми,author_or_channel,tbilisilocalguide-Teona,manual_only,70,worth_checking,riderra,youtube,https://www.youtube.com/@tbilisilocalguide-Teona,tbilisilocalguide-Teona,8180,nano,original_profile_opened,https://www.youtube.com/@tbilisilocalguide-Teona,https://www.youtube.com/results?search_query=Batumi+local+guide&hl=ru,https://www.youtube.com/watch?v=MNIq4AeHjCg
3ab698a8b031044e114a,Temlad,Батуми,author_or_channel,temlad,manual_only,70,worth_checking,"intellectum, riderra",youtube,https://www.youtube.com/@temlad,temlad,2530,nano,original_profile_opened,https://www.youtube.com/@temlad,https://www.youtube.com/results?search_query=Batumi+family+vlog&hl=ru,https://www.youtube.com/watch?v=qTSZhUUaYzU
9a348e13e9aea11841b4,Teona Aptsiauri,Батуми,author_or_channel,Teona_Aptsiauri,manual_only,70,worth_checking,,youtube,https://www.youtube.com/@Teona_Aptsiauri,Teona_Aptsiauri,10,nano,original_profile_opened,https://www.youtube.com/@Teona_Aptsiauri,https://www.youtube.com/results?search_query=Batumi+events+vlog&hl=ru,https://www.youtube.com/watch?v=xiEH69qG3rk
dd91eba0c03a7eefc440,Thasbana's Diary,Батуми,author_or_channel,ThasbanasDiary,manual_only,70,worth_checking,riderra,youtube,https://www.youtube.com/@ThasbanasDiary,ThasbanasDiary,2030,nano,original_profile_opened,https://www.youtube.com/@ThasbanasDiary,https://www.youtube.com/results?search_query=Batumi+events+vlog&hl=ru,https://www.youtube.com/watch?v=gdhOXuE26-c
dcba3f023947ccf4b11f,The Lens Cap Chronicles,Батуми,author_or_channel,TheLensCapChronicles,manual_only,65,worth_checking,,youtube,https://www.youtube.com/@TheLensCapChronicles,TheLensCapChronicles,12200,micro,original_profile_opened,https://www.youtube.com/@TheLensCapChronicles,https://www.youtube.com/results?search_query=Batumi+restaurants+vlog&hl=ru,https://www.youtube.com/watch?v=Z5ZWTvjJpbQ
49d412955dc7f86da792,The MMM Family,Батуми,author_or_channel,themmmfamily435,manual_only,70,worth_checking,intellectum,youtube,https://www.youtube.com/@themmmfamily435,themmmfamily435,4470,nano,original_profile_opened,https://www.youtube.com/@themmmfamily435,https://www.youtube.com/results?search_query=Batumi+family+vlog&hl=ru,https://www.youtube.com/watch?v=Gd71hN21qpY
df5d92dfc33e8d0ac620,The Travel Boss,Батуми,author_or_channel,thetravelbosss,manual_only,65,worth_checking,riderra,youtube,https://www.youtube.com/@thetravelbosss,thetravelbosss,21500,micro,original_profile_opened,https://www.youtube.com/@thetravelbosss,https://www.youtube.com/results?search_query=Batumi+places+review&hl=ru,https://www.youtube.com/watch?v=kdZt88rcp0U
5f0997a038bc3e699c40,Tobi Wolff,Батуми,author_or_channel,tobi-wolff,manual_only,70,worth_checking,,youtube,https://www.youtube.com/@tobi-wolff,tobi-wolff,2930,nano,original_profile_opened,https://www.youtube.com/@tobi-wolff,https://www.youtube.com/results?search_query=Batumi+expat+vlog&hl=ru,https://www.youtube.com/watch?v=WGSKe2_7nYA
bb924f9fcbe501c58eb8,Travel Appreciated,Батуми,author_or_channel,TravelAppreciated,manual_only,65,worth_checking,riderra,youtube,https://www.youtube.com/@TravelAppreciated,TravelAppreciated,20200,micro,original_profile_opened,https://www.youtube.com/@TravelAppreciated,https://www.youtube.com/results?search_query=Batumi+kids+activities&hl=ru,https://www.youtube.com/watch?v=gXJ1mQ7vAgM
77c2df6a3117a84c5d47,Travel With Sanaz,Батуми,author_or_channel,TravelwithSanaz,manual_only,65,worth_checking,riderra,youtube,https://www.youtube.com/@TravelwithSanaz,TravelwithSanaz,31400,micro,original_profile_opened,https://www.youtube.com/@TravelwithSanaz,https://www.youtube.com/results?search_query=Batumi+restaurants+vlog&hl=ru,https://www.youtube.com/watch?v=EXkIHIW7EZo
57b2ed69269cd5115b88,TTC Film Production,Батуми,author_or_channel,ttcfilmproduction,manual_only,70,worth_checking,,youtube,https://www.youtube.com/@ttcfilmproduction,ttcfilmproduction,2540,nano,original_profile_opened,https://www.youtube.com/@ttcfilmproduction,https://www.youtube.com/results?search_query=Batumi+local+guide&hl=ru,https://www.youtube.com/watch?v=7PFQvqRC0r0
98ad95aa5d9ce112b8d3,USA travel,Батуми,author_or_channel,jcws2222,manual_only,70,worth_checking,riderra,youtube,https://www.youtube.com/@jcws2222,jcws2222,448,nano,original_profile_opened,https://www.youtube.com/@jcws2222,https://www.youtube.com/results?search_query=Batumi+travel+shorts&hl=ru,https://www.youtube.com/watch?v=HrNyl0CWmu8
d8d3ff77f83ad4a425a8,Voyagery - Андрей и Юля,Батуми,author_or_channel,voyagery_travel,manual_only,65,worth_checking,,youtube,https://www.youtube.com/@voyagery_travel,voyagery_travel,27900,micro,original_profile_opened,https://www.youtube.com/@voyagery_travel,https://www.youtube.com/results?search_query=%D0%91%D0%B0%D1%82%D1%83%D0%BC%D0%B8+%D0%B1%D0%BB%D0%BE%D0%B3&hl=ru,https://www.youtube.com/watch?v=3slXBuXfRYY
daeeb11c58df593f421f,Way2Ge,Батуми,author_or_channel,Alexander_Short,manual_only,70,worth_checking,,youtube,https://www.youtube.com/@Alexander_Short,Alexander_Short,1310,nano,original_profile_opened,https://www.youtube.com/@Alexander_Short,https://www.youtube.com/results?search_query=Batumi+local+guide&hl=ru,https://www.youtube.com/watch?v=8HTPywqGc2U
fc15a19f288db52d8ca6,WEB OK,Батуми,author_or_channel,WEB_OK,manual_only,65,worth_checking,,youtube,https://www.youtube.com/@WEB_OK,WEB_OK,21800,micro,original_profile_opened,https://www.youtube.com/@WEB_OK,https://www.youtube.com/results?search_query=%D0%91%D0%B0%D1%82%D1%83%D0%BC%D0%B8+%D1%81+%D0%B4%D0%B5%D1%82%D1%8C%D0%BC%D0%B8&hl=ru,https://www.youtube.com/watch?v=1cnZY1OnnXI
1912772c4c8077444eff,Yukti Belwal,Батуми,author_or_channel,YuktiBelwal,manual_only,65,worth_checking,,youtube,https://www.youtube.com/@YuktiBelwal,YuktiBelwal,63700,micro,original_profile_opened,https://www.youtube.com/@YuktiBelwal,https://www.youtube.com/results?search_query=Batumi+school+review&hl=ru,https://www.youtube.com/watch?v=qxw8V9Damz8
40c4731d061871eec86d,ZZTravelz,Батуми,author_or_channel,ZZTravelz,manual_only,70,worth_checking,riderra,youtube,https://www.youtube.com/@ZZTravelz,ZZTravelz,179,nano,original_profile_opened,https://www.youtube.com/@ZZTravelz,https://www.youtube.com/results?search_query=Batumi+restaurants+vlog&hl=ru,https://www.youtube.com/watch?v=sgFRaoPiLaI
517a7da4689ae8a7ddf8,Абибос тревел,Батуми,author_or_channel,abibos.travel,manual_only,70,worth_checking,,youtube,https://www.youtube.com/@abibos.travel,abibos.travel,355,nano,original_profile_opened,https://www.youtube.com/@abibos.travel,https://www.youtube.com/results?search_query=%D0%91%D0%B0%D1%82%D1%83%D0%BC%D0%B8+%D0%BF%D1%80%D0%BE%D0%B3%D1%83%D0%BB%D0%BA%D0%B0+vlog&hl=ru,https://www.youtube.com/watch?v=lgGhoPJc-Z8
db738e4fac45e8851d6b,Александр Пеккер | Новостройки Батуми,Батуми,author_or_channel,AlexPekk,manual_only,70,worth_checking,,youtube,https://www.youtube.com/@AlexPekk,AlexPekk,2090,nano,original_profile_opened,https://www.youtube.com/@AlexPekk,https://www.youtube.com/results?search_query=%D0%91%D0%B0%D1%82%D1%83%D0%BC%D0%B8+%D0%B6%D0%B8%D0%B7%D0%BD%D1%8C+%D0%B1%D0%BB%D0%BE%D0%B3&hl=ru,https://www.youtube.com/watch?v=02EaMc2iEQc
fa1f4fd1fc27aff25869,Алексей Ханевич | Батуми без границ,Батуми,author_or_channel,khanevichestate,manual_only,70,worth_checking,,youtube,https://www.youtube.com/@khanevichestate,khanevichestate,2400,nano,original_profile_opened,https://www.youtube.com/@khanevichestate,https://www.youtube.com/results?search_query=%D0%91%D0%B0%D1%82%D1%83%D0%BC%D0%B8+%D0%B1%D0%BB%D0%BE%D0%B3&hl=ru,https://www.youtube.com/watch?v=4fIhaQ5DyXU
009e87fadb9ba8408ffa,Алина и Серго,Батуми,author_or_channel,sergosvami,manual_only,65,worth_checking,,youtube,https://www.youtube.com/@sergosvami,sergosvami,28400,micro,original_profile_opened,https://www.youtube.com/@sergosvami,https://www.youtube.com/results?search_query=%D0%91%D0%B0%D1%82%D1%83%D0%BC%D0%B8+%D0%B1%D0%BB%D0%BE%D0%B3&hl=ru,https://www.youtube.com/watch?v=muwOzhDNC80
690639cc863b2a972767,В добрый путь!,Батуми,author_or_channel,VDobryiPut,manual_only,70,worth_checking,intellectum,youtube,https://www.youtube.com/@VDobryiPut,VDobryiPut,1150,nano,original_profile_opened,https://www.youtube.com/@VDobryiPut,https://www.youtube.com/results?search_query=%D0%91%D0%B0%D1%82%D1%83%D0%BC%D0%B8+%D0%B4%D0%B5%D1%82%D1%81%D0%BA%D0%B8%D0%B5+%D0%BC%D0%B5%D1%81%D1%82%D0%B0&hl=ru,https://www.youtube.com/watch?v=PB8yujc7AFE
c53eddc826a7c6c4db02,Василина в Батуми,Батуми,author_or_channel,vasilina_blinova,manual_only,55,needs_manual_review,intellectum,youtube,https://www.youtube.com/@vasilina_blinova,vasilina_blinova,155000,mid,original_profile_opened,https://www.youtube.com/@vasilina_blinova,https://www.youtube.com/results?search_query=Batumi+school+review&hl=ru,https://www.youtube.com/watch?v=_6ifRYCLnmo
f2adacd18cf197465cdf,ВОТ ТАК,Батуми,author_or_channel,vottakchannel,manual_only,65,worth_checking,,youtube,https://www.youtube.com/@vottakchannel,vottakchannel,96900,micro,original_profile_opened,https://www.youtube.com/@vottakchannel,https://www.youtube.com/results?search_query=%D0%91%D0%B0%D1%82%D1%83%D0%BC%D0%B8+%D1%80%D1%83%D1%81%D1%81%D0%BA%D0%B8%D0%B9+%D0%B1%D0%BB%D0%BE%D0%B3%D0%B5%D1%80&hl=ru,https://www.youtube.com/watch?v=HxIFvnWxlDQ
31163d5fa8b5f9f231e4,Вот это отдых | Путешествия своим ходом,Батуми,author_or_channel,votetootdyh,manual_only,70,worth_checking,riderra,youtube,https://www.youtube.com/@votetootdyh,votetootdyh,8990,nano,original_profile_opened,https://www.youtube.com/@votetootdyh,https://www.youtube.com/results?search_query=%D0%91%D0%B0%D1%82%D1%83%D0%BC%D0%B8+%D1%81+%D0%B4%D0%B5%D1%82%D1%8C%D0%BC%D0%B8&hl=ru,https://www.youtube.com/watch?v=blF51Ovgjo4
1f4b78330cff8e459f2f,Горячая кукуруза!,Батуми,author_or_channel,kukuruz,manual_only,55,needs_manual_review,,youtube,https://www.youtube.com/@kukuruz,kukuruz,177000,mid,original_profile_opened,https://www.youtube.com/@kukuruz,https://www.youtube.com/results?search_query=%D0%91%D0%B0%D1%82%D1%83%D0%BC%D0%B8+%D0%B1%D0%BB%D0%BE%D0%B3&hl=ru,https://www.youtube.com/watch?v=yG85K5KmwIM
a0b08ba6ec2695fe0a91,Гражданочка мИра | Самостоятельные путешествия,Батуми,author_or_channel,grazhdanochka_mira,manual_only,65,worth_checking,riderra,youtube,https://www.youtube.com/@grazhdanochka_mira,grazhdanochka_mira,18100,micro,original_profile_opened,https://www.youtube.com/@grazhdanochka_mira,https://www.youtube.com/results?search_query=%D0%91%D0%B0%D1%82%D1%83%D0%BC%D0%B8+%D0%B1%D0%BB%D0%BE%D0%B3&hl=ru,https://www.youtube.com/watch?v=SG-iNBrjbdY
9aca1981972c37de394e,Грузия с акцентом,Батуми,author_or_channel,gruziasaksentom,manual_only,55,needs_manual_review,,youtube,https://www.youtube.com/@gruziasaksentom,gruziasaksentom,113000,mid,original_profile_opened,https://www.youtube.com/@gruziasaksentom,https://www.youtube.com/results?search_query=Batumi+cafe+review&hl=ru,https://www.youtube.com/watch?v=ZkhPOc5Myqs
d38befcb63819c842555,Дамы не пасуют,Батуми,author_or_channel,Ladiesnotfold,manual_only,70,worth_checking,,youtube,https://www.youtube.com/@Ladiesnotfold,Ladiesnotfold,1680,nano,original_profile_opened,https://www.youtube.com/@Ladiesnotfold,https://www.youtube.com/results?search_query=Batumi+events+vlog&hl=ru,https://www.youtube.com/watch?v=5Iscm9z_6-4
573556b0aa1228a24c8f,Даниил Савельев,Батуми,author_or_channel,daniilsavelev,manual_only,55,needs_manual_review,,youtube,https://www.youtube.com/@daniilsavelev,daniilsavelev,167000,mid,original_profile_opened,https://www.youtube.com/@daniilsavelev,https://www.youtube.com/results?search_query=%D0%91%D0%B0%D1%82%D1%83%D0%BC%D0%B8+%D0%BA%D1%83%D0%B4%D0%B0+%D1%81%D1%85%D0%BE%D0%B4%D0%B8%D1%82%D1%8C&hl=ru,https://www.youtube.com/watch?v=h3OxwNsuZbY
6c45c1bc280adf2b1169,ДВИЖИМОСТЬ БАТУМИ,Батуми,author_or_channel,dvizhbatumi,manual_only,70,worth_checking,intellectum,youtube,https://www.youtube.com/@dvizhbatumi,dvizhbatumi,4770,nano,original_profile_opened,https://www.youtube.com/@dvizhbatumi,https://www.youtube.com/results?search_query=%D0%91%D0%B0%D1%82%D1%83%D0%BC%D0%B8+%D0%B4%D0%B5%D1%82%D1%81%D0%BA%D0%B8%D0%B5+%D0%BC%D0%B5%D1%81%D1%82%D0%B0&hl=ru,https://www.youtube.com/watch?v=UuejFKmc-FY
6bd20391bcec98ddf83b,Евгений Свистун,Батуми,author_or_channel,factorcorporate,manual_only,70,worth_checking,intellectum,youtube,https://www.youtube.com/@factorcorporate,factorcorporate,2,nano,original_profile_opened,https://www.youtube.com/@factorcorporate,https://www.youtube.com/results?search_query=Batumi+beauty+vlog&hl=ru,https://www.youtube.com/watch?v=PoxjGqxOAlc
8938629f1682f40bcd64,Жизнь во время путешествий,Батуми,author_or_channel,life_while_traveling,manual_only,70,worth_checking,riderra,youtube,https://www.youtube.com/@life_while_traveling,life_while_traveling,3740,nano,original_profile_opened,https://www.youtube.com/@life_while_traveling,https://www.youtube.com/results?search_query=%D0%91%D0%B0%D1%82%D1%83%D0%BC%D0%B8+%D0%B4%D0%B5%D1%82%D1%81%D0%BA%D0%B8%D0%B5+%D0%BC%D0%B5%D1%81%D1%82%D0%B0&hl=ru,https://www.youtube.com/watch?v=jxTspKoOSRk
a14b1f86c9273cc23bdf,Жизнь Туриста,"Батуми, Краснодар",author_or_channel,JiznTurista,manual_only,65,worth_checking,intellectum,youtube,https://www.youtube.com/@JiznTurista,JiznTurista,30800,micro,original_profile_opened,https://www.youtube.com/@JiznTurista,https://www.youtube.com/results?search_query=Batumi+family+vlog&hl=ru,https://www.youtube.com/watch?v=fGHQJrh6_ic
2746cf40a780e12a0535,Илья Банацкий,Батуми,author_or_channel,ILYABANATSKI,manual_only,65,worth_checking,,youtube,https://www.youtube.com/@ILYABANATSKI,ILYABANATSKI,57900,micro,original_profile_opened,https://www.youtube.com/@ILYABANATSKI,https://www.youtube.com/results?search_query=%D0%91%D0%B0%D1%82%D1%83%D0%BC%D0%B8+%D0%BF%D1%80%D0%BE%D0%B3%D1%83%D0%BB%D0%BA%D0%B0+vlog&hl=ru,https://www.youtube.com/watch?v=_OsLjVVzQiI
91a26c38a68ed25fa865,КВЕСТ ВОЯЖ ☼ TRAVEL TV,Батуми,author_or_channel,kvestvoyage,manual_only,65,worth_checking,"intellectum, riderra",youtube,https://www.youtube.com/@kvestvoyage,kvestvoyage,45700,micro,original_profile_opened,https://www.youtube.com/@kvestvoyage,https://www.youtube.com/results?search_query=%D0%91%D0%B0%D1%82%D1%83%D0%BC%D0%B8+%D1%81+%D0%B4%D0%B5%D1%82%D1%8C%D0%BC%D0%B8&hl=ru,https://www.youtube.com/watch?v=XakoLjJSVFU
14494a00f96d636def19,Короткие видео о Грузии,Батуми,author_or_channel,madlobageorgia,manual_only,70,worth_checking,intellectum,youtube,https://www.youtube.com/@madlobageorgia,madlobageorgia,642,nano,original_profile_opened,https://www.youtube.com/@madlobageorgia,https://www.youtube.com/results?search_query=Batumi+school+review&hl=ru,https://www.youtube.com/watch?v=iVGip-b7t_Q
401841f6b5ab2bd48e5a,КОСТИН ДВИЖ,Батуми,author_or_channel,Kostyn_dvizg,manual_only,65,worth_checking,riderra,youtube,https://www.youtube.com/@Kostyn_dvizg,Kostyn_dvizg,34400,micro,original_profile_opened,https://www.youtube.com/@Kostyn_dvizg,https://www.youtube.com/results?search_query=Batumi+shorts&hl=ru,https://www.youtube.com/watch?v=FOEoEqOQxHc
a5d9b5654880f901460f,Коти в Батуми,Батуми,author_or_channel,%D0%9A%D0%BE%D1%82%D0%B8%D0%B2%D0%91%D0%B0%D1%82%D1%83%D0%BC%D0%B8,manual_only,70,worth_checking,,youtube,https://www.youtube.com/@%D0%9A%D0%BE%D1%82%D0%B8%D0%B2%D0%91%D0%B0%D1%82%D1%83%D0%BC%D0%B8,%D0%9A%D0%BE%D1%82%D0%B8%D0%B2%D0%91%D0%B0%D1%82%D1%83%D0%BC%D0%B8,56,nano,original_profile_opened,https://www.youtube.com/@%D0%9A%D0%BE%D1%82%D0%B8%D0%B2%D0%91%D0%B0%D1%82%D1%83%D0%BC%D0%B8,https://www.youtube.com/results?search_query=%D0%91%D0%B0%D1%82%D1%83%D0%BC%D0%B8+%D0%BF%D1%80%D0%BE%D0%B3%D1%83%D0%BB%D0%BA%D0%B0+vlog&hl=ru,https://www.youtube.com/watch?v=Z_twojFg1aw
2dbadebb7d96d7f530c8,Крис и Рус,Батуми,author_or_channel,chrisandrus,manual_only,65,worth_checking,,youtube,https://www.youtube.com/@chrisandrus,chrisandrus,18900,micro,original_profile_opened,https://www.youtube.com/@chrisandrus,https://www.youtube.com/results?search_query=Batumi+Russian+expat&hl=ru,https://www.youtube.com/watch?v=8Ft40o3ssTA
022663accdb5cc7aed3c,Кристина | Про путешествия и места в Грузии,Батуми,author_or_channel,Kristia_sol,manual_only,70,worth_checking,riderra,youtube,https://www.youtube.com/@Kristia_sol,Kristia_sol,298,nano,original_profile_opened,https://www.youtube.com/@Kristia_sol,https://www.youtube.com/results?search_query=%D0%91%D0%B0%D1%82%D1%83%D0%BC%D0%B8+%D0%B4%D0%B5%D1%82%D1%81%D0%BA%D0%B8%D0%B5+%D0%BC%D0%B5%D1%81%D1%82%D0%B0&hl=ru,https://www.youtube.com/watch?v=h7tfp7PanWY
48cf191a438f27cd39e7,Кристина что-то,Батуми,author_or_channel,kpuctuc,manual_only,70,worth_checking,,youtube,https://www.youtube.com/@kpuctuc,kpuctuc,72,nano,original_profile_opened,https://www.youtube.com/@kpuctuc,https://www.youtube.com/results?search_query=Batumi+vlog&hl=ru,https://www.youtube.com/watch?v=NL_W8VB7wOE
214d6bfa1b7a358606d3,Ленольда,Батуми,author_or_channel,eight_wand,manual_only,70,worth_checking,riderra,youtube,https://www.youtube.com/@eight_wand,eight_wand,168,nano,original_profile_opened,https://www.youtube.com/@eight_wand,https://www.youtube.com/results?search_query=Batumi+events+vlog&hl=ru,https://www.youtube.com/watch?v=__SERdzI1Fs
be0efbd85049640a3290,Лили Левич | Lily Levich,Батуми,author_or_channel,Lily.Levich,manual_only,70,worth_checking,,youtube,https://www.youtube.com/@Lily.Levich,Lily.Levich,3640,nano,original_profile_opened,https://www.youtube.com/@Lily.Levich,https://www.youtube.com/results?search_query=Batumi+restaurants+vlog&hl=ru,https://www.youtube.com/watch?v=uO9ozseIj3s
be84833474c2b60f2440,Михаил Шмаков. Жизнь и недвижимость в Грузии.,Батуми,author_or_channel,sm_sale_batumi,manual_only,70,worth_checking,,youtube,https://www.youtube.com/@sm_sale_batumi,sm_sale_batumi,580,nano,original_profile_opened,https://www.youtube.com/@sm_sale_batumi,https://www.youtube.com/results?search_query=%D0%BB%D0%BE%D0%BA%D0%B0%D0%BB%D1%8C%D0%BD%D1%8B%D0%B9+%D0%B1%D0%BB%D0%BE%D0%B3%D0%B5%D1%80+%D0%91%D0%B0%D1%82%D1%83%D0%BC%D0%B8&hl=ru,https://www.youtube.com/watch?v=hKIrX0KOsik
a4a2fbe75caf4595b087,Навигатор Туриста,Батуми,author_or_channel,navigatorturista,manual_only,55,needs_manual_review,,youtube,https://www.youtube.com/@navigatorturista,navigatorturista,128000,mid,original_profile_opened,https://www.youtube.com/@navigatorturista,https://www.youtube.com/results?search_query=%D0%91%D0%B0%D1%82%D1%83%D0%BC%D0%B8+%D0%B1%D0%BB%D0%BE%D0%B3&hl=ru,https://www.youtube.com/watch?v=yIVwxrY4sG0
29a6f3fb8fc857b95f01,Надежда Домрачева,Батуми,author_or_channel,%D0%9D%D0%B0%D0%B4%D0%B5%D0%B6%D0%B4%D0%B0%D0%94%D0%BE%D0%BC%D1%80%D0%B0%D1%87%D0%B5%D0%B2%D0%B0,manual_only,65,worth_checking,,youtube,https://www.youtube.com/@%D0%9D%D0%B0%D0%B4%D0%B5%D0%B6%D0%B4%D0%B0%D0%94%D0%BE%D0%BC%D1%80%D0%B0%D1%87%D0%B5%D0%B2%D0%B0,%D0%9D%D0%B0%D0%B4%D0%B5%D0%B6%D0%B4%D0%B0%D0%94%D0%BE%D0%BC%D1%80%D0%B0%D1%87%D0%B5%D0%B2%D0%B0,22800,micro,original_profile_opened,https://www.youtube.com/@%D0%9D%D0%B0%D0%B4%D0%B5%D0%B6%D0%B4%D0%B0%D0%94%D0%BE%D0%BC%D1%80%D0%B0%D1%87%D0%B5%D0%B2%D0%B0,https://www.youtube.com/results?search_query=Batumi+cafe+review&hl=ru,https://www.youtube.com/watch?v=nK0YgsZhnEI
b6e721fe32bf8251a228,Натали Гац,Батуми,author_or_channel,nataliegats,manual_only,70,worth_checking,,youtube,https://www.youtube.com/@nataliegats,nataliegats,9880,nano,original_profile_opened,https://www.youtube.com/@nataliegats,https://www.youtube.com/results?search_query=Batumi+cafe+review&hl=ru,https://www.youtube.com/watch?v=Q2YgihFtsPU
4a62c0b63866373a7f0d,Нежный Travel,Батуми,author_or_channel,nejniy_travel,manual_only,55,needs_manual_review,riderra,youtube,https://www.youtube.com/@nejniy_travel,nejniy_travel,124000,mid,original_profile_opened,https://www.youtube.com/@nejniy_travel,https://www.youtube.com/results?search_query=%D0%91%D0%B0%D1%82%D1%83%D0%BC%D0%B8+%D0%B1%D0%BB%D0%BE%D0%B3&hl=ru,https://www.youtube.com/watch?v=AbnpBjh4_sc
838f96068c8e55ac88ca,Неместные - Константин и Аделина,Батуми,author_or_channel,Nemestnye_Vlog,manual_only,70,worth_checking,,youtube,https://www.youtube.com/@Nemestnye_Vlog,Nemestnye_Vlog,3820,nano,original_profile_opened,https://www.youtube.com/@Nemestnye_Vlog,https://www.youtube.com/results?search_query=Batumi+restaurants+vlog&hl=ru,https://www.youtube.com/watch?v=BfekQzFOwt0
97914402ae021ebeca1c,Николай Захаров,Батуми,author_or_channel,NickolayZakharov,manual_only,65,worth_checking,,youtube,https://www.youtube.com/@NickolayZakharov,NickolayZakharov,38900,micro,original_profile_opened,https://www.youtube.com/@NickolayZakharov,https://www.youtube.com/results?search_query=Batumi+restaurants+vlog&hl=ru,https://www.youtube.com/watch?v=gZ0wDhDadyg
2e40e5fbab0ae88e9adc,Новый день,Батуми,author_or_channel,%D0%9D%D0%BE%D0%B2%D1%8B%D0%B9%D0%B4%D0%B5%D0%BD%D1%8C-%D0%BD2%D1%85,manual_only,65,worth_checking,,youtube,https://www.youtube.com/@%D0%9D%D0%BE%D0%B2%D1%8B%D0%B9%D0%B4%D0%B5%D0%BD%D1%8C-%D0%BD2%D1%85,%D0%9D%D0%BE%D0%B2%D1%8B%D0%B9%D0%B4%D0%B5%D0%BD%D1%8C-%D0%BD2%D1%85,78300,micro,original_profile_opened,https://www.youtube.com/@%D0%9D%D0%BE%D0%B2%D1%8B%D0%B9%D0%B4%D0%B5%D0%BD%D1%8C-%D0%BD2%D1%85,https://www.youtube.com/results?search_query=Batumi+family+vlog&hl=ru,https://www.youtube.com/watch?v=VrVvKsTnuUU
9c916d6998bfc7f99a4c,Операция «Релокация» by Inktech,Батуми,author_or_channel,operationrelocation-inktech,manual_only,55,needs_manual_review,,youtube,https://www.youtube.com/@operationrelocation-inktech,operationrelocation-inktech,105000,mid,original_profile_opened,https://www.youtube.com/@operationrelocation-inktech,https://www.youtube.com/results?search_query=%D0%91%D0%B0%D1%82%D1%83%D0%BC%D0%B8+%D0%BA%D1%83%D0%B4%D0%B0+%D1%81%D1%85%D0%BE%D0%B4%D0%B8%D1%82%D1%8C&hl=ru,https://www.youtube.com/watch?v=Qy93FFoLAbU
5d491b49b8c51c96272d,ПОКЛОНСКИЙ,Батуми,author_or_channel,%D0%9F%D0%9E%D0%9A%D0%9B%D0%9E%D0%9D%D0%A1%D0%9A%D0%98%D0%99,manual_only,65,worth_checking,,youtube,https://www.youtube.com/@%D0%9F%D0%9E%D0%9A%D0%9B%D0%9E%D0%9D%D0%A1%D0%9A%D0%98%D0%99,%D0%9F%D0%9E%D0%9A%D0%9B%D0%9E%D0%9D%D0%A1%D0%9A%D0%98%D0%99,65800,micro,original_profile_opened,https://www.youtube.com/@%D0%9F%D0%9E%D0%9A%D0%9B%D0%9E%D0%9D%D0%A1%D0%9A%D0%98%D0%99,https://www.youtube.com/results?search_query=%D0%BB%D0%BE%D0%BA%D0%B0%D0%BB%D1%8C%D0%BD%D1%8B%D0%B9+%D0%B1%D0%BB%D0%BE%D0%B3%D0%B5%D1%80+%D0%91%D0%B0%D1%82%D1%83%D0%BC%D0%B8&hl=ru,https://www.youtube.com/watch?v=I_OAq8WJQIY
38808555420381acbd11,ПонаУехали,Батуми,author_or_channel,ponauehali,manual_only,70,worth_checking,intellectum,youtube,https://www.youtube.com/@ponauehali,ponauehali,51,nano,original_profile_opened,https://www.youtube.com/@ponauehali,https://www.youtube.com/results?search_query=%D0%91%D0%B0%D1%82%D1%83%D0%BC%D0%B8+%D1%81+%D0%B4%D0%B5%D1%82%D1%8C%D0%BC%D0%B8&hl=ru,https://www.youtube.com/watch?v=ZrN215KfXwg
5a0ac221a166cdd11c48,Препод От Бога,Батуми,author_or_channel,prepodotboga,manual_only,55,needs_manual_review,,youtube,https://www.youtube.com/@prepodotboga,prepodotboga,155000,mid,original_profile_opened,https://www.youtube.com/@prepodotboga,https://www.youtube.com/results?search_query=%D0%91%D0%B0%D1%82%D1%83%D0%BC%D0%B8+%D1%80%D1%83%D1%81%D1%81%D0%BA%D0%B8%D0%B9+%D0%B1%D0%BB%D0%BE%D0%B3%D0%B5%D1%80&hl=ru,https://www.youtube.com/watch?v=EAJjBsTj3Yc
6b02a7376d5bb1a73680,ПУТЕШЕСТВУЙ,Батуми,author_or_channel,puteshestwuy,manual_only,70,worth_checking,riderra,youtube,https://www.youtube.com/@puteshestwuy,puteshestwuy,5880,nano,original_profile_opened,https://www.youtube.com/@puteshestwuy,https://www.youtube.com/results?search_query=%D0%91%D0%B0%D1%82%D1%83%D0%BC%D0%B8+%D0%BA%D1%83%D0%B4%D0%B0+%D1%81%D1%85%D0%BE%D0%B4%D0%B8%D1%82%D1%8C&hl=ru,https://www.youtube.com/watch?v=fOiAtiImC8c
7787d863f41ddc3f9c01,Розочка с Одессы🌹Настя,Батуми,author,_rozochka.life_,manual_only,72,worth_checking,,instagram,https://www.instagram.com/_rozochka.life_,_rozochka.life_,47000,micro,original_profile_opened,https://www.instagram.com/_rozochka.life_,https://collabstr.com/top-influencers/instagram/in/georgia/batumi,
7787d863f41ddc3f9c01,Розочка с Одессы🌹Настя,Батуми,author,_rozochka.life_,manual_only,72,worth_checking,,threads,https://www.threads.com/@_rozochka.life_,_rozochka.life_,3300,micro,public_index_verified,https://threadlook.com/profile/_rozochka.life_,https://collabstr.com/top-influencers/instagram/in/georgia/batumi,
e35b18fac751bdfcd9c1,Трип Ревью,Батуми,author_or_channel,TripRev,manual_only,65,worth_checking,,youtube,https://www.youtube.com/@TripRev,TripRev,19200,micro,original_profile_opened,https://www.youtube.com/@TripRev,https://www.youtube.com/results?search_query=%D0%91%D0%B0%D1%82%D1%83%D0%BC%D0%B8+%D0%B1%D0%BB%D0%BE%D0%B3&hl=ru,https://www.youtube.com/watch?v=Ob7aJz0lxD0
42deed844034bdd43794,Шай Тревел | Путешествия Славы и Вики,Батуми,author_or_channel,ShaiTravel,manual_only,70,worth_checking,riderra,youtube,https://www.youtube.com/@ShaiTravel,ShaiTravel,242,nano,original_profile_opened,https://www.youtube.com/@ShaiTravel,https://www.youtube.com/results?search_query=%D0%91%D0%B0%D1%82%D1%83%D0%BC%D0%B8+%D0%BA%D1%83%D0%B4%D0%B0+%D1%81%D1%85%D0%BE%D0%B4%D0%B8%D1%82%D1%8C&hl=ru,https://www.youtube.com/watch?v=B7SQ66Ze6Nc
5b900e9b1f678ed501d6,"Шо вы, бродяги",Батуми,author_or_channel,vagabond_notes,manual_only,70,worth_checking,,youtube,https://www.youtube.com/@vagabond_notes,vagabond_notes,659,nano,original_profile_opened,https://www.youtube.com/@vagabond_notes,https://www.youtube.com/results?search_query=Batumi+Russian+expat&hl=ru,https://www.youtube.com/watch?v=8fefhRRcA74
b8f3aead92ea3dde5cff,Эльвира Цыренова,Батуми,author_or_channel,elvira_tsyrenova,manual_only,70,worth_checking,riderra,youtube,https://www.youtube.com/@elvira_tsyrenova,elvira_tsyrenova,406,nano,original_profile_opened,https://www.youtube.com/@elvira_tsyrenova,https://www.youtube.com/results?search_query=Batumi+vlog&hl=ru,https://www.youtube.com/watch?v=1NzCkr8QDKA
d5590ccc70b5d32620dd,������,Батуми,community,forum_georgia,manual_only,61,needs_manual_review,,vk,https://vk.com/forum_georgia,forum_georgia,,unknown,original_profile_opened,https://vk.com/forum_georgia,https://emigrants.online/,
185b99f828bf4ce340b1,24krasnodar,Краснодар,author_or_channel,24krasnodar,manual_only,70,worth_checking,,youtube,https://www.youtube.com/@24krasnodar,24krasnodar,3920,nano,original_profile_opened,https://www.youtube.com/@24krasnodar,https://www.youtube.com/results?search_query=%D0%9A%D1%80%D0%B0%D1%81%D0%BD%D0%BE%D0%B4%D0%B0%D1%80+%D0%B1%D1%8C%D1%8E%D1%82%D0%B8+%D0%B1%D0%BB%D0%BE%D0%B3%D0%B5%D1%80&hl=ru,https://www.youtube.com/watch?v=2OCUT5Fcx8g
e39018750202236188f4,9:41 Store | iPhone Уфа Казань,Краснодар,channel,store_941,manual_only,71,worth_checking,,telegram,https://t.me/store_941,store_941,19419,micro,original_profile_opened,https://t.me/store_941,https://telemetr.me/catalog/tag/krasnodar,
d139697c730c7a0e0ba1,:Pauly,Краснодар,author,kidultish,manual_only,74,worth_checking,,instagram,https://www.instagram.com/kidultish,kidultish,13000,micro,original_profile_opened,https://www.instagram.com/kidultish,https://www.modash.io/find-influencers/russia/krasnodar,
d139697c730c7a0e0ba1,:Pauly,Краснодар,author,kidultish,manual_only,74,worth_checking,,threads,https://www.threads.com/@kidultish,kidultish,160,micro,public_index_verified,https://threadlook.com/profile/kidultish,https://www.modash.io/find-influencers/russia/krasnodar,
d139697c730c7a0e0ba1,:Pauly,Краснодар,author,kidultish,manual_only,74,worth_checking,,tiktok,https://www.tiktok.com/@kidultish,kidultish,,micro,original_profile_opened,https://www.tiktok.com/@kidultish,https://www.modash.io/find-influencers/russia/krasnodar,
7cb76828d41a5abecbb0,Adelina S.,Краснодар,author,miss.palazyan,manual_only,74,worth_checking,,instagram,https://www.instagram.com/miss.palazyan,miss.palazyan,22000,micro,original_profile_opened,https://www.instagram.com/miss.palazyan,https://www.modash.io/find-influencers/russia/krasnodar,
7cb76828d41a5abecbb0,Adelina S.,Краснодар,author,miss.palazyan,manual_only,74,worth_checking,,threads,https://www.threads.com/@miss.palazyan,miss.palazyan,1900,micro,public_index_verified,https://threadlook.com/profile/miss.palazyan,https://www.modash.io/find-influencers/russia/krasnodar,
7cb76828d41a5abecbb0,Adelina S.,Краснодар,author,miss.palazyan,manual_only,74,worth_checking,,tiktok,https://www.tiktok.com/@miss.palazyan,miss.palazyan,,micro,original_profile_opened,https://www.tiktok.com/@miss.palazyan,https://www.modash.io/find-influencers/russia/krasnodar,
9ab46781ba680429b43f,Aleksandr Skotnikov,Краснодар,author_or_channel,Aleksandr_Skotnikov,manual_only,70,worth_checking,,youtube,https://www.youtube.com/@Aleksandr_Skotnikov,Aleksandr_Skotnikov,68,nano,original_profile_opened,https://www.youtube.com/@Aleksandr_Skotnikov,https://www.youtube.com/results?search_query=%D0%9A%D1%80%D0%B0%D1%81%D0%BD%D0%BE%D0%B4%D0%B0%D1%80+%D0%BF%D1%80%D0%BE%D0%B3%D1%83%D0%BB%D0%BA%D0%B0+vlog&hl=ru,https://www.youtube.com/watch?v=waEFF36FawM
d0591f6e15ea18529d85,Alenik,Краснодар,author_or_channel,alenik-g-shorts,manual_only,55,needs_manual_review,,youtube,https://www.youtube.com/@alenik-g-shorts,alenik-g-shorts,109000,mid,original_profile_opened,https://www.youtube.com/@alenik-g-shorts,https://www.youtube.com/results?search_query=%D0%9A%D1%80%D0%B0%D1%81%D0%BD%D0%BE%D0%B4%D0%B0%D1%80+lifestyle+vlog&hl=ru,https://www.youtube.com/watch?v=AnPYRMskKY4
da3796de800a73b16620,Alex Kub,Краснодар,author_or_channel,alluresk,manual_only,70,worth_checking,,youtube,https://www.youtube.com/@alluresk,alluresk,4,nano,original_profile_opened,https://www.youtube.com/@alluresk,https://www.youtube.com/results?search_query=%D0%9A%D1%80%D0%B0%D1%81%D0%BD%D0%BE%D0%B4%D0%B0%D1%80+%D1%81%D0%B0%D0%BB%D0%BE%D0%BD%D1%8B+%D0%BA%D1%80%D0%B0%D1%81%D0%BE%D1%82%D1%8B+%D0%B1%D0%BB%D0%BE%D0%B3&hl=ru,https://www.youtube.com/watch?v=8JfXtY_1tG8
ec2c9ce6d2a5be22dec6,Amirana 🫦,Краснодар,author_or_channel,SayAmVibe,manual_only,70,worth_checking,,youtube,https://www.youtube.com/@SayAmVibe,SayAmVibe,178,nano,original_profile_opened,https://www.youtube.com/@SayAmVibe,https://www.youtube.com/results?search_query=%D0%9A%D1%80%D0%B0%D1%81%D0%BD%D0%BE%D0%B4%D0%B0%D1%80+lifestyle+vlog&hl=ru,https://www.youtube.com/watch?v=Ui8dqUUhw10
965030782f7cff2dc536,Anastasiia Makarenko,Краснодар,author,makarenko__anastasiia,manual_only,71,worth_checking,,instagram,https://www.instagram.com/makarenko__anastasiia,makarenko__anastasiia,21000,micro,original_profile_opened,https://www.instagram.com/makarenko__anastasiia,https://www.modash.io/find-influencers/russia/krasnodar,
4f1ab7f472252c94ea20,Anna Iwwashina,Краснодар,author_or_channel,AnnaChervy,manual_only,70,worth_checking,,youtube,https://www.youtube.com/@AnnaChervy,AnnaChervy,1000,nano,original_profile_opened,https://www.youtube.com/@AnnaChervy,https://www.youtube.com/results?search_query=%D0%9A%D1%80%D0%B0%D1%81%D0%BD%D0%BE%D0%B4%D0%B0%D1%80+%D0%B1%D0%BB%D0%BE%D0%B3&hl=ru,https://www.youtube.com/watch?v=NYuY8TTiqnk
1b75d738e61e3f9ddd13,anna yunkil,Краснодар,author_or_channel,_yunkil,manual_only,70,worth_checking,riderra,youtube,https://www.youtube.com/@_yunkil,_yunkil,7570,nano,original_profile_opened,https://www.youtube.com/@_yunkil,https://www.youtube.com/results?search_query=%D0%9A%D1%80%D0%B0%D1%81%D0%BD%D0%BE%D0%B4%D0%B0%D1%80+%D0%B1%D0%BB%D0%BE%D0%B3&hl=ru,https://www.youtube.com/watch?v=a4JzySWkFT4
2291f72f261055b5511c,Arina// Krisha-KRD,Краснодар,author_or_channel,arinakrisha-krd4550,manual_only,70,worth_checking,,youtube,https://www.youtube.com/@arinakrisha-krd4550,arinakrisha-krd4550,8820,nano,original_profile_opened,https://www.youtube.com/@arinakrisha-krd4550,https://www.youtube.com/results?search_query=%D0%BB%D0%BE%D0%BA%D0%B0%D0%BB%D1%8C%D0%BD%D1%8B%D0%B9+%D0%B1%D0%BB%D0%BE%D0%B3%D0%B5%D1%80+%D0%9A%D1%80%D0%B0%D1%81%D0%BD%D0%BE%D0%B4%D0%B0%D1%80&hl=ru,https://www.youtube.com/watch?v=xo6m8RgvKBU
7e54544fe399204a3440,BLOOMBRA,Краснодар,channel,bloombraru,manual_only,71,worth_checking,,telegram,https://t.me/bloombraru,bloombraru,19347,micro,original_profile_opened,https://t.me/bloombraru,https://telemetr.me/catalog/tag/krasnodar,
fd29bbf624bedf81ec03,CAMvsMAN - Ламповые Влоги,Краснодар,author_or_channel,CAMvsMAN,manual_only,55,needs_manual_review,riderra,youtube,https://www.youtube.com/@CAMvsMAN,CAMvsMAN,117000,mid,original_profile_opened,https://www.youtube.com/@CAMvsMAN,https://www.youtube.com/results?search_query=%D0%9A%D1%83%D0%B1%D0%B0%D0%BD%D1%8C+%D0%BF%D1%83%D1%82%D0%B5%D1%88%D0%B5%D1%81%D1%82%D0%B2%D0%B8%D1%8F+%D0%B1%D0%BB%D0%BE%D0%B3&hl=ru,https://www.youtube.com/watch?v=hycIGVMxjr8
4f16bc0bae76ed39f16f,City Path Explorers,Краснодар,author_or_channel,citypathexplorers,manual_only,65,worth_checking,,youtube,https://www.youtube.com/@citypathexplorers,citypathexplorers,10000,micro,original_profile_opened,https://www.youtube.com/@citypathexplorers,https://www.youtube.com/results?search_query=Krasnodar+local+vlog&hl=ru,https://www.youtube.com/watch?v=BwqjsKd6s1M
4aa013758e029fca2348,cotelettes,Краснодар,author_or_channel,cotelettes_polina,manual_only,70,worth_checking,,youtube,https://www.youtube.com/@cotelettes_polina,cotelettes_polina,41,nano,original_profile_opened,https://www.youtube.com/@cotelettes_polina,https://www.youtube.com/results?search_query=%D0%9A%D1%80%D0%B0%D1%81%D0%BD%D0%BE%D0%B4%D0%B0%D1%80+%D0%B1%D0%BB%D0%BE%D0%B3&hl=ru,https://www.youtube.com/watch?v=VbIozgh3leA
058a329c1f5dbcd91f61,Darisha,Краснодар,author_or_channel,Darishaa1,manual_only,70,worth_checking,,youtube,https://www.youtube.com/@Darishaa1,Darishaa1,91,nano,original_profile_opened,https://www.youtube.com/@Darishaa1,https://www.youtube.com/results?search_query=%D0%9A%D1%80%D0%B0%D1%81%D0%BD%D0%BE%D0%B4%D0%B0%D1%80+%D0%BF%D1%80%D0%BE%D0%B3%D1%83%D0%BB%D0%BA%D0%B0+vlog&hl=ru,https://www.youtube.com/watch?v=qUzvGf7hgNA
8cae1f804a6ea199d5c7,DimasLobanov,Краснодар,author_or_channel,DimasLobanov,manual_only,70,worth_checking,,youtube,https://www.youtube.com/@DimasLobanov,DimasLobanov,5490,nano,original_profile_opened,https://www.youtube.com/@DimasLobanov,https://www.youtube.com/results?search_query=%D0%9A%D1%80%D0%B0%D1%81%D0%BD%D0%BE%D0%B4%D0%B0%D1%80+%D0%B4%D0%B5%D1%82%D1%81%D0%BA%D0%B8%D0%B5+%D1%80%D0%B0%D0%B7%D0%B2%D0%BB%D0%B5%D1%87%D0%B5%D0%BD%D0%B8%D1%8F&hl=ru,https://www.youtube.com/watch?v=lDaVwXV1-nQ
e9f8371b4272ee39ea80,Djuliya,Краснодар,author_or_channel,djuliyam7508,manual_only,65,worth_checking,,youtube,https://www.youtube.com/@djuliyam7508,djuliyam7508,17500,micro,original_profile_opened,https://www.youtube.com/@djuliyam7508,https://www.youtube.com/results?search_query=%D0%9A%D1%80%D0%B0%D1%81%D0%BD%D0%BE%D0%B4%D0%B0%D1%80+%D0%B1%D0%BB%D0%BE%D0%B3&hl=ru,https://www.youtube.com/watch?v=aoe_W9MA36k
b435afb51b33a42f50a3,Dmitriy Kraynov,Краснодар,author_or_channel,thekraynov,manual_only,65,worth_checking,,youtube,https://www.youtube.com/@thekraynov,thekraynov,29200,micro,original_profile_opened,https://www.youtube.com/@thekraynov,https://www.youtube.com/results?search_query=%D0%9A%D1%80%D0%B0%D1%81%D0%BD%D0%BE%D0%B4%D0%B0%D1%80+%D0%BB%D0%BE%D0%BA%D0%B0%D0%BB%D1%8C%D0%BD%D1%8B%D0%B9+%D0%B3%D0%B8%D0%B4&hl=ru,https://www.youtube.com/watch?v=pb0Y1p0VYX8
051ba4be9141fece68d2,Eduard Spertsyan,Краснодар,author,edospertsyan.74,manual_only,64,needs_manual_review,,instagram,https://www.instagram.com/edospertsyan.74,edospertsyan.74,137000,mid,original_profile_opened,https://www.instagram.com/edospertsyan.74,https://www.modash.io/find-influencers/russia/krasnodar,
051ba4be9141fece68d2,Eduard Spertsyan,Краснодар,author,edospertsyan.74,manual_only,64,needs_manual_review,,threads,https://www.threads.com/@edospertsyan.74,edospertsyan.74,4600,mid,public_index_verified,https://threadlook.com/profile/edospertsyan.74,https://www.modash.io/find-influencers/russia/krasnodar,
051ba4be9141fece68d2,Eduard Spertsyan,Краснодар,author,edospertsyan.74,manual_only,64,needs_manual_review,,tiktok,https://www.tiktok.com/@edospertsyan.74,edospertsyan.74,,mid,original_profile_opened,https://www.tiktok.com/@edospertsyan.74,https://www.modash.io/find-influencers/russia/krasnodar,
c2f513f6e5b5bf40243e,Elena Kulagina,Краснодар,author_or_channel,Sexmoneycat,manual_only,70,worth_checking,riderra,youtube,https://www.youtube.com/@Sexmoneycat,Sexmoneycat,465,nano,original_profile_opened,https://www.youtube.com/@Sexmoneycat,https://www.youtube.com/results?search_query=Krasnodar+local+vlog&hl=ru,https://www.youtube.com/watch?v=TJb_fjgsEwk
51a0fde76fb28c6da892,ellina_aboutbeauty,Краснодар,author_or_channel,ellinaaboutbeauty,manual_only,70,worth_checking,riderra,youtube,https://www.youtube.com/@ellinaaboutbeauty,ellinaaboutbeauty,3750,nano,original_profile_opened,https://www.youtube.com/@ellinaaboutbeauty,https://www.youtube.com/results?search_query=%D0%9A%D1%80%D0%B0%D1%81%D0%BD%D0%BE%D0%B4%D0%B0%D1%80+%D0%B1%D0%BB%D0%BE%D0%B3&hl=ru,https://www.youtube.com/watch?v=_jvooIRkE9c
fa6e46fb39c969426c8a,Evgeniy Zhukov,Краснодар,author,zhukov.evg,manual_only,71,worth_checking,,instagram,https://www.instagram.com/zhukov.evg,zhukov.evg,12000,micro,original_profile_opened,https://www.instagram.com/zhukov.evg,https://www.modash.io/find-influencers/russia/krasnodar,
8ada049ce9801364f074,gelya with love,Краснодар,author_or_channel,gelyawithlove,manual_only,70,worth_checking,riderra,youtube,https://www.youtube.com/@gelyawithlove,gelyawithlove,102,nano,original_profile_opened,https://www.youtube.com/@gelyawithlove,https://www.youtube.com/results?search_query=%D0%9A%D1%80%D0%B0%D1%81%D0%BD%D0%BE%D0%B4%D0%B0%D1%80+%D0%B4%D0%BE%D1%81%D1%82%D0%BE%D0%BF%D1%80%D0%B8%D0%BC%D0%B5%D1%87%D0%B0%D1%82%D0%B5%D0%BB%D1%8C%D0%BD%D0%BE%D1%81%D1%82%D0%B8+vlog&hl=ru,https://www.youtube.com/watch?v=ExfsUV13Hl0
b746958e9ceacb5f92ec,Horns and Bones,Краснодар,author,hornsandbones,manual_only,71,worth_checking,,instagram,https://www.instagram.com/hornsandbones,hornsandbones,80000,micro,original_profile_opened,https://www.instagram.com/hornsandbones,https://infludata.com/rankings/top-20-influencer-russia-krasnodar-instagram,
5cf7af8a816367c9c43b,IGARA life,Краснодар,author_or_channel,igara,manual_only,65,worth_checking,,youtube,https://www.youtube.com/@igara,igara,25700,micro,original_profile_opened,https://www.youtube.com/@igara,https://www.youtube.com/results?search_query=%D0%9A%D1%80%D0%B0%D1%81%D0%BD%D0%BE%D0%B4%D0%B0%D1%80+%D0%BF%D1%80%D0%BE%D0%B3%D1%83%D0%BB%D0%BA%D0%B0+vlog&hl=ru,https://www.youtube.com/watch?v=fAg6L90o4rM
05bc10c44b0d0a8796f4,Ju 🪐,Краснодар,author,juliasher_13,manual_only,72,worth_checking,,instagram,https://www.instagram.com/juliasher_13,juliasher_13,37000,micro,original_profile_opened,https://www.instagram.com/juliasher_13,https://www.modash.io/find-influencers/russia/krasnodar,
05bc10c44b0d0a8796f4,Ju 🪐,Краснодар,author,juliasher_13,manual_only,72,worth_checking,,threads,https://www.threads.com/@juliasher_13,juliasher_13,4000,micro,public_index_verified,https://threadlook.com/profile/juliasher_13,https://www.modash.io/find-influencers/russia/krasnodar,
747427c34f6317bf83d2,Kristina…⚜️,Краснодар,author,_kristina_surikovna_,manual_only,72,worth_checking,,instagram,https://www.instagram.com/_kristina_surikovna_,_kristina_surikovna_,47000,micro,original_profile_opened,https://www.instagram.com/_kristina_surikovna_,https://www.modash.io/find-influencers/russia/krasnodar,
747427c34f6317bf83d2,Kristina…⚜️,Краснодар,author,_kristina_surikovna_,manual_only,72,worth_checking,,threads,https://www.threads.com/@_kristina_surikovna_,_kristina_surikovna_,3200,micro,public_index_verified,https://threadlook.com/profile/_kristina_surikovna_,https://www.modash.io/find-influencers/russia/krasnodar,
3c495cb3141e6db75eea,Kristino4ka vlog,Краснодар,author_or_channel,kristino4kavlog370,manual_only,65,worth_checking,riderra,youtube,https://www.youtube.com/@kristino4kavlog370,kristino4kavlog370,28000,micro,original_profile_opened,https://www.youtube.com/@kristino4kavlog370,https://www.youtube.com/results?search_query=%D0%9A%D1%80%D0%B0%D1%81%D0%BD%D0%BE%D0%B4%D0%B0%D1%80+%D1%81%D0%B5%D0%BC%D0%B5%D0%B9%D0%BD%D1%8B%D0%B9+%D0%B1%D0%BB%D0%BE%D0%B3&hl=ru,https://www.youtube.com/watch?v=k8xVPoSTzDk
20d9b327c49624e0a48a,Laura Arutiunian,Краснодар,author,lauramalik__,manual_only,62,needs_manual_review,,instagram,https://www.instagram.com/lauramalik__,lauramalik__,130000,mid,original_profile_opened,https://www.instagram.com/lauramalik__,https://adinblog.ru/топ/города/краснодар/,
20d9b327c49624e0a48a,Laura Arutiunian,Краснодар,author,lauramalik__,manual_only,62,needs_manual_review,,threads,https://www.threads.com/@lauramalik__,lauramalik__,10700,mid,public_index_verified,https://threadlook.com/profile/lauramalik__,https://adinblog.ru/топ/города/краснодар/,
f752f0d20d5459fcefbe,lizzyyyys,Краснодар,author_or_channel,lizzy6343,manual_only,70,worth_checking,riderra,youtube,https://www.youtube.com/@lizzy6343,lizzy6343,1550,nano,original_profile_opened,https://www.youtube.com/@lizzy6343,https://www.youtube.com/results?search_query=%D0%9A%D1%80%D0%B0%D1%81%D0%BD%D0%BE%D0%B4%D0%B0%D1%80+%D0%B1%D0%BB%D0%BE%D0%B3&hl=ru,https://www.youtube.com/watch?v=5jNc5Jw83VU
3e6d265799dc9ef2fe4a,Mari Blanka,Краснодар,author_or_channel,MariBlanka,manual_only,70,worth_checking,,youtube,https://www.youtube.com/@MariBlanka,MariBlanka,9280,nano,original_profile_opened,https://www.youtube.com/@MariBlanka,https://www.youtube.com/results?search_query=%D0%9A%D1%80%D0%B0%D1%81%D0%BD%D0%BE%D0%B4%D0%B0%D1%80+%D0%BF%D1%80%D0%BE%D0%B3%D1%83%D0%BB%D0%BA%D0%B0+vlog&hl=ru,https://www.youtube.com/watch?v=ps15GD_eUog
c8da574b0b240aca8a8b,Maria Kazakova,Краснодар,author_or_channel,MariaKazakova1,manual_only,70,worth_checking,riderra,youtube,https://www.youtube.com/@MariaKazakova1,MariaKazakova1,58,nano,original_profile_opened,https://www.youtube.com/@MariaKazakova1,https://www.youtube.com/results?search_query=%D0%9A%D1%80%D0%B0%D1%81%D0%BD%D0%BE%D0%B4%D0%B0%D1%80+lifestyle+vlog&hl=ru,https://www.youtube.com/watch?v=lngwHuVlPs4
e968aee8a6fc1cbf1a2e,Martyn | Сочи 🌿,Краснодар,author_or_channel,RussianTravels,manual_only,65,worth_checking,,youtube,https://www.youtube.com/@RussianTravels,RussianTravels,16900,micro,original_profile_opened,https://www.youtube.com/@RussianTravels,https://www.youtube.com/results?search_query=Krasnodar+family+vlog&hl=ru,https://www.youtube.com/watch?v=FEx0e6QvKIw
fd28803a0915ee8964cc,moly for you,Краснодар,channel,molyforyou,manual_only,71,worth_checking,,telegram,https://t.me/molyforyou,molyforyou,19580,micro,original_profile_opened,https://t.me/molyforyou,https://telemetr.me/catalog/tag/krasnodar,
0f172dd8573efb5ec71d,NATALI LIFE,Краснодар,author_or_channel,im.nataliya,manual_only,70,worth_checking,,youtube,https://www.youtube.com/@im.nataliya,im.nataliya,1010,nano,original_profile_opened,https://www.youtube.com/@im.nataliya,https://www.youtube.com/results?search_query=%D0%9A%D1%80%D0%B0%D1%81%D0%BD%D0%BE%D0%B4%D0%B0%D1%80+%D1%81%D0%B5%D0%BC%D0%B5%D0%B9%D0%BD%D1%8B%D0%B9+%D0%B1%D0%BB%D0%BE%D0%B3&hl=ru,https://www.youtube.com/watch?v=ehQDT3KhzRM
68a37996767c1e36b758,Natali Model / Fitness coach / Makeup Marbella Malaga,Краснодар,author,sutulanatali,manual_only,62,needs_manual_review,,instagram,https://www.instagram.com/sutulanatali,sutulanatali,123000,mid,original_profile_opened,https://www.instagram.com/sutulanatali,https://infludata.com/rankings/top-20-influencer-russia-krasnodar-instagram,
68a37996767c1e36b758,Natali Model / Fitness coach / Makeup Marbella Malaga,Краснодар,author,sutulanatali,manual_only,62,needs_manual_review,,threads,https://www.threads.com/@sutulanatali,sutulanatali,803,mid,public_index_verified,https://threadlook.com/profile/sutulanatali,https://infludata.com/rankings/top-20-influencer-russia-krasnodar-instagram,
a57d7195e237182fdade,Natasha Rostova,Краснодар,author_or_channel,natasha-rostova,manual_only,65,worth_checking,,youtube,https://www.youtube.com/@natasha-rostova,natasha-rostova,22500,micro,original_profile_opened,https://www.youtube.com/@natasha-rostova,https://www.youtube.com/results?search_query=Krasnodar+family+vlog&hl=ru,https://www.youtube.com/watch?v=Q8is6Q5cmNw
cdd44a9017f6b5add910,Ojoy,Краснодар,author_or_channel,Ojoyy,manual_only,70,worth_checking,,youtube,https://www.youtube.com/@Ojoyy,Ojoyy,2360,nano,original_profile_opened,https://www.youtube.com/@Ojoyy,https://www.youtube.com/results?search_query=%D0%9A%D1%80%D0%B0%D1%81%D0%BD%D0%BE%D0%B4%D0%B0%D1%80+%D0%B1%D1%8C%D1%8E%D1%82%D0%B8+%D0%B1%D0%BB%D0%BE%D0%B3%D0%B5%D1%80&hl=ru,https://www.youtube.com/watch?v=j0c8PN-midc
45e6df548955154bd285,Olga Burmanova из Крыма,Краснодар,author_or_channel,olya.crimea.travel,manual_only,70,worth_checking,riderra,youtube,https://www.youtube.com/@olya.crimea.travel,olya.crimea.travel,198,nano,original_profile_opened,https://www.youtube.com/@olya.crimea.travel,https://www.youtube.com/results?search_query=%D0%9A%D1%80%D0%B0%D1%81%D0%BD%D0%BE%D0%B4%D0%B0%D1%80+%D0%B4%D0%B5%D1%82%D1%81%D0%BA%D0%B8%D0%B5+%D1%80%D0%B0%D0%B7%D0%B2%D0%BB%D0%B5%D1%87%D0%B5%D0%BD%D0%B8%D1%8F&hl=ru,https://www.youtube.com/watch?v=kXpEp6Q34xw
9c10f394187166025e70,PEREDRIY LIVE | Влоги,Краснодар,author_or_channel,peredriy_vlog,manual_only,70,worth_checking,,youtube,https://www.youtube.com/@peredriy_vlog,peredriy_vlog,2020,nano,original_profile_opened,https://www.youtube.com/@peredriy_vlog,https://www.youtube.com/results?search_query=%D0%9A%D1%80%D0%B0%D1%81%D0%BD%D0%BE%D0%B4%D0%B0%D1%80+%D1%81+%D0%B4%D0%B5%D1%82%D1%8C%D0%BC%D0%B8&hl=ru,https://www.youtube.com/watch?v=EVmfRSKeSxc
c06a428c44e3b04757dc,Sergey Petrov,Краснодар,author,seregapetrov,manual_only,75,worth_checking,,instagram,https://www.instagram.com/seregapetrov,seregapetrov,16000,micro,original_profile_opened,https://www.instagram.com/seregapetrov,https://www.modash.io/find-influencers/russia/krasnodar,
c06a428c44e3b04757dc,Sergey Petrov,Краснодар,author,seregapetrov,manual_only,75,worth_checking,,tiktok,https://www.tiktok.com/@seregapetrov,seregapetrov,,micro,original_profile_opened,https://www.tiktok.com/@seregapetrov,https://www.modash.io/find-influencers/russia/krasnodar,
a22d3529e5154542fac3,Sonushka,Краснодар,author_or_channel,Sonushka_meow,manual_only,70,worth_checking,,youtube,https://www.youtube.com/@Sonushka_meow,Sonushka_meow,9980,nano,original_profile_opened,https://www.youtube.com/@Sonushka_meow,https://www.youtube.com/results?search_query=Krasnodar+local+vlog&hl=ru,https://www.youtube.com/watch?v=NrHDvzDZ4fQ
fa5383da88cb01d7babe,STRIGA TV,Краснодар,author_or_channel,STRIGATV,manual_only,65,worth_checking,,youtube,https://www.youtube.com/@STRIGATV,STRIGATV,38700,micro,original_profile_opened,https://www.youtube.com/@STRIGATV,https://www.youtube.com/results?search_query=%D0%9A%D1%80%D0%B0%D1%81%D0%BD%D0%BE%D0%B4%D0%B0%D1%80+%D1%81%D0%B0%D0%BB%D0%BE%D0%BD%D1%8B+%D0%BA%D1%80%D0%B0%D1%81%D0%BE%D1%82%D1%8B+%D0%B1%D0%BB%D0%BE%D0%B3&hl=ru,https://www.youtube.com/watch?v=rUk8Fo1_zMw
6909ef4d692e5c55b705,Travels & Leisures Russia,Краснодар,author_or_channel,travelsleisures,manual_only,70,worth_checking,riderra,youtube,https://www.youtube.com/@travelsleisures,travelsleisures,205,nano,original_profile_opened,https://www.youtube.com/@travelsleisures,https://www.youtube.com/results?search_query=%D0%9A%D1%80%D0%B0%D1%81%D0%BD%D0%BE%D0%B4%D0%B0%D1%80+%D1%81%D0%B0%D0%BB%D0%BE%D0%BD%D1%8B+%D0%BA%D1%80%D0%B0%D1%81%D0%BE%D1%82%D1%8B+%D0%B1%D0%BB%D0%BE%D0%B3&hl=ru,https://www.youtube.com/watch?v=Q2sKPWqi7Pc
5b330e0aa1786cb1456b,Vladimir Lisovenko,Краснодар,author_or_channel,vladimirlisovenko,manual_only,70,worth_checking,,youtube,https://www.youtube.com/@vladimirlisovenko,vladimirlisovenko,362,nano,original_profile_opened,https://www.youtube.com/@vladimirlisovenko,https://www.youtube.com/results?search_query=%D0%9A%D1%80%D0%B0%D1%81%D0%BD%D0%BE%D0%B4%D0%B0%D1%80+%D0%BF%D1%80%D0%BE%D0%B3%D1%83%D0%BB%D0%BA%D0%B0+vlog&hl=ru,https://www.youtube.com/watch?v=zQ6fe_NY_Ik
9e51ebd297fef6d4f2ac,WAYFS,Краснодар,author_or_channel,wayfs13,manual_only,65,worth_checking,riderra,youtube,https://www.youtube.com/@wayfs13,wayfs13,48600,micro,original_profile_opened,https://www.youtube.com/@wayfs13,https://www.youtube.com/results?search_query=%D0%9A%D1%80%D0%B0%D1%81%D0%BD%D0%BE%D0%B4%D0%B0%D1%80+lifestyle+vlog&hl=ru,https://www.youtube.com/watch?v=m586g7y9K5U
7d3766a8750a73fe2000,Yana Koroleva,Краснодар,author_or_channel,yanakoroleva2503,manual_only,70,worth_checking,riderra,youtube,https://www.youtube.com/@yanakoroleva2503,yanakoroleva2503,6230,nano,original_profile_opened,https://www.youtube.com/@yanakoroleva2503,https://www.youtube.com/results?search_query=%D0%9A%D1%80%D0%B0%D1%81%D0%BD%D0%BE%D0%B4%D0%B0%D1%80+%D0%BF%D1%80%D0%BE%D0%B3%D1%83%D0%BB%D0%BA%D0%B0+vlog&hl=ru,https://www.youtube.com/watch?v=YAxZSVYy-fo
b2dc606fc31a9ba58c99,YCLIENTS,Краснодар,author_or_channel,Yclients4business,manual_only,65,worth_checking,,youtube,https://www.youtube.com/@Yclients4business,Yclients4business,10400,micro,original_profile_opened,https://www.youtube.com/@Yclients4business,https://www.youtube.com/results?search_query=%D0%9A%D1%80%D0%B0%D1%81%D0%BD%D0%BE%D0%B4%D0%B0%D1%80+%D1%81%D0%B0%D0%BB%D0%BE%D0%BD%D1%8B+%D0%BA%D1%80%D0%B0%D1%81%D0%BE%D1%82%D1%8B+%D0%B1%D0%BB%D0%BE%D0%B3&hl=ru,https://www.youtube.com/watch?v=Epjd3JZ3UZI
edf028135f8710ed6352,Авантюризм,Краснодар,author_or_channel,avanturizm,manual_only,65,worth_checking,,youtube,https://www.youtube.com/@avanturizm,avanturizm,43600,micro,original_profile_opened,https://www.youtube.com/@avanturizm,https://www.youtube.com/results?search_query=%D0%9A%D1%80%D0%B0%D1%81%D0%BD%D0%BE%D0%B4%D0%B0%D1%80+%D1%81+%D0%B4%D0%B5%D1%82%D1%8C%D0%BC%D0%B8&hl=ru,https://www.youtube.com/watch?v=ZLOV-6z8p0I
9f5ccebec4c7c56cc9ed,Александра Томаш || Traval and live vlog,Краснодар,author_or_channel,%D0%90.%D0%A2%D0%BE%D0%BC%D0%B0%D1%88,manual_only,70,worth_checking,riderra,youtube,https://www.youtube.com/@%D0%90.%D0%A2%D0%BE%D0%BC%D0%B0%D1%88,%D0%90.%D0%A2%D0%BE%D0%BC%D0%B0%D1%88,295,nano,original_profile_opened,https://www.youtube.com/@%D0%90.%D0%A2%D0%BE%D0%BC%D0%B0%D1%88,https://www.youtube.com/results?search_query=%D0%9A%D1%80%D0%B0%D1%81%D0%BD%D0%BE%D0%B4%D0%B0%D1%80+%D1%81%D0%B0%D0%BB%D0%BE%D0%BD%D1%8B+%D0%BA%D1%80%D0%B0%D1%81%D0%BE%D1%82%D1%8B+%D0%B1%D0%BB%D0%BE%D0%B3&hl=ru,https://www.youtube.com/watch?v=F-AcyomnTgg
28398f3ee8525a4e3dfa,Алексей Малютин(ANMpro),Краснодар,author_or_channel,anmpro-tm,manual_only,70,worth_checking,,youtube,https://www.youtube.com/@anmpro-tm,anmpro-tm,754,nano,original_profile_opened,https://www.youtube.com/@anmpro-tm,https://www.youtube.com/results?search_query=%D0%9A%D1%80%D0%B0%D1%81%D0%BD%D0%BE%D0%B4%D0%B0%D1%80+%D0%BF%D1%80%D0%BE%D0%B3%D1%83%D0%BB%D0%BA%D0%B0+vlog&hl=ru,https://www.youtube.com/watch?v=fa2lIyUR8ZQ
b7fe9f6bf37bf1dce1df,Анастасия Ахмедова /Лазаренко/,Краснодар,author,_nastya.lazarenko,manual_only,71,worth_checking,,instagram,https://www.instagram.com/_nastya.lazarenko,_nastya.lazarenko,19000,micro,original_profile_opened,https://www.instagram.com/_nastya.lazarenko,https://www.modash.io/find-influencers/russia/krasnodar,
9cd60dd8d00f97d36ce5,Анастасия Деброва,Краснодар,author_or_channel,AnastasyaDebrova,manual_only,70,worth_checking,riderra,youtube,https://www.youtube.com/@AnastasyaDebrova,AnastasyaDebrova,23,nano,original_profile_opened,https://www.youtube.com/@AnastasyaDebrova,https://www.youtube.com/results?search_query=%D0%9A%D1%80%D0%B0%D1%81%D0%BD%D0%BE%D0%B4%D0%B0%D1%80+lifestyle+vlog&hl=ru,https://www.youtube.com/watch?v=QNUNqhWLuO0
28e292af800a373e33a1,Анастасия Ковалик - о жизни в Краснодаре,Краснодар,author_or_channel,kovalik_anastasiya,manual_only,65,worth_checking,katok,youtube,https://www.youtube.com/@kovalik_anastasiya,kovalik_anastasiya,16200,micro,original_profile_opened,https://www.youtube.com/@kovalik_anastasiya,https://www.youtube.com/results?search_query=%D0%9A%D1%80%D0%B0%D1%81%D0%BD%D0%BE%D0%B4%D0%B0%D1%80+%D1%81+%D0%B4%D0%B5%D1%82%D1%8C%D0%BC%D0%B8&hl=ru,https://www.youtube.com/watch?v=CQYiRGkDDuM
2deda7a22dd73bf9cb64,Андрей Алексеенко,Краснодар,author,alekseenko_krd,manual_only,71,worth_checking,,instagram,https://www.instagram.com/alekseenko_krd,alekseenko_krd,11000,micro,original_profile_opened,https://www.instagram.com/alekseenko_krd,https://www.modash.io/find-influencers/russia/krasnodar,
572c6e1938bb5e1f14b1,Андрей Панжин,Краснодар,author,panzhin77,manual_only,72,worth_checking,,instagram,https://www.instagram.com/panzhin77,panzhin77,45000,micro,original_profile_opened,https://www.instagram.com/panzhin77,https://www.modash.io/find-influencers/russia/krasnodar,
572c6e1938bb5e1f14b1,Андрей Панжин,Краснодар,author,panzhin77,manual_only,72,worth_checking,,threads,https://www.threads.com/@panzhin77,panzhin77,405,micro,public_index_verified,https://threadlook.com/profile/panzhin77,https://www.modash.io/find-influencers/russia/krasnodar,
7c954e8d84ca516611a3,АНИ | ПСИХОЛОГ | ИСКУССТВО ФЛИРТА | ПСИХОЛОГИЯ ОТНОШЕНИЙ,Краснодар,author,an.ni_gray,manual_only,62,needs_manual_review,,instagram,https://www.instagram.com/an.ni_gray,an.ni_gray,143000,mid,original_profile_opened,https://www.instagram.com/an.ni_gray,https://infludata.com/rankings/top-20-influencer-russia-krasnodar-instagram,
7c954e8d84ca516611a3,АНИ | ПСИХОЛОГ | ИСКУССТВО ФЛИРТА | ПСИХОЛОГИЯ ОТНОШЕНИЙ,Краснодар,author,an.ni_gray,manual_only,62,needs_manual_review,,threads,https://www.threads.com/@an.ni_gray,an.ni_gray,6900,mid,public_index_verified,https://threadlook.com/profile/an.ni_gray,https://infludata.com/rankings/top-20-influencer-russia-krasnodar-instagram,
097188b691d64df2de1d,Анна Бершадская,Краснодар,author,bershadskaya,manual_only,62,needs_manual_review,,instagram,https://www.instagram.com/bershadskaya,bershadskaya,170000,mid,original_profile_opened,https://www.instagram.com/bershadskaya,https://adinblog.ru/топ/города/краснодар/,
097188b691d64df2de1d,Анна Бершадская,Краснодар,author,bershadskaya,manual_only,62,needs_manual_review,,threads,https://www.threads.com/@bershadskaya,bershadskaya,6400,mid,public_index_verified,https://threadlook.com/profile/bershadskaya,https://adinblog.ru/топ/города/краснодар/,
5c03f0df8f5d6cb3a81c,Аня Babyptitsa,"Краснодар, Санкт-Петербург",author_or_channel,babyptitsa,manual_only,65,worth_checking,katok,youtube,https://www.youtube.com/@babyptitsa,babyptitsa,18800,micro,original_profile_opened,https://www.youtube.com/@babyptitsa,https://www.youtube.com/results?search_query=%D0%9A%D1%80%D0%B0%D1%81%D0%BD%D0%BE%D0%B4%D0%B0%D1%80+%D1%81+%D0%B4%D0%B5%D1%82%D1%8C%D0%BC%D0%B8&hl=ru,https://www.youtube.com/watch?v=z4TSaRzQlRs
b9afefc817edd5eb4bcf,АРТИШОУ,Краснодар,author_or_channel,%D0%90%D0%A0%D0%A2%D0%98%D0%A8%D0%9E%D0%A3-%D1%871%D0%BB,manual_only,70,worth_checking,,youtube,https://www.youtube.com/@%D0%90%D0%A0%D0%A2%D0%98%D0%A8%D0%9E%D0%A3-%D1%871%D0%BB,%D0%90%D0%A0%D0%A2%D0%98%D0%A8%D0%9E%D0%A3-%D1%871%D0%BB,621,nano,original_profile_opened,https://www.youtube.com/@%D0%90%D0%A0%D0%A2%D0%98%D0%A8%D0%9E%D0%A3-%D1%871%D0%BB,https://www.youtube.com/results?search_query=%D0%9A%D1%80%D0%B0%D1%81%D0%BD%D0%BE%D0%B4%D0%B0%D1%80+%D0%B4%D0%B5%D1%82%D1%81%D0%BA%D0%B8%D0%B5+%D1%80%D0%B0%D0%B7%D0%B2%D0%BB%D0%B5%D1%87%D0%B5%D0%BD%D0%B8%D1%8F&hl=ru,https://www.youtube.com/watch?v=g1UhXHKNZS8
8c21638d9c0fc34a16b4,Афиша Краснодара,Краснодар,channel,afisha_krr,advertising_contact,83,worth_checking,katok,telegram,https://t.me/afisha_krr,afisha_krr,19542,micro,original_profile_opened,https://t.me/afisha_krr,https://telemetr.me/catalog/tag/krasnodar,
55adccca6f39c1365b21,АХРА САМАНДЖИЯ | хореограф,Краснодар,author,axra_saz,manual_only,71,worth_checking,,instagram,https://www.instagram.com/axra_saz,axra_saz,17000,micro,original_profile_opened,https://www.instagram.com/axra_saz,https://www.modash.io/find-influencers/russia/krasnodar,
b5efe99baaa5a97f2291,Беляев LIFE,Краснодар,author_or_channel,belyaevlife,manual_only,70,worth_checking,,youtube,https://www.youtube.com/@belyaevlife,belyaevlife,2410,nano,original_profile_opened,https://www.youtube.com/@belyaevlife,https://www.youtube.com/results?search_query=%D0%9A%D1%83%D0%B1%D0%B0%D0%BD%D1%8C+%D0%BF%D1%83%D1%82%D0%B5%D1%88%D0%B5%D1%81%D1%82%D0%B2%D0%B8%D1%8F+%D0%B1%D0%BB%D0%BE%D0%B3&hl=ru,https://www.youtube.com/watch?v=HUjzPyq9Zgc
7b7b32ec042844948130,Будни mom’s,Краснодар,author_or_channel,moms-gp5cs,manual_only,70,worth_checking,,youtube,https://www.youtube.com/@moms-gp5cs,moms-gp5cs,2900,nano,original_profile_opened,https://www.youtube.com/@moms-gp5cs,https://www.youtube.com/results?search_query=%D0%9A%D1%80%D0%B0%D1%81%D0%BD%D0%BE%D0%B4%D0%B0%D1%80+%D0%BC%D0%B0%D0%BC%D0%B0+%D0%B1%D0%BB%D0%BE%D0%B3&hl=ru,https://www.youtube.com/watch?v=tEexIDuMHJ0
31bc4fb0fa7cd428933c,Вадим КУЛАГА | уникальная керамика,Краснодар,author,vadim_kulaga,manual_only,62,needs_manual_review,,instagram,https://www.instagram.com/vadim_kulaga,vadim_kulaga,107000,mid,original_profile_opened,https://www.instagram.com/vadim_kulaga,https://infludata.com/rankings/top-20-influencer-russia-krasnodar-instagram,
31bc4fb0fa7cd428933c,Вадим КУЛАГА | уникальная керамика,Краснодар,author,vadim_kulaga,manual_only,62,needs_manual_review,,threads,https://www.threads.com/@vadim_kulaga,vadim_kulaga,2000,mid,public_index_verified,https://threadlook.com/profile/vadim_kulaga,https://infludata.com/rankings/top-20-influencer-russia-krasnodar-instagram,
81505d2c3c5cd51b9d69,Валя Алексахина 🌍 🧳,Краснодар,author_or_channel,valya_aleksakhina,manual_only,70,worth_checking,riderra,youtube,https://www.youtube.com/@valya_aleksakhina,valya_aleksakhina,7480,nano,original_profile_opened,https://www.youtube.com/@valya_aleksakhina,https://www.youtube.com/results?search_query=%D0%9A%D1%80%D0%B0%D1%81%D0%BD%D0%BE%D0%B4%D0%B0%D1%80+%D0%B4%D0%B5%D1%82%D1%81%D0%BA%D0%B8%D0%B5+%D0%BC%D0%B5%D1%81%D1%82%D0%B0&hl=ru,https://www.youtube.com/watch?v=YNsasct88tc
9889b411d0d2fd610720,Вика Щепеткова,Краснодар,author_or_channel,shepa_shepa,manual_only,70,worth_checking,,youtube,https://www.youtube.com/@shepa_shepa,shepa_shepa,1510,nano,original_profile_opened,https://www.youtube.com/@shepa_shepa,https://www.youtube.com/results?search_query=%D0%9A%D1%80%D0%B0%D1%81%D0%BD%D0%BE%D0%B4%D0%B0%D1%80+%D0%B4%D0%BE%D1%81%D1%82%D0%BE%D0%BF%D1%80%D0%B8%D0%BC%D0%B5%D1%87%D0%B0%D1%82%D0%B5%D0%BB%D1%8C%D0%BD%D0%BE%D1%81%D1%82%D0%B8+vlog&hl=ru,https://www.youtube.com/watch?v=G9mcJgRLNYs
c5bccfb7fb46b41b70fe,ВИТАЛЬКО,Краснодар,author_or_channel,VITALIY_KO,manual_only,70,worth_checking,,youtube,https://www.youtube.com/@VITALIY_KO,VITALIY_KO,6,nano,original_profile_opened,https://www.youtube.com/@VITALIY_KO,https://www.youtube.com/results?search_query=%D0%9A%D1%80%D0%B0%D1%81%D0%BD%D0%BE%D0%B4%D0%B0%D1%80+%D0%BF%D1%80%D0%BE%D0%B3%D1%83%D0%BB%D0%BA%D0%B0+vlog&hl=ru,https://www.youtube.com/watch?v=4DfYQ8pD-2A
781d647b4c0c6c05e02b,Гарантия Inside,Краснодар,author_or_channel,garantiya_inside,manual_only,70,worth_checking,,youtube,https://www.youtube.com/@garantiya_inside,garantiya_inside,130,nano,original_profile_opened,https://www.youtube.com/@garantiya_inside,https://www.youtube.com/results?search_query=%D0%9A%D1%80%D0%B0%D1%81%D0%BD%D0%BE%D0%B4%D0%B0%D1%80+%D1%81+%D0%B4%D0%B5%D1%82%D1%8C%D0%BC%D0%B8&hl=ru,https://www.youtube.com/watch?v=JBq8eSRa2B4
0655269d9900105e4359,Геленджик онлайн,Краснодар,author_or_channel,%D0%93%D0%B5%D0%BB%D0%B5%D0%BD%D0%B4%D0%B6%D0%B8%D0%BA%D0%BE%D0%BD%D0%BB%D0%B0%D0%B9%D0%BD-%D0%B99%D1%82,manual_only,65,worth_checking,,youtube,https://www.youtube.com/@%D0%93%D0%B5%D0%BB%D0%B5%D0%BD%D0%B4%D0%B6%D0%B8%D0%BA%D0%BE%D0%BD%D0%BB%D0%B0%D0%B9%D0%BD-%D0%B99%D1%82,%D0%93%D0%B5%D0%BB%D0%B5%D0%BD%D0%B4%D0%B6%D0%B8%D0%BA%D0%BE%D0%BD%D0%BB%D0%B0%D0%B9%D0%BD-%D0%B99%D1%82,10300,micro,original_profile_opened,https://www.youtube.com/@%D0%93%D0%B5%D0%BB%D0%B5%D0%BD%D0%B4%D0%B6%D0%B8%D0%BA%D0%BE%D0%BD%D0%BB%D0%B0%D0%B9%D0%BD-%D0%B99%D1%82,https://www.youtube.com/results?search_query=%D0%9A%D1%80%D0%B0%D1%81%D0%BD%D0%BE%D0%B4%D0%B0%D1%80+%D0%B4%D0%B5%D1%82%D1%81%D0%BA%D0%B8%D0%B5+%D1%80%D0%B0%D0%B7%D0%B2%D0%BB%D0%B5%D1%87%D0%B5%D0%BD%D0%B8%D1%8F&hl=ru,https://www.youtube.com/watch?v=ZiezB3FImYY
05390f8dbeaea2ca0100,ГИД НА МИНИМАЛКАХ,Краснодар,author_or_channel,ExKursovod,manual_only,70,worth_checking,,youtube,https://www.youtube.com/@ExKursovod,ExKursovod,1480,nano,original_profile_opened,https://www.youtube.com/@ExKursovod,https://www.youtube.com/results?search_query=%D0%9A%D1%80%D0%B0%D1%81%D0%BD%D0%BE%D0%B4%D0%B0%D1%80+%D0%BB%D0%BE%D0%BA%D0%B0%D0%BB%D1%8C%D0%BD%D1%8B%D0%B9+%D0%B3%D0%B8%D0%B4&hl=ru,https://www.youtube.com/watch?v=OyxLFD_6AhM
2026edd94e4973aceaad,Гончаров Недвижимость Юга,Краснодар,author_or_channel,Goncharovnedvij,manual_only,65,worth_checking,,youtube,https://www.youtube.com/@Goncharovnedvij,Goncharovnedvij,21300,micro,original_profile_opened,https://www.youtube.com/@Goncharovnedvij,https://www.youtube.com/results?search_query=%D0%9A%D1%80%D0%B0%D1%81%D0%BD%D0%BE%D0%B4%D0%B0%D1%80+%D0%BE%D0%B1%D0%B7%D0%BE%D1%80+%D0%BC%D0%B5%D1%81%D1%82&hl=ru,https://www.youtube.com/watch?v=LChNFokT7to
5ab5a95ef6e6ba2a1eea,Грабли LIVE,Краснодар,author_or_channel,AFilmsify_Grabli_LIVE,manual_only,65,worth_checking,,youtube,https://www.youtube.com/@AFilmsify_Grabli_LIVE,AFilmsify_Grabli_LIVE,34200,micro,original_profile_opened,https://www.youtube.com/@AFilmsify_Grabli_LIVE,https://www.youtube.com/results?search_query=%D0%9A%D1%80%D0%B0%D1%81%D0%BD%D0%BE%D0%B4%D0%B0%D1%80+%D1%81%D0%B5%D0%BC%D0%B5%D0%B9%D0%BD%D1%8B%D0%B9+%D0%B1%D0%BB%D0%BE%D0%B3&hl=ru,https://www.youtube.com/watch?v=AmK1UipIz8Y
2be04edbcdabeecebb87,ГрИДневы Путешественники,Краснодар,author_or_channel,%D0%93%D1%80%D0%98%D0%94%D0%BD%D0%B5%D0%B2%D1%8B%D0%9F%D1%83%D1%82%D0%B5%D1%88%D0%B5%D1%81%D1%82%D0%B2%D0%B5%D0%BD%D0%BD%D0%B8%D0%BA%D0%B8,manual_only,70,worth_checking,riderra,youtube,https://www.youtube.com/@%D0%93%D1%80%D0%98%D0%94%D0%BD%D0%B5%D0%B2%D1%8B%D0%9F%D1%83%D1%82%D0%B5%D1%88%D0%B5%D1%81%D1%82%D0%B2%D0%B5%D0%BD%D0%BD%D0%B8%D0%BA%D0%B8,%D0%93%D1%80%D0%98%D0%94%D0%BD%D0%B5%D0%B2%D1%8B%D0%9F%D1%83%D1%82%D0%B5%D1%88%D0%B5%D1%81%D1%82%D0%B2%D0%B5%D0%BD%D0%BD%D0%B8%D0%BA%D0%B8,22,nano,original_profile_opened,https://www.youtube.com/@%D0%93%D1%80%D0%98%D0%94%D0%BD%D0%B5%D0%B2%D1%8B%D0%9F%D1%83%D1%82%D0%B5%D1%88%D0%B5%D1%81%D1%82%D0%B2%D0%B5%D0%BD%D0%BD%D0%B8%D0%BA%D0%B8,https://www.youtube.com/results?search_query=%D0%9A%D1%80%D0%B0%D1%81%D0%BD%D0%BE%D0%B4%D0%B0%D1%80+%D0%B4%D0%B5%D1%82%D1%81%D0%BA%D0%B8%D0%B5+%D1%80%D0%B0%D0%B7%D0%B2%D0%BB%D0%B5%D1%87%D0%B5%D0%BD%D0%B8%D1%8F&hl=ru,https://www.youtube.com/watch?v=1BRVOkrci4U
9574cd51b6601537758e,ДАША BABY LIFE,Краснодар,author_or_channel,babylife4083,manual_only,70,worth_checking,,youtube,https://www.youtube.com/@babylife4083,babylife4083,796,nano,original_profile_opened,https://www.youtube.com/@babylife4083,https://www.youtube.com/results?search_query=%D0%9A%D1%80%D0%B0%D1%81%D0%BD%D0%BE%D0%B4%D0%B0%D1%80+%D0%B4%D0%B5%D1%82%D1%81%D0%BA%D0%B8%D0%B5+%D1%80%D0%B0%D0%B7%D0%B2%D0%BB%D0%B5%D1%87%D0%B5%D0%BD%D0%B8%D1%8F&hl=ru,https://www.youtube.com/watch?v=oWkC4vNWf7w
2733ea0ceece917076bd,ДЕНЬ В КАДРЕ,Краснодар,author_or_channel,denvkadre,manual_only,70,worth_checking,,youtube,https://www.youtube.com/@denvkadre,denvkadre,2260,nano,original_profile_opened,https://www.youtube.com/@denvkadre,https://www.youtube.com/results?search_query=%D0%9A%D1%80%D0%B0%D1%81%D0%BD%D0%BE%D0%B4%D0%B0%D1%80+%D1%81+%D0%B4%D0%B5%D1%82%D1%8C%D0%BC%D0%B8&hl=ru,https://www.youtube.com/watch?v=A6i46zNwTPM
a26d49b1523905635a64,Дмитрий Горбачев,Краснодар,author_or_channel,Dmitry.Gorbachev,manual_only,70,worth_checking,,youtube,https://www.youtube.com/@Dmitry.Gorbachev,Dmitry.Gorbachev,7880,nano,original_profile_opened,https://www.youtube.com/@Dmitry.Gorbachev,https://www.youtube.com/results?search_query=%D0%9A%D1%80%D0%B0%D1%81%D0%BD%D0%BE%D0%B4%D0%B0%D1%80+%D0%B4%D0%B5%D1%82%D1%81%D0%BA%D0%B8%D0%B5+%D1%80%D0%B0%D0%B7%D0%B2%D0%BB%D0%B5%D1%87%D0%B5%D0%BD%D0%B8%D1%8F&hl=ru,https://www.youtube.com/watch?v=bmfK3NHs5Xk
12dda1375edfabf4f07f,Дневник северянки Сении,Краснодар,author_or_channel,by.seniya,manual_only,65,worth_checking,,youtube,https://www.youtube.com/@by.seniya,by.seniya,53500,micro,original_profile_opened,https://www.youtube.com/@by.seniya,https://www.youtube.com/results?search_query=%D0%9A%D1%80%D0%B0%D1%81%D0%BD%D0%BE%D0%B4%D0%B0%D1%80+%D1%81%D0%B5%D0%BC%D0%B5%D0%B9%D0%BD%D1%8B%D0%B9+%D0%B1%D0%BB%D0%BE%D0%B3&hl=ru,https://www.youtube.com/watch?v=2jS3x4FG300
cee0881b926990fa6c9e,Дорога Перемен. Своя атмосфера.,Краснодар,author_or_channel,%D0%94%D0%BE%D1%80%D0%BE%D0%B3%D0%B0%D0%9F%D0%B5%D1%80%D0%B5%D0%BC%D0%B5%D0%BD.%D0%9A%D1%83%D0%BF%D0%B8%D0%BB%D0%B8%D0%B4%D0%BE%D0%BC%D0%BD%D0%B0%D1%8E%D0%B3%D0%B5,manual_only,65,worth_checking,,youtube,https://www.youtube.com/@%D0%94%D0%BE%D1%80%D0%BE%D0%B3%D0%B0%D0%9F%D0%B5%D1%80%D0%B5%D0%BC%D0%B5%D0%BD.%D0%9A%D1%83%D0%BF%D0%B8%D0%BB%D0%B8%D0%B4%D0%BE%D0%BC%D0%BD%D0%B0%D1%8E%D0%B3%D0%B5,%D0%94%D0%BE%D1%80%D0%BE%D0%B3%D0%B0%D0%9F%D0%B5%D1%80%D0%B5%D0%BC%D0%B5%D0%BD.%D0%9A%D1%83%D0%BF%D0%B8%D0%BB%D0%B8%D0%B4%D0%BE%D0%BC%D0%BD%D0%B0%D1%8E%D0%B3%D0%B5,23400,micro,original_profile_opened,https://www.youtube.com/@%D0%94%D0%BE%D1%80%D0%BE%D0%B3%D0%B0%D0%9F%D0%B5%D1%80%D0%B5%D0%BC%D0%B5%D0%BD.%D0%9A%D1%83%D0%BF%D0%B8%D0%BB%D0%B8%D0%B4%D0%BE%D0%BC%D0%BD%D0%B0%D1%8E%D0%B3%D0%B5,https://www.youtube.com/results?search_query=%D0%9A%D1%80%D0%B0%D1%81%D0%BD%D0%BE%D0%B4%D0%B0%D1%80+%D1%81%D0%B5%D0%BC%D0%B5%D0%B9%D0%BD%D1%8B%D0%B9+%D0%BA%D0%B0%D0%BD%D0%B0%D0%BB&hl=ru,https://www.youtube.com/watch?v=18XK95nf_Gc
0188961ca90fb9a63db0,Евгений Наумов | глава Краснодара,Краснодар,channel,emnaumov,manual_only,71,worth_checking,,telegram,https://t.me/emnaumov,emnaumov,17780,micro,original_profile_opened,https://t.me/emnaumov,https://telemetr.me/catalog/tag/krasnodar,
8225da873be0550ce9c6,Екатерина Ключикова,Краснодар,author_or_channel,soulbitch_,manual_only,70,worth_checking,,youtube,https://www.youtube.com/@soulbitch_,soulbitch_,1,nano,original_profile_opened,https://www.youtube.com/@soulbitch_,https://www.youtube.com/results?search_query=%D0%9A%D1%80%D0%B0%D1%81%D0%BD%D0%BE%D0%B4%D0%B0%D1%80+%D0%BA%D1%83%D0%BB%D1%8C%D1%82%D1%83%D1%80%D0%B0+%D0%B0%D1%84%D0%B8%D1%88%D0%B0&hl=ru,https://www.youtube.com/watch?v=Whv8WVzphWk
07c6c5be20285c36d10c,Жесть Краснодар,Краснодар,channel,zhest_krasnodar123,advertising_contact,83,worth_checking,,telegram,https://t.me/zhest_krasnodar123,zhest_krasnodar123,18444,micro,original_profile_opened,https://t.me/zhest_krasnodar123,https://telemetr.me/catalog/tag/krasnodar,
9849e0701e13480505b2,Жизнь Своих с Евгением Кривцовым,Краснодар,author_or_channel,evgeny_krivtsov,manual_only,55,needs_manual_review,,youtube,https://www.youtube.com/@evgeny_krivtsov,evgeny_krivtsov,113000,mid,original_profile_opened,https://www.youtube.com/@evgeny_krivtsov,https://www.youtube.com/results?search_query=%D0%9A%D1%80%D0%B0%D1%81%D0%BD%D0%BE%D0%B4%D0%B0%D1%80+%D1%81%D0%B5%D0%BC%D0%B5%D0%B9%D0%BD%D1%8B%D0%B9+%D0%BA%D0%B0%D0%BD%D0%B0%D0%BB&hl=ru,https://www.youtube.com/watch?v=nlTuAdEW2So
2f52bfe3c4e34fca76d3,Жизнь Сочи,Краснодар,channel,livesochi,advertising_contact,83,worth_checking,,telegram,https://t.me/livesochi,livesochi,32809,micro,original_profile_opened,https://t.me/livesochi,https://telemetr.me/catalog/tag/krasnodar,
f3431a813490571d3e57,Жить в КРАСНОДАРЕ!,Краснодар,author_or_channel,%D0%96%D0%B8%D1%82%D1%8C%D0%B2%D0%9A%D0%A0%D0%90%D0%A1%D0%9D%D0%9E%D0%94%D0%90%D0%A0%D0%95-%D1%8F1%D1%8C,manual_only,65,worth_checking,,youtube,https://www.youtube.com/@%D0%96%D0%B8%D1%82%D1%8C%D0%B2%D0%9A%D0%A0%D0%90%D0%A1%D0%9D%D0%9E%D0%94%D0%90%D0%A0%D0%95-%D1%8F1%D1%8C,%D0%96%D0%B8%D1%82%D1%8C%D0%B2%D0%9A%D0%A0%D0%90%D0%A1%D0%9D%D0%9E%D0%94%D0%90%D0%A0%D0%95-%D1%8F1%D1%8C,15900,micro,original_profile_opened,https://www.youtube.com/@%D0%96%D0%B8%D1%82%D1%8C%D0%B2%D0%9A%D0%A0%D0%90%D0%A1%D0%9D%D0%9E%D0%94%D0%90%D0%A0%D0%95-%D1%8F1%D1%8C,https://www.youtube.com/results?search_query=%D0%9A%D1%80%D0%B0%D1%81%D0%BD%D0%BE%D0%B4%D0%B0%D1%80+%D0%B4%D0%B5%D1%82%D1%81%D0%BA%D0%B8%D0%B5+%D1%80%D0%B0%D0%B7%D0%B2%D0%BB%D0%B5%D1%87%D0%B5%D0%BD%D0%B8%D1%8F&hl=ru,https://www.youtube.com/watch?v=U2YbhhBgNtk
e52a50b6dc863fa9feb0,Игорь Стоянов,Краснодар,author_or_channel,BusinessStoyanov,manual_only,65,worth_checking,,youtube,https://www.youtube.com/@BusinessStoyanov,BusinessStoyanov,45000,micro,original_profile_opened,https://www.youtube.com/@BusinessStoyanov,https://www.youtube.com/results?search_query=%D0%9A%D1%80%D0%B0%D1%81%D0%BD%D0%BE%D0%B4%D0%B0%D1%80+%D1%81%D0%B0%D0%BB%D0%BE%D0%BD%D1%8B+%D0%BA%D1%80%D0%B0%D1%81%D0%BE%D1%82%D1%8B+%D0%B1%D0%BB%D0%BE%D0%B3&hl=ru,https://www.youtube.com/watch?v=t7pqqC7oqEo
6d79417373f2ef69e57a,Игорь Щербацкий,Краснодар,author_or_channel,Nenowosti,manual_only,65,worth_checking,,youtube,https://www.youtube.com/@Nenowosti,Nenowosti,79200,micro,original_profile_opened,https://www.youtube.com/@Nenowosti,https://www.youtube.com/results?search_query=%D0%BB%D0%BE%D0%BA%D0%B0%D0%BB%D1%8C%D0%BD%D1%8B%D0%B9+%D0%B1%D0%BB%D0%BE%D0%B3%D0%B5%D1%80+%D0%9A%D1%80%D0%B0%D1%81%D0%BD%D0%BE%D0%B4%D0%B0%D1%80&hl=ru,https://www.youtube.com/watch?v=niI5HIlxbUU
224025a23f263f24032e,Из Канады в Россию Natalia's VLOG,Краснодар,author_or_channel,nataliasvlog4623,manual_only,70,worth_checking,riderra,youtube,https://www.youtube.com/@nataliasvlog4623,nataliasvlog4623,9550,nano,original_profile_opened,https://www.youtube.com/@nataliasvlog4623,https://www.youtube.com/results?search_query=%D0%9A%D1%80%D0%B0%D1%81%D0%BD%D0%BE%D0%B4%D0%B0%D1%80+%D1%81%D0%B5%D0%BC%D0%B5%D0%B9%D0%BD%D1%8B%D0%B9+%D0%B1%D0%BB%D0%BE%D0%B3&hl=ru,https://www.youtube.com/watch?v=a33pOSryD3o
40aa052261fe3b4444ec,Интересные путешествия,Краснодар,author_or_channel,InterestingTravel,manual_only,65,worth_checking,riderra,youtube,https://www.youtube.com/@InterestingTravel,InterestingTravel,14400,micro,original_profile_opened,https://www.youtube.com/@InterestingTravel,https://www.youtube.com/results?search_query=%D0%9A%D1%80%D0%B0%D1%81%D0%BD%D0%BE%D0%B4%D0%B0%D1%80+%D0%BA%D1%83%D0%B4%D0%B0+%D1%81%D1%85%D0%BE%D0%B4%D0%B8%D1%82%D1%8C&hl=ru,https://www.youtube.com/watch?v=Wn8o0OIcKz8
442c10496286b1801670,Катя Каляпина,Краснодар,author_or_channel,kalyapina,manual_only,70,worth_checking,riderra,youtube,https://www.youtube.com/@kalyapina,kalyapina,9870,nano,original_profile_opened,https://www.youtube.com/@kalyapina,https://www.youtube.com/results?search_query=%D0%9A%D1%80%D0%B0%D1%81%D0%BD%D0%BE%D0%B4%D0%B0%D1%80+%D0%B1%D0%BB%D0%BE%D0%B3&hl=ru,https://www.youtube.com/watch?v=ip2Jam05e0M
346ecaee05dfc8757c27,Команда Кравченко — Недвижимость,Краснодар,author_or_channel,kk23n,manual_only,70,worth_checking,,youtube,https://www.youtube.com/@kk23n,kk23n,92,nano,original_profile_opened,https://www.youtube.com/@kk23n,https://www.youtube.com/results?search_query=Krasnodar+local+vlog&hl=ru,https://www.youtube.com/watch?v=bS1_CvrPhFU
acb731537e32c31c255f,Компания застройщиков - Новостройки Краснодара,Краснодар,author_or_channel,K_zastroy,manual_only,70,worth_checking,katok,youtube,https://www.youtube.com/@K_zastroy,K_zastroy,1150,nano,original_profile_opened,https://www.youtube.com/@K_zastroy,https://www.youtube.com/results?search_query=%D0%9A%D1%80%D0%B0%D1%81%D0%BD%D0%BE%D0%B4%D0%B0%D1%80+%D1%81+%D0%B4%D0%B5%D1%82%D1%8C%D0%BC%D0%B8&hl=ru,https://www.youtube.com/watch?v=eqe2S6aZM0c
fcaf623060a39abed34a,КОРЕЙСКАЯ КОСМЕТИКА ОПТОМ,Краснодар,channel,koreaoptomulmioficial,manual_only,71,worth_checking,riderra,telegram,https://t.me/koreaoptomulmioficial,koreaoptomulmioficial,17651,micro,original_profile_opened,https://t.me/koreaoptomulmioficial,https://telemetr.me/catalog/tag/krasnodar,
a026626da9effd5e2445,Косметолог📍Майкоп📍Краснодар,Краснодар,author,dr_zaira_sheudzhen,manual_only,72,worth_checking,,instagram,https://www.instagram.com/dr_zaira_sheudzhen,dr_zaira_sheudzhen,15000,micro,original_profile_opened,https://www.instagram.com/dr_zaira_sheudzhen,https://www.modash.io/find-influencers/russia/krasnodar,
a026626da9effd5e2445,Косметолог📍Майкоп📍Краснодар,Краснодар,author,dr_zaira_sheudzhen,manual_only,72,worth_checking,,threads,https://www.threads.com/@dr_zaira_sheudzhen,dr_zaira_sheudzhen,1100,micro,public_index_verified,https://threadlook.com/profile/dr_zaira_sheudzhen,https://www.modash.io/find-influencers/russia/krasnodar,
ac3790898a4001f4804c,КРАСНОДАР,Краснодар,author,irene_attitude,manual_only,72,worth_checking,,instagram,https://www.instagram.com/irene_attitude,irene_attitude,10000,micro,original_profile_opened,https://www.instagram.com/irene_attitude,https://www.modash.io/find-influencers/russia/krasnodar,
ac3790898a4001f4804c,КРАСНОДАР,Краснодар,author,irene_attitude,manual_only,72,worth_checking,,threads,https://www.threads.com/@irene_attitude,irene_attitude,553,micro,public_index_verified,https://threadlook.com/profile/irene_attitude,https://www.modash.io/find-influencers/russia/krasnodar,
3581876b98142a315307,Краснодар Новости Bigbro_krd,Краснодар,channel,bigbro_krd,advertising_contact,83,worth_checking,,telegram,https://t.me/bigbro_krd,bigbro_krd,32975,micro,original_profile_opened,https://t.me/bigbro_krd,https://telemetr.me/catalog/tag/krasnodar,
36e368855af2bcf1be33,Краснодарский  Одессит,Краснодар,author_or_channel,Alexsey69,manual_only,65,worth_checking,,youtube,https://www.youtube.com/@Alexsey69,Alexsey69,13800,micro,original_profile_opened,https://www.youtube.com/@Alexsey69,https://www.youtube.com/results?search_query=%D0%BB%D0%BE%D0%BA%D0%B0%D0%BB%D1%8C%D0%BD%D1%8B%D0%B9+%D0%B1%D0%BB%D0%BE%D0%B3%D0%B5%D1%80+%D0%9A%D1%80%D0%B0%D1%81%D0%BD%D0%BE%D0%B4%D0%B0%D1%80&hl=ru,https://www.youtube.com/watch?v=n41oN_x-S-8
c20336b7ea3e75b667c9,Краснодарский край глазами приезжих,Краснодар,author_or_channel,olgakuban1961,manual_only,70,worth_checking,,youtube,https://www.youtube.com/@olgakuban1961,olgakuban1961,1830,nano,original_profile_opened,https://www.youtube.com/@olgakuban1961,https://www.youtube.com/results?search_query=%D0%9A%D1%83%D0%B1%D0%B0%D0%BD%D1%8C+%D0%BF%D1%83%D1%82%D0%B5%D1%88%D0%B5%D1%81%D1%82%D0%B2%D0%B8%D1%8F+%D0%B1%D0%BB%D0%BE%D0%B3&hl=ru,https://www.youtube.com/watch?v=-af1Cgog5GM
a402ffa970a1f74de8cd,Краснодарский Топор 18+,Краснодар,channel,krasnodar_topor23,advertising_contact,83,worth_checking,,telegram,https://t.me/krasnodar_topor23,krasnodar_topor23,40559,micro,original_profile_opened,https://t.me/krasnodar_topor23,https://telemetr.me/catalog/tag/krasnodar,
0bfbf77d38daadf9dc4a,Лариса Титоян,Краснодар,author,larisa_titoyan,manual_only,61,needs_manual_review,,instagram,https://www.instagram.com/larisa_titoyan,larisa_titoyan,144000,mid,original_profile_opened,https://www.instagram.com/larisa_titoyan,https://infludata.com/rankings/top-20-influencer-russia-krasnodar-instagram,
5f6e1d9bd2d8a0158432,Лера Лисютина,Краснодар,author_or_channel,lisyutinalera,manual_only,70,worth_checking,,youtube,https://www.youtube.com/@lisyutinalera,lisyutinalera,4180,nano,original_profile_opened,https://www.youtube.com/@lisyutinalera,https://www.youtube.com/results?search_query=%D0%9A%D1%80%D0%B0%D1%81%D0%BD%D0%BE%D0%B4%D0%B0%D1%80+lifestyle+vlog&hl=ru,https://www.youtube.com/watch?v=xJSb2FVMnok
4e0be851f04edec67854,ЛЕУТИЧЕВЫ / недвижимость и путешествие 🏡🚗,Краснодар,author_or_channel,leutichevy,manual_only,70,worth_checking,riderra,youtube,https://www.youtube.com/@leutichevy,leutichevy,674,nano,original_profile_opened,https://www.youtube.com/@leutichevy,https://www.youtube.com/results?search_query=%D0%9A%D1%80%D0%B0%D1%81%D0%BD%D0%BE%D0%B4%D0%B0%D1%80+%D0%BE%D0%B1%D0%B7%D0%BE%D1%80+%D0%BC%D0%B5%D1%81%D1%82&hl=ru,https://www.youtube.com/watch?v=KM24Wgw2hP4
58f4e5bd4e3ea683dcba,Лили Кецман,Краснодар,author,lili.ketsman,manual_only,72,worth_checking,,instagram,https://www.instagram.com/lili.ketsman,lili.ketsman,62000,micro,original_profile_opened,https://www.instagram.com/lili.ketsman,https://infludata.com/rankings/top-20-influencer-russia-krasnodar-instagram,
58f4e5bd4e3ea683dcba,Лили Кецман,Краснодар,author,lili.ketsman,manual_only,72,worth_checking,,threads,https://www.threads.com/@lili.ketsman,lili.ketsman,1200,micro,public_index_verified,https://threadlook.com/profile/lili.ketsman,https://infludata.com/rankings/top-20-influencer-russia-krasnodar-instagram,
dced9545a4fd952ea8e2,"Мам, своди!",Краснодар,author_or_channel,%D0%9C%D0%B0%D0%BC%D1%81%D0%B2%D0%BE%D0%B4%D0%B8_%D0%9A%D1%80%D0%B0%D1%81%D0%BD%D0%BE%D0%B4%D0%B0%D1%80,manual_only,70,worth_checking,katok,youtube,https://www.youtube.com/@%D0%9C%D0%B0%D0%BC%D1%81%D0%B2%D0%BE%D0%B4%D0%B8_%D0%9A%D1%80%D0%B0%D1%81%D0%BD%D0%BE%D0%B4%D0%B0%D1%80,%D0%9C%D0%B0%D0%BC%D1%81%D0%B2%D0%BE%D0%B4%D0%B8_%D0%9A%D1%80%D0%B0%D1%81%D0%BD%D0%BE%D0%B4%D0%B0%D1%80,4,nano,original_profile_opened,https://www.youtube.com/@%D0%9C%D0%B0%D0%BC%D1%81%D0%B2%D0%BE%D0%B4%D0%B8_%D0%9A%D1%80%D0%B0%D1%81%D0%BD%D0%BE%D0%B4%D0%B0%D1%80,https://www.youtube.com/results?search_query=%D0%9A%D1%80%D0%B0%D1%81%D0%BD%D0%BE%D0%B4%D0%B0%D1%80+%D1%81+%D0%B4%D0%B5%D1%82%D1%8C%D0%BC%D0%B8&hl=ru,https://www.youtube.com/watch?v=FXNc9_ksUgQ
d71f2295a7159ea15ab0,Мари&Софи,Краснодар,author_or_channel,mariisofii,manual_only,65,worth_checking,,youtube,https://www.youtube.com/@mariisofii,mariisofii,28600,micro,original_profile_opened,https://www.youtube.com/@mariisofii,https://www.youtube.com/results?search_query=Krasnodar+family+vlog&hl=ru,https://www.youtube.com/watch?v=OCnLdQ0VWkc
99b5f03a570d1b34da8a,Мариичка🎀,Краснодар,author_or_channel,Maria_Vozvyshaeva,manual_only,70,worth_checking,riderra,youtube,https://www.youtube.com/@Maria_Vozvyshaeva,Maria_Vozvyshaeva,220,nano,original_profile_opened,https://www.youtube.com/@Maria_Vozvyshaeva,https://www.youtube.com/results?search_query=%D0%9A%D1%80%D0%B0%D1%81%D0%BD%D0%BE%D0%B4%D0%B0%D1%80+lifestyle+vlog&hl=ru,https://www.youtube.com/watch?v=wxQvUAW2VQQ
79ce0953bf11c92cdf70,Мастера Красоты No1 Краснодар,Краснодар,author_or_channel,No-oh7fd,manual_only,70,worth_checking,,youtube,https://www.youtube.com/@No-oh7fd,No-oh7fd,100,nano,original_profile_opened,https://www.youtube.com/@No-oh7fd,https://www.youtube.com/results?search_query=%D0%9A%D1%80%D0%B0%D1%81%D0%BD%D0%BE%D0%B4%D0%B0%D1%80+%D1%81%D0%B0%D0%BB%D0%BE%D0%BD%D1%8B+%D0%BA%D1%80%D0%B0%D1%81%D0%BE%D1%82%D1%8B+%D0%B1%D0%BB%D0%BE%D0%B3&hl=ru,https://www.youtube.com/watch?v=7Q3pxHa79wY
488a90ad7161b590d0e0,Машталир Наталья,Краснодар,author,smenila_imya,manual_only,72,worth_checking,,instagram,https://www.instagram.com/smenila_imya,smenila_imya,10000,micro,original_profile_opened,https://www.instagram.com/smenila_imya,https://www.modash.io/find-influencers/russia/krasnodar,
488a90ad7161b590d0e0,Машталир Наталья,Краснодар,author,smenila_imya,manual_only,72,worth_checking,,threads,https://www.threads.com/@smenila_imya,smenila_imya,944,micro,public_index_verified,https://threadlook.com/profile/smenila_imya,https://www.modash.io/find-influencers/russia/krasnodar,
678c3eb00841d0c96a3b,Милена🧿🤞🏻 | Модель ? 📍Krd,Краснодар,author,ssseallorredd,manual_only,75,worth_checking,,instagram,https://www.instagram.com/ssseallorredd,ssseallorredd,13000,micro,original_profile_opened,https://www.instagram.com/ssseallorredd,https://www.modash.io/find-influencers/russia/krasnodar,
678c3eb00841d0c96a3b,Милена🧿🤞🏻 | Модель ? 📍Krd,Краснодар,author,ssseallorredd,manual_only,75,worth_checking,,tiktok,https://www.tiktok.com/@ssseallorredd,ssseallorredd,,micro,original_profile_opened,https://www.tiktok.com/@ssseallorredd,https://www.modash.io/find-influencers/russia/krasnodar,
70817b3bfc91ad63187c,Мир в объективе с Фатимой 🌍,Краснодар,author_or_channel,Fatima-ll9qc,manual_only,70,worth_checking,riderra,youtube,https://www.youtube.com/@Fatima-ll9qc,Fatima-ll9qc,2690,nano,original_profile_opened,https://www.youtube.com/@Fatima-ll9qc,https://www.youtube.com/results?search_query=%D0%9A%D1%80%D0%B0%D1%81%D0%BD%D0%BE%D0%B4%D0%B0%D1%80+%D0%B4%D0%B5%D1%82%D1%81%D0%BA%D0%B8%D0%B5+%D0%BC%D0%B5%D1%81%D1%82%D0%B0&hl=ru,https://www.youtube.com/watch?v=asyFnRpxl1k
2ca2e2ca75180506a23c,Михаил Афанасьев,Краснодар,author_or_channel,AMV_MotoTravel,manual_only,65,worth_checking,,youtube,https://www.youtube.com/@AMV_MotoTravel,AMV_MotoTravel,17700,micro,original_profile_opened,https://www.youtube.com/@AMV_MotoTravel,https://www.youtube.com/results?search_query=%D0%9A%D1%80%D0%B0%D1%81%D0%BD%D0%BE%D0%B4%D0%B0%D1%80+%D0%BA%D1%83%D0%B4%D0%B0+%D1%81%D1%85%D0%BE%D0%B4%D0%B8%D1%82%D1%8C&hl=ru,https://www.youtube.com/watch?v=-GV74UlIGAg
18c7623c15beb6809c49,Михаил Хряпин - Недвижимость Краснодара,Краснодар,author_or_channel,MHryapin,manual_only,65,worth_checking,,youtube,https://www.youtube.com/@MHryapin,MHryapin,16800,micro,original_profile_opened,https://www.youtube.com/@MHryapin,https://www.youtube.com/results?search_query=%D0%BB%D0%BE%D0%BA%D0%B0%D0%BB%D1%8C%D0%BD%D1%8B%D0%B9+%D0%B1%D0%BB%D0%BE%D0%B3%D0%B5%D1%80+%D0%9A%D1%80%D0%B0%D1%81%D0%BD%D0%BE%D0%B4%D0%B0%D1%80&hl=ru,https://www.youtube.com/watch?v=0f3PiJ5-tNk
c2ad6afec346706eb878,Море людей. Подкаст на берегу.,Краснодар,author_or_channel,more.lyudey,manual_only,65,worth_checking,,youtube,https://www.youtube.com/@more.lyudey,more.lyudey,19200,micro,original_profile_opened,https://www.youtube.com/@more.lyudey,https://www.youtube.com/results?search_query=%D0%9A%D1%80%D0%B0%D1%81%D0%BD%D0%BE%D0%B4%D0%B0%D1%80+%D1%81+%D0%B4%D0%B5%D1%82%D1%8C%D0%BC%D0%B8&hl=ru,https://www.youtube.com/watch?v=OmJtjH0Q7Y8
6c07ac3193fd7d4a320b,Москвичи на Кубани,Краснодар,author_or_channel,moscow_eisk,manual_only,70,worth_checking,,youtube,https://www.youtube.com/@moscow_eisk,moscow_eisk,3540,nano,original_profile_opened,https://www.youtube.com/@moscow_eisk,https://www.youtube.com/results?search_query=Krasnodar+local+vlog&hl=ru,https://www.youtube.com/watch?v=ySGfUtd7ejM
578b120b79d89b21b4d8,Мурат Калакуток,Краснодар,author,murat_kalakutok,manual_only,71,worth_checking,,instagram,https://www.instagram.com/murat_kalakutok,murat_kalakutok,53000,micro,original_profile_opened,https://www.instagram.com/murat_kalakutok,https://adinblog.ru/топ/города/краснодар/,
0afa6d5a9eb2ac778446,На Клавишах,Краснодар,author_or_channel,%D0%9D%D0%B0%D0%9A%D0%BB%D0%B0%D0%B2%D0%B8%D1%88%D0%B0%D1%85,manual_only,70,worth_checking,,youtube,https://www.youtube.com/@%D0%9D%D0%B0%D0%9A%D0%BB%D0%B0%D0%B2%D0%B8%D1%88%D0%B0%D1%85,%D0%9D%D0%B0%D0%9A%D0%BB%D0%B0%D0%B2%D0%B8%D1%88%D0%B0%D1%85,5,nano,original_profile_opened,https://www.youtube.com/@%D0%9D%D0%B0%D0%9A%D0%BB%D0%B0%D0%B2%D0%B8%D1%88%D0%B0%D1%85,https://www.youtube.com/results?search_query=%D0%9A%D1%80%D0%B0%D1%81%D0%BD%D0%BE%D0%B4%D0%B0%D1%80+%D1%81%D0%B0%D0%BB%D0%BE%D0%BD%D1%8B+%D0%BA%D1%80%D0%B0%D1%81%D0%BE%D1%82%D1%8B+%D0%B1%D0%BB%D0%BE%D0%B3&hl=ru,https://www.youtube.com/watch?v=KN3z95g6v1A
896afb9e97f7429de3f6,НА СВОИХ ДВОИХ - Алёна И Женя,Краснодар,author_or_channel,na_svoih_dvoih,manual_only,65,worth_checking,,youtube,https://www.youtube.com/@na_svoih_dvoih,na_svoih_dvoih,32000,micro,original_profile_opened,https://www.youtube.com/@na_svoih_dvoih,https://www.youtube.com/results?search_query=%D0%9A%D1%80%D0%B0%D1%81%D0%BD%D0%BE%D0%B4%D0%B0%D1%80+%D1%81%D0%B5%D0%BC%D0%B5%D0%B9%D0%BD%D1%8B%D0%B9+%D0%B1%D0%BB%D0%BE%D0%B3&hl=ru,https://www.youtube.com/watch?v=JbtpXVoCQe8
98c5bc036435f3f2d2e5,Настя в кадре!,Краснодар,author_or_channel,nastyaeremina,manual_only,70,worth_checking,,youtube,https://www.youtube.com/@nastyaeremina,nastyaeremina,2080,nano,original_profile_opened,https://www.youtube.com/@nastyaeremina,https://www.youtube.com/results?search_query=%D0%9A%D1%80%D0%B0%D1%81%D0%BD%D0%BE%D0%B4%D0%B0%D1%80+%D0%BA%D1%83%D0%B4%D0%B0+%D1%81%D1%85%D0%BE%D0%B4%D0%B8%D1%82%D1%8C&hl=ru,https://www.youtube.com/watch?v=bb8wdTLfbpY
44db60108fd2b026be8f,НАТАЛИ - TOP 🔝 МАКИЯЖ ВИЗАЖИСТ ОБУЧЕНИЕ КРАСНОДАР,Краснодар,author,naberri_makeup,manual_only,62,needs_manual_review,,instagram,https://www.instagram.com/naberri_makeup,naberri_makeup,118000,mid,original_profile_opened,https://www.instagram.com/naberri_makeup,https://infludata.com/rankings/top-20-influencer-russia-krasnodar-instagram,
44db60108fd2b026be8f,НАТАЛИ - TOP 🔝 МАКИЯЖ ВИЗАЖИСТ ОБУЧЕНИЕ КРАСНОДАР,Краснодар,author,naberri_makeup,manual_only,62,needs_manual_review,,threads,https://www.threads.com/@naberri_makeup,naberri_makeup,1800,mid,public_index_verified,https://threadlook.com/profile/naberri_makeup,https://infludata.com/rankings/top-20-influencer-russia-krasnodar-instagram,
58487e84456806eaad4c,НекраSOVA LifeVlog,Краснодар,author_or_channel,NekraSovaLifeVlog,manual_only,70,worth_checking,riderra,youtube,https://www.youtube.com/@NekraSovaLifeVlog,NekraSovaLifeVlog,952,nano,original_profile_opened,https://www.youtube.com/@NekraSovaLifeVlog,https://www.youtube.com/results?search_query=%D0%9A%D1%83%D0%B1%D0%B0%D0%BD%D1%8C+%D0%BF%D1%83%D1%82%D0%B5%D1%88%D0%B5%D1%81%D1%82%D0%B2%D0%B8%D1%8F+%D0%B1%D0%BB%D0%BE%D0%B3&hl=ru,https://www.youtube.com/watch?v=ovPmm1WW8Og
c3e67b570cefa1d749ae,Обучаю съемке Reels на смартфон.,Краснодар,author,mitopro,manual_only,62,needs_manual_review,,instagram,https://www.instagram.com/mitopro,mitopro,100000,mid,original_profile_opened,https://www.instagram.com/mitopro,https://infludata.com/rankings/top-20-influencer-russia-krasnodar-instagram,
c3e67b570cefa1d749ae,Обучаю съемке Reels на смартфон.,Краснодар,author,mitopro,manual_only,62,needs_manual_review,,threads,https://www.threads.com/@mitopro,mitopro,1300,mid,public_index_verified,https://threadlook.com/profile/mitopro,https://infludata.com/rankings/top-20-influencer-russia-krasnodar-instagram,
f080f3dce563d11c1789,"ОЙ, САШ",Краснодар,author_or_channel,sasha_zharkovaa,manual_only,70,worth_checking,,youtube,https://www.youtube.com/@sasha_zharkovaa,sasha_zharkovaa,2530,nano,original_profile_opened,https://www.youtube.com/@sasha_zharkovaa,https://www.youtube.com/results?search_query=%D0%9A%D1%80%D0%B0%D1%81%D0%BD%D0%BE%D0%B4%D0%B0%D1%80+lifestyle+vlog&hl=ru,https://www.youtube.com/watch?v=NPig9JUlgbQ
af0c4503bf63b1ab69be,Отари Бадров,Краснодар,author,otarrri,manual_only,74,worth_checking,,instagram,https://www.instagram.com/otarrri,otarrri,14000,micro,original_profile_opened,https://www.instagram.com/otarrri,https://www.modash.io/find-influencers/russia/krasnodar,
af0c4503bf63b1ab69be,Отари Бадров,Краснодар,author,otarrri,manual_only,74,worth_checking,,threads,https://www.threads.com/@otarrri,otarrri,501,micro,public_index_verified,https://threadlook.com/profile/otarrri,https://www.modash.io/find-influencers/russia/krasnodar,
af0c4503bf63b1ab69be,Отари Бадров,Краснодар,author,otarrri,manual_only,74,worth_checking,,tiktok,https://www.tiktok.com/@otarrri,otarrri,,micro,original_profile_opened,https://www.tiktok.com/@otarrri,https://www.modash.io/find-influencers/russia/krasnodar,
b39cae57888ba39072b7,Парк Галицкого. Краснодар,Краснодар,channel,parkgalitckogo,manual_only,71,worth_checking,,telegram,https://t.me/parkgalitckogo,parkgalitckogo,18599,micro,original_profile_opened,https://t.me/parkgalitckogo,https://telemetr.me/catalog/tag/krasnodar,
e48d864203947c360706,Переезд в Краснодар,Краснодар,author_or_channel,pereehiclub,manual_only,70,worth_checking,katok,youtube,https://www.youtube.com/@pereehiclub,pereehiclub,1960,nano,original_profile_opened,https://www.youtube.com/@pereehiclub,https://www.youtube.com/results?search_query=%D0%9A%D1%80%D0%B0%D1%81%D0%BD%D0%BE%D0%B4%D0%B0%D1%80+%D1%81+%D0%B4%D0%B5%D1%82%D1%8C%D0%BC%D0%B8&hl=ru,https://www.youtube.com/watch?v=RUZE3AquLhg
6b8eec40123ac22cebd2,"ПОЕХАЛИ, ПОСМОТРИМ!",Краснодар,author_or_channel,poexali_posmotrim,manual_only,70,worth_checking,riderra,youtube,https://www.youtube.com/@poexali_posmotrim,poexali_posmotrim,11,nano,original_profile_opened,https://www.youtube.com/@poexali_posmotrim,https://www.youtube.com/results?search_query=%D0%9A%D1%80%D0%B0%D1%81%D0%BD%D0%BE%D0%B4%D0%B0%D1%80+%D1%81+%D0%B4%D0%B5%D1%82%D1%8C%D0%BC%D0%B8&hl=ru,https://www.youtube.com/watch?v=Qr_jAx7u-Sc
3b5e5870d57934587299,ПРИГЛАСИТЕЛЬНЫЕ / ОБУЧЕНИЕ / БУКЕТЫ / СВАДЕБНАЯ АТРИБУТИКА,Краснодар,author,naira_events_,manual_only,61,needs_manual_review,,instagram,https://www.instagram.com/naira_events_,naira_events_,147000,mid,original_profile_opened,https://www.instagram.com/naira_events_,https://adinblog.ru/топ/города/краснодар/,
3dc447ca6ae414190ef6,"ПРОСОЧИЛИСЬ. Сочи, Краснодар, Москва, Анапа",Краснодар,author_or_channel,prosochilis,manual_only,65,worth_checking,,youtube,https://www.youtube.com/@prosochilis,prosochilis,25300,micro,original_profile_opened,https://www.youtube.com/@prosochilis,https://www.youtube.com/results?search_query=%D0%9A%D1%80%D0%B0%D1%81%D0%BD%D0%BE%D0%B4%D0%B0%D1%80+%D0%B4%D0%B5%D1%82%D1%81%D0%BA%D0%B8%D0%B5+%D1%80%D0%B0%D0%B7%D0%B2%D0%BB%D0%B5%D1%87%D0%B5%D0%BD%D0%B8%D1%8F&hl=ru,https://www.youtube.com/watch?v=-zbf_LBQUBE
34aa5dc71ae6794f72e3,ПростПост,Краснодар,author_or_channel,%D0%9F%D1%80%D0%BE%D1%81%D1%82%D0%9F%D0%BE%D1%81%D1%82,manual_only,70,worth_checking,katok,youtube,https://www.youtube.com/@%D0%9F%D1%80%D0%BE%D1%81%D1%82%D0%9F%D0%BE%D1%81%D1%82,%D0%9F%D1%80%D0%BE%D1%81%D1%82%D0%9F%D0%BE%D1%81%D1%82,302,nano,original_profile_opened,https://www.youtube.com/@%D0%9F%D1%80%D0%BE%D1%81%D1%82%D0%9F%D0%BE%D1%81%D1%82,https://www.youtube.com/results?search_query=%D0%9A%D1%80%D0%B0%D1%81%D0%BD%D0%BE%D0%B4%D0%B0%D1%80+%D0%B0%D1%84%D0%B8%D1%88%D0%B0+%D0%B2%D0%B8%D0%B4%D0%B5%D0%BE&hl=ru,https://www.youtube.com/watch?v=Mle7h_9Icu4
b29fc4874276427c077f,Путешествия Вместе с Нами,"Краснодар, Санкт-Петербург",author_or_channel,AnnaYa.Travel,manual_only,65,worth_checking,"katok, riderra",youtube,https://www.youtube.com/@AnnaYa.Travel,AnnaYa.Travel,39500,micro,original_profile_opened,https://www.youtube.com/@AnnaYa.Travel,https://www.youtube.com/results?search_query=%D0%9A%D1%80%D0%B0%D1%81%D0%BD%D0%BE%D0%B4%D0%B0%D1%80+%D1%81+%D0%B4%D0%B5%D1%82%D1%8C%D0%BC%D0%B8&hl=ru,https://www.youtube.com/watch?v=J_N63eINTaA
a3b1efa6db825b8b10bb,Роман Кокорин. Путешествия по России.,Краснодар,author_or_channel,roman.kokorin,manual_only,65,worth_checking,riderra,youtube,https://www.youtube.com/@roman.kokorin,roman.kokorin,20300,micro,original_profile_opened,https://www.youtube.com/@roman.kokorin,https://www.youtube.com/results?search_query=%D0%9A%D1%80%D0%B0%D1%81%D0%BD%D0%BE%D0%B4%D0%B0%D1%80+%D1%81+%D0%B4%D0%B5%D1%82%D1%8C%D0%BC%D0%B8&hl=ru,https://www.youtube.com/watch?v=XyIXGH2uj2c
474347f3fd79b5bca697,Роман Маслевский,Краснодар,author_or_channel,maslevsky_rf,manual_only,65,worth_checking,,youtube,https://www.youtube.com/@maslevsky_rf,maslevsky_rf,24600,micro,original_profile_opened,https://www.youtube.com/@maslevsky_rf,https://www.youtube.com/results?search_query=%D0%9A%D1%80%D0%B0%D1%81%D0%BD%D0%BE%D0%B4%D0%B0%D1%80+%D0%BE%D0%B1%D0%B7%D0%BE%D1%80+%D0%BC%D0%B5%D1%81%D1%82&hl=ru,https://www.youtube.com/watch?v=OZxQD12H6Bw
7cc1a77870408c24cf89,Руслан Рунов,Краснодар,author_or_channel,ruslanrunov,manual_only,65,worth_checking,,youtube,https://www.youtube.com/@ruslanrunov,ruslanrunov,60000,micro,original_profile_opened,https://www.youtube.com/@ruslanrunov,https://www.youtube.com/results?search_query=%D0%BB%D0%BE%D0%BA%D0%B0%D0%BB%D1%8C%D0%BD%D1%8B%D0%B9+%D0%B1%D0%BB%D0%BE%D0%B3%D0%B5%D1%80+%D0%9A%D1%80%D0%B0%D1%81%D0%BD%D0%BE%D0%B4%D0%B0%D1%80&hl=ru,https://www.youtube.com/watch?v=Y2jnYpp5h7E
961038f5271711dad7e9,СВОЙ ЧЕЛОВЕК В КРАСНОДАРЕ,Краснодар,author_or_channel,svoyvkrd,manual_only,65,worth_checking,,youtube,https://www.youtube.com/@svoyvkrd,svoyvkrd,58000,micro,original_profile_opened,https://www.youtube.com/@svoyvkrd,https://www.youtube.com/results?search_query=%D0%BB%D0%BE%D0%BA%D0%B0%D0%BB%D1%8C%D0%BD%D1%8B%D0%B9+%D0%B1%D0%BB%D0%BE%D0%B3%D0%B5%D1%80+%D0%9A%D1%80%D0%B0%D1%81%D0%BD%D0%BE%D0%B4%D0%B0%D1%80&hl=ru,https://www.youtube.com/watch?v=oS0r4ghp33w
10eaca5a51c7af770758,СЕМЬДЕСЯТСЕДЬМОЙ,Краснодар,author_or_channel,semdesiatsedmoy,manual_only,70,worth_checking,riderra,youtube,https://www.youtube.com/@semdesiatsedmoy,semdesiatsedmoy,8910,nano,original_profile_opened,https://www.youtube.com/@semdesiatsedmoy,https://www.youtube.com/results?search_query=%D0%9A%D1%80%D0%B0%D1%81%D0%BD%D0%BE%D0%B4%D0%B0%D1%80+%D0%B4%D0%B5%D1%82%D1%81%D0%BA%D0%B8%D0%B5+%D1%80%D0%B0%D0%B7%D0%B2%D0%BB%D0%B5%D1%87%D0%B5%D0%BD%D0%B8%D1%8F&hl=ru,https://www.youtube.com/watch?v=j_91RHRXvvc
7485203714e08f6faf55,СЕМЬЯ НА ЧЕМОДАНАХ,Краснодар,author_or_channel,semyaNAchemodanax,manual_only,65,worth_checking,,youtube,https://www.youtube.com/@semyaNAchemodanax,semyaNAchemodanax,90500,micro,original_profile_opened,https://www.youtube.com/@semyaNAchemodanax,https://www.youtube.com/results?search_query=%D0%9A%D1%80%D0%B0%D1%81%D0%BD%D0%BE%D0%B4%D0%B0%D1%80+%D1%81+%D0%B4%D0%B5%D1%82%D1%8C%D0%BC%D0%B8&hl=ru,https://www.youtube.com/watch?v=7JpUdGW-vMY
4853ec37eb3c714be229,СОЧНЫЕ,Краснодар,author_or_channel,krd193,manual_only,70,worth_checking,,youtube,https://www.youtube.com/@krd193,krd193,9620,nano,original_profile_opened,https://www.youtube.com/@krd193,https://www.youtube.com/results?search_query=%D0%9A%D1%80%D0%B0%D1%81%D0%BD%D0%BE%D0%B4%D0%B0%D1%80+lifestyle+vlog&hl=ru,https://www.youtube.com/watch?v=Q_bjdWB3xT4
c1aeb900268afa614d87,Спартакус,Краснодар,author_or_channel,spartacuso,manual_only,70,worth_checking,,youtube,https://www.youtube.com/@spartacuso,spartacuso,3930,nano,original_profile_opened,https://www.youtube.com/@spartacuso,https://www.youtube.com/results?search_query=%D0%9A%D1%80%D0%B0%D1%81%D0%BD%D0%BE%D0%B4%D0%B0%D1%80+%D0%BA%D1%83%D0%B4%D0%B0+%D1%81%D1%85%D0%BE%D0%B4%D0%B8%D1%82%D1%8C&hl=ru,https://www.youtube.com/watch?v=4eOq09v4pIM
c9677d0c38bb89c80d20,Станислав Светлаков,Краснодар,author_or_channel,SvetlakOFF,manual_only,70,worth_checking,,youtube,https://www.youtube.com/@SvetlakOFF,SvetlakOFF,2580,nano,original_profile_opened,https://www.youtube.com/@SvetlakOFF,https://www.youtube.com/results?search_query=%D0%9A%D1%80%D0%B0%D1%81%D0%BD%D0%BE%D0%B4%D0%B0%D1%80+%D0%B4%D0%B5%D1%82%D1%81%D0%BA%D0%B8%D0%B5+%D0%BC%D0%B5%D1%81%D1%82%D0%B0&hl=ru,https://www.youtube.com/watch?v=H2JpmRZ1OIY
1ccdb47db58a99b7968c,Сюзанна ♌️Саруханян,Краснодар,author,suzanna_sarukhanyan,manual_only,72,worth_checking,,instagram,https://www.instagram.com/suzanna_sarukhanyan,suzanna_sarukhanyan,47000,micro,original_profile_opened,https://www.instagram.com/suzanna_sarukhanyan,https://www.modash.io/find-influencers/russia/krasnodar,
1ccdb47db58a99b7968c,Сюзанна ♌️Саруханян,Краснодар,author,suzanna_sarukhanyan,manual_only,72,worth_checking,,threads,https://www.threads.com/@suzanna_sarukhanyan,suzanna_sarukhanyan,1900,micro,public_index_verified,https://threadlook.com/profile/suzanna_sarukhanyan,https://www.modash.io/find-influencers/russia/krasnodar,
8e7ff134b955a60c6730,Таня и Слава Влог,Краснодар,author_or_channel,Tanya_i_Slava_7,manual_only,70,worth_checking,,youtube,https://www.youtube.com/@Tanya_i_Slava_7,Tanya_i_Slava_7,9170,nano,original_profile_opened,https://www.youtube.com/@Tanya_i_Slava_7,https://www.youtube.com/results?search_query=%D0%9A%D1%80%D0%B0%D1%81%D0%BD%D0%BE%D0%B4%D0%B0%D1%80+%D0%BC%D0%B0%D0%BC%D0%B0+%D0%B1%D0%BB%D0%BE%D0%B3&hl=ru,https://www.youtube.com/watch?v=2MwRT7jPGb4
496650ffd7a478eea1ec,Таня Хинкель,Краснодар,author_or_channel,tanya_hinkel,manual_only,70,worth_checking,,youtube,https://www.youtube.com/@tanya_hinkel,tanya_hinkel,2810,nano,original_profile_opened,https://www.youtube.com/@tanya_hinkel,https://www.youtube.com/results?search_query=Krasnodar+family+vlog&hl=ru,https://www.youtube.com/watch?v=8aWRqYnbntE
e3b7c1ec12b9948e6943,Татьяна Белохон / Будни мамы VLOG,Краснодар,author_or_channel,TattiVLOG,manual_only,65,worth_checking,riderra,youtube,https://www.youtube.com/@TattiVLOG,TattiVLOG,65800,micro,original_profile_opened,https://www.youtube.com/@TattiVLOG,https://www.youtube.com/results?search_query=%D0%BB%D0%BE%D0%BA%D0%B0%D0%BB%D1%8C%D0%BD%D1%8B%D0%B9+%D0%B1%D0%BB%D0%BE%D0%B3%D0%B5%D1%80+%D0%9A%D1%80%D0%B0%D1%81%D0%BD%D0%BE%D0%B4%D0%B0%D1%80&hl=ru,https://www.youtube.com/watch?v=4iGVgeW_Vu4
ffdb400119f5bb49ad0d,ТВОЙ КОТ,Краснодар,author_or_channel,tvoikot,manual_only,65,worth_checking,,youtube,https://www.youtube.com/@tvoikot,tvoikot,29300,micro,original_profile_opened,https://www.youtube.com/@tvoikot,https://www.youtube.com/results?search_query=%D0%9A%D1%80%D0%B0%D1%81%D0%BD%D0%BE%D0%B4%D0%B0%D1%80+%D0%B4%D0%B5%D1%82%D1%81%D0%BA%D0%B8%D0%B5+%D0%BC%D0%B5%D1%81%D1%82%D0%B0&hl=ru,https://www.youtube.com/watch?v=gu0EbXde3nQ
5c9efec45c8e93309e89,Телеканал «Краснодар»,Краснодар,author_or_channel,tv_krasnodar,manual_only,55,needs_manual_review,,youtube,https://www.youtube.com/@tv_krasnodar,tv_krasnodar,170000,mid,original_profile_opened,https://www.youtube.com/@tv_krasnodar,https://www.youtube.com/results?search_query=%D0%BB%D0%BE%D0%BA%D0%B0%D0%BB%D1%8C%D0%BD%D1%8B%D0%B9+%D0%B1%D0%BB%D0%BE%D0%B3%D0%B5%D1%80+%D0%9A%D1%80%D0%B0%D1%81%D0%BD%D0%BE%D0%B4%D0%B0%D1%80&hl=ru,https://www.youtube.com/watch?v=tzXO-AVsX_g
ff00a2ad44e7573e0b59,Телеканал «Краснодар» LIVE,Краснодар,author_or_channel,krasnodarlive,manual_only,65,worth_checking,,youtube,https://www.youtube.com/@krasnodarlive,krasnodarlive,20000,micro,original_profile_opened,https://www.youtube.com/@krasnodarlive,https://www.youtube.com/results?search_query=%D0%9A%D1%80%D0%B0%D1%81%D0%BD%D0%BE%D0%B4%D0%B0%D1%80+%D1%81%D0%B0%D0%BB%D0%BE%D0%BD%D1%8B+%D0%BA%D1%80%D0%B0%D1%81%D0%BE%D1%82%D1%8B+%D0%B1%D0%BB%D0%BE%D0%B3&hl=ru,https://www.youtube.com/watch?v=DBhtwRFTuK8
bc2ad82f99dd6d312d05,Типичный гедонист,"Краснодар, Санкт-Петербург",author_or_channel,%D0%93%D0%B5%D0%B4%D0%BE%D0%BD%D0%B8%D1%81%D1%8225,manual_only,65,worth_checking,riderra,youtube,https://www.youtube.com/@%D0%93%D0%B5%D0%B4%D0%BE%D0%BD%D0%B8%D1%81%D1%8225,%D0%93%D0%B5%D0%B4%D0%BE%D0%BD%D0%B8%D1%81%D1%8225,12800,micro,original_profile_opened,https://www.youtube.com/@%D0%93%D0%B5%D0%B4%D0%BE%D0%BD%D0%B8%D1%81%D1%8225,https://www.youtube.com/results?search_query=%D0%BB%D0%BE%D0%BA%D0%B0%D0%BB%D1%8C%D0%BD%D1%8B%D0%B9+%D0%B1%D0%BB%D0%BE%D0%B3%D0%B5%D1%80+%D0%9A%D1%80%D0%B0%D1%81%D0%BD%D0%BE%D0%B4%D0%B0%D1%80&hl=ru,https://www.youtube.com/watch?v=MM1XyOjd1pE
dfe5342226ff3f8717a8,Типичный Краснодар,Краснодар,channel,krdtipical,advertising_contact,83,worth_checking,,telegram,https://t.me/krdtipical,krdtipical,33677,micro,original_profile_opened,https://t.me/krdtipical,https://telemetr.me/catalog/tag/krasnodar,
07182286fd9eeed12b15,Тюльпанов Plus,Краснодар,author_or_channel,tulpanovplus,manual_only,70,worth_checking,,youtube,https://www.youtube.com/@tulpanovplus,tulpanovplus,8460,nano,original_profile_opened,https://www.youtube.com/@tulpanovplus,https://www.youtube.com/results?search_query=%D0%9A%D1%80%D0%B0%D1%81%D0%BD%D0%BE%D0%B4%D0%B0%D1%80+%D1%81%D0%B5%D0%BC%D0%B5%D0%B9%D0%BD%D1%8B%D0%B9+%D0%BA%D0%B0%D0%BD%D0%B0%D0%BB&hl=ru,https://www.youtube.com/watch?v=AW1ZslwvHQs
fb3b72cd3335b2378061,Угол архитектора,Краснодар,author_or_channel,UGOL_ARHITEKTORA,manual_only,65,worth_checking,,youtube,https://www.youtube.com/@UGOL_ARHITEKTORA,UGOL_ARHITEKTORA,23200,micro,original_profile_opened,https://www.youtube.com/@UGOL_ARHITEKTORA,https://www.youtube.com/results?search_query=%D0%9A%D1%80%D0%B0%D1%81%D0%BD%D0%BE%D0%B4%D0%B0%D1%80+%D0%B4%D0%B5%D1%82%D1%81%D0%BA%D0%B8%D0%B5+%D0%BC%D0%B5%D1%81%D1%82%D0%B0&hl=ru,https://www.youtube.com/watch?v=nh2MuRotGMI
cc2175890dbad42be6d0,Ульяна Жабаркулова,Краснодар,author_or_channel,ukulla888,manual_only,70,worth_checking,katok,youtube,https://www.youtube.com/@ukulla888,ukulla888,108,nano,original_profile_opened,https://www.youtube.com/@ukulla888,https://www.youtube.com/results?search_query=%D0%9A%D1%80%D0%B0%D1%81%D0%BD%D0%BE%D0%B4%D0%B0%D1%80+%D1%81+%D0%B4%D0%B5%D1%82%D1%8C%D0%BC%D0%B8&hl=ru,https://www.youtube.com/watch?v=9HKi0RmoVoI
d190a195b211f8865c25,ФЛОРИССИМА-комнатные|уличные |срез,Краснодар,channel,flflorissima,manual_only,71,worth_checking,,telegram,https://t.me/flflorissima,flflorissima,18756,micro,original_profile_opened,https://t.me/flflorissima,https://telemetr.me/catalog/tag/krasnodar,
a72d4be6e0fabd5aef58,Центр Города Торговый Квартал в Краснодаре,Краснодар,author_or_channel,%D0%A6%D0%B5%D0%BD%D1%82%D1%80%D0%93%D0%BE%D1%80%D0%BE%D0%B4%D0%B0%D0%A2%D0%BE%D1%80%D0%B3%D0%BE%D0%B2%D1%8B%D0%B9%D0%9A%D0%B2%D0%B0%D1%80%D1%82%D0%B0%D0%BB%D0%B2%D0%9A%D1%80%D0%B0,manual_only,70,worth_checking,,youtube,https://www.youtube.com/@%D0%A6%D0%B5%D0%BD%D1%82%D1%80%D0%93%D0%BE%D1%80%D0%BE%D0%B4%D0%B0%D0%A2%D0%BE%D1%80%D0%B3%D0%BE%D0%B2%D1%8B%D0%B9%D0%9A%D0%B2%D0%B0%D1%80%D1%82%D0%B0%D0%BB%D0%B2%D0%9A%D1%80%D0%B0,%D0%A6%D0%B5%D0%BD%D1%82%D1%80%D0%93%D0%BE%D1%80%D0%BE%D0%B4%D0%B0%D0%A2%D0%BE%D1%80%D0%B3%D0%BE%D0%B2%D1%8B%D0%B9%D0%9A%D0%B2%D0%B0%D1%80%D1%82%D0%B0%D0%BB%D0%B2%D0%9A%D1%80%D0%B0,772,nano,original_profile_opened,https://www.youtube.com/@%D0%A6%D0%B5%D0%BD%D1%82%D1%80%D0%93%D0%BE%D1%80%D0%BE%D0%B4%D0%B0%D0%A2%D0%BE%D1%80%D0%B3%D0%BE%D0%B2%D1%8B%D0%B9%D0%9A%D0%B2%D0%B0%D1%80%D1%82%D0%B0%D0%BB%D0%B2%D0%9A%D1%80%D0%B0,https://www.youtube.com/results?search_query=%D0%9A%D1%80%D0%B0%D1%81%D0%BD%D0%BE%D0%B4%D0%B0%D1%80+%D0%B4%D0%B5%D1%82%D1%81%D0%BA%D0%B8%D0%B5+%D1%80%D0%B0%D0%B7%D0%B2%D0%BB%D0%B5%D1%87%D0%B5%D0%BD%D0%B8%D1%8F&hl=ru,https://www.youtube.com/watch?v=q3NYVdlz4f0
a7c00b62cf70f32786a5,Элеонора Глушкова,Краснодар,author_or_channel,eleonorakrd,manual_only,70,worth_checking,,youtube,https://www.youtube.com/@eleonorakrd,eleonorakrd,694,nano,original_profile_opened,https://www.youtube.com/@eleonorakrd,https://www.youtube.com/results?search_query=%D0%9A%D1%80%D0%B0%D1%81%D0%BD%D0%BE%D0%B4%D0%B0%D1%80+%D1%81%D0%B0%D0%BB%D0%BE%D0%BD%D1%8B+%D0%BA%D1%80%D0%B0%D1%81%D0%BE%D1%82%D1%8B+%D0%B1%D0%BB%D0%BE%D0%B3&hl=ru,https://www.youtube.com/watch?v=m9Z0V-PGT8A
d425711c1319ca90e8a8,Это Я,Краснодар,author_or_channel,%D0%AD%D1%82%D0%BE%D0%AF%D0%98%D0%B2%D0%B0%D0%BD,manual_only,65,worth_checking,,youtube,https://www.youtube.com/@%D0%AD%D1%82%D0%BE%D0%AF%D0%98%D0%B2%D0%B0%D0%BD,%D0%AD%D1%82%D0%BE%D0%AF%D0%98%D0%B2%D0%B0%D0%BD,16000,micro,original_profile_opened,https://www.youtube.com/@%D0%AD%D1%82%D0%BE%D0%AF%D0%98%D0%B2%D0%B0%D0%BD,https://www.youtube.com/results?search_query=%D0%9A%D1%80%D0%B0%D1%81%D0%BD%D0%BE%D0%B4%D0%B0%D1%80+%D1%81%D0%B5%D0%BC%D0%B5%D0%B9%D0%BD%D1%8B%D0%B9+%D0%B1%D0%BB%D0%BE%D0%B3&hl=ru,https://www.youtube.com/watch?v=bftWObskj04
b6ccdd78d55fad525757,Юг Отдых | курорты • отели • обзоры • отзывы,Краснодар,author_or_channel,GOLOWINSKIY,manual_only,65,worth_checking,,youtube,https://www.youtube.com/@GOLOWINSKIY,GOLOWINSKIY,26900,micro,original_profile_opened,https://www.youtube.com/@GOLOWINSKIY,https://www.youtube.com/results?search_query=%D0%9A%D1%83%D0%B1%D0%B0%D0%BD%D1%8C+%D0%BF%D1%83%D1%82%D0%B5%D1%88%D0%B5%D1%81%D1%82%D0%B2%D0%B8%D1%8F+%D0%B1%D0%BB%D0%BE%D0%B3&hl=ru,https://www.youtube.com/watch?v=4l4q7nJ-xaQ
31c1c40fa25a8fd585e0,Южа может,Краснодар,author_or_channel,youzalive,manual_only,70,worth_checking,,youtube,https://www.youtube.com/@youzalive,youzalive,124,nano,original_profile_opened,https://www.youtube.com/@youzalive,https://www.youtube.com/results?search_query=%D0%9A%D1%80%D0%B0%D1%81%D0%BD%D0%BE%D0%B4%D0%B0%D1%80+%D0%B1%D0%BB%D0%BE%D0%B3&hl=ru,https://www.youtube.com/watch?v=NoBry8_DM5Q
9d69763a871841ac52e7,๑♡Катина Семья♡๑,Краснодар,author_or_channel,Katina_Semia,manual_only,70,worth_checking,,youtube,https://www.youtube.com/@Katina_Semia,Katina_Semia,3050,nano,original_profile_opened,https://www.youtube.com/@Katina_Semia,https://www.youtube.com/results?search_query=%D0%9A%D1%80%D0%B0%D1%81%D0%BD%D0%BE%D0%B4%D0%B0%D1%80+%D1%81%D0%B5%D0%BC%D0%B5%D0%B9%D0%BD%D1%8B%D0%B9+%D0%BA%D0%B0%D0%BD%D0%B0%D0%BB&hl=ru,https://www.youtube.com/watch?v=C6at9dri7Tw
ab5dd7438525dc298051,��� ���������,Краснодар,community,my_krd,manual_only,61,needs_manual_review,,vk,https://vk.com/my_krd,my_krd,,unknown,original_profile_opened,https://vk.com/my_krd,https://krasnodar.mediaohvat.ru/public_blogger,
c2662c3a4047fa4d86f7,��� ���������,Краснодар,community,ourkrd,manual_only,61,needs_manual_review,,vk,https://vk.com/ourkrd,ourkrd,,unknown,original_profile_opened,https://vk.com/ourkrd,https://krasnodar.mediaohvat.ru/public_blogger,
5dde7b2bff8d03949877,���� ����������� ���������. ������-�����������,Краснодар,community,ritmkrd,manual_only,61,needs_manual_review,,vk,https://vk.com/ritmkrd,ritmkrd,,unknown,original_profile_opened,https://vk.com/ritmkrd,https://www.yapokupayu.ru/blogs/post/luchshie-pabliki-goroda-na-kotorye-stoit-podpisatsya,
f0a2610e52a300725898,����� ����������,Краснодар,community,afishakrr,manual_only,61,needs_manual_review,,vk,https://vk.com/afishakrr,afishakrr,,unknown,original_profile_opened,https://vk.com/afishakrr,https://www.yapokupayu.ru/blogs/post/luchshie-pabliki-goroda-na-kotorye-stoit-podpisatsya,
3ba4644b5aaa305d6d3b,�������� ������,Краснодар,community,typical_kuban,manual_only,61,needs_manual_review,,vk,https://vk.com/typical_kuban,typical_kuban,,unknown,original_profile_opened,https://vk.com/typical_kuban,https://krasnodar.mediaohvat.ru/public_blogger,
e0aa01af00bd94c96bf5,�������� ���������,Краснодар,community,typical_krd,manual_only,61,needs_manual_review,,vk,https://vk.com/typical_krd,typical_krd,,unknown,original_profile_opened,https://vk.com/typical_krd,https://www.yapokupayu.ru/blogs/post/luchshie-pabliki-goroda-na-kotorye-stoit-podpisatsya,
82388cc4054a4bcc3f31,�������� ��������� - ���������� ��������,Краснодар,community,freekrasnodar1,manual_only,61,needs_manual_review,,vk,https://vk.com/freekrasnodar1,freekrasnodar1,,unknown,original_profile_opened,https://vk.com/freekrasnodar1,https://krasnodar.mediaohvat.ru/public_blogger,
2970b4602fe7c853ce6d,�������� ������������� ����,Краснодар,community,tipich_kk,manual_only,61,needs_manual_review,,vk,https://vk.com/tipich_kk,tipich_kk,,unknown,original_profile_opened,https://vk.com/tipich_kk,https://krasnodar.mediaohvat.ru/public_blogger,
c09f4c3dfeb2b77e0751,���������,Краснодар,community,krasn23,manual_only,61,needs_manual_review,,vk,https://vk.com/krasn23,krasn23,,unknown,original_profile_opened,https://vk.com/krasn23,https://krasnodar.mediaohvat.ru/public_blogger,
ed9dc1274b966eb63c7b,��������� | ������ 23,Краснодар,community,kraskrd,manual_only,61,needs_manual_review,,vk,https://vk.com/kraskrd,kraskrd,,unknown,original_profile_opened,https://vk.com/kraskrd,https://www.yapokupayu.ru/blogs/post/luchshie-pabliki-goroda-na-kotorye-stoit-podpisatsya,
f720c961343de61cad4a,��������� ��������,Краснодар,community,krdgo,manual_only,61,needs_manual_review,,vk,https://vk.com/krdgo,krdgo,,unknown,original_profile_opened,https://vk.com/krdgo,https://krasnodar.mediaohvat.ru/public_blogger,
11216a753432494d1719,���������-online,Краснодар,community,krd_online,manual_only,61,needs_manual_review,,vk,https://vk.com/krd_online,krd_online,,unknown,original_profile_opened,https://vk.com/krd_online,https://krasnodar.mediaohvat.ru/public_blogger,
3db754ed80e289cc1a72,���������� ���������,Краснодар,community,krd24,manual_only,61,needs_manual_review,,vk,https://vk.com/krd24,krd24,,unknown,original_profile_opened,https://vk.com/krd24,https://krasnodar.mediaohvat.ru/public_blogger,
dcb24de05e85bfc17046,🄴🄻🄸🅉🄰🅅🄴🅃🄰,Краснодар,author,lizlizaaaaa,manual_only,75,worth_checking,,instagram,https://www.instagram.com/lizlizaaaaa,lizlizaaaaa,42000,micro,original_profile_opened,https://www.instagram.com/lizlizaaaaa,https://www.modash.io/find-influencers/russia/krasnodar,
dcb24de05e85bfc17046,🄴🄻🄸🅉🄰🅅🄴🅃🄰,Краснодар,author,lizlizaaaaa,manual_only,75,worth_checking,,tiktok,https://www.tiktok.com/@lizlizaaaaa,lizlizaaaaa,,micro,original_profile_opened,https://www.tiktok.com/@lizlizaaaaa,https://www.modash.io/find-influencers/russia/krasnodar,
d51320ecd4493fb93206,🔥Перевяз Газ🔥,Краснодар,author,_perevyaz_,manual_only,72,worth_checking,,instagram,https://www.instagram.com/_perevyaz_,_perevyaz_,72000,micro,original_profile_opened,https://www.instagram.com/_perevyaz_,https://www.modash.io/find-influencers/russia/krasnodar,
d51320ecd4493fb93206,🔥Перевяз Газ🔥,Краснодар,author,_perevyaz_,manual_only,72,worth_checking,,threads,https://www.threads.com/@_perevyaz_,_perevyaz_,348,micro,public_index_verified,https://threadlook.com/profile/_perevyaz_,https://www.modash.io/find-influencers/russia/krasnodar,
ec74e1abf25944be9bcf,#МедиаРакета. Орда Дюжакова,Санкт-Петербург,author_or_channel,mediaraketa,manual_only,70,worth_checking,,youtube,https://www.youtube.com/@mediaraketa,mediaraketa,256,nano,original_profile_opened,https://www.youtube.com/@mediaraketa,https://www.youtube.com/results?search_query=%D0%9F%D0%B5%D1%82%D0%B5%D1%80%D0%B1%D1%83%D1%80%D0%B3+%D1%81+%D0%B4%D0%B5%D1%82%D1%8C%D0%BC%D0%B8&hl=ru,https://www.youtube.com/watch?v=bKmVKKcUGbc
dc1c8801d71b7b2a11fa,#����������,Санкт-Петербург,community,iwantto_petersburg,manual_only,61,needs_manual_review,,vk,https://vk.com/iwantto_petersburg,iwantto_petersburg,,unknown,original_profile_opened,https://vk.com/iwantto_petersburg,https://www.yapokupayu.ru/blogs/post/interesnye-pabliki-o-sankt-peterburge,
cc96f4f5f1e321e76b9c,Alena Burdina,Санкт-Петербург,author_or_channel,AlenaBurdina,manual_only,65,worth_checking,riderra,youtube,https://www.youtube.com/@AlenaBurdina,AlenaBurdina,57500,micro,original_profile_opened,https://www.youtube.com/@AlenaBurdina,https://www.youtube.com/results?search_query=%D0%A1%D0%9F%D0%B1+%D0%BC%D0%B0%D0%BC%D0%B0+%D0%B1%D0%BB%D0%BE%D0%B3&hl=ru,https://www.youtube.com/watch?v=0S-MONGkHbM
710d3e2fe8a583d3760a,Alena Eremenko,Санкт-Петербург,author_or_channel,ermnk,manual_only,70,worth_checking,riderra,youtube,https://www.youtube.com/@ermnk,ermnk,1260,nano,original_profile_opened,https://www.youtube.com/@ermnk,https://www.youtube.com/results?search_query=%D0%A1%D0%B0%D0%BD%D0%BA%D1%82-%D0%9F%D0%B5%D1%82%D0%B5%D1%80%D0%B1%D1%83%D1%80%D0%B3+%D0%B1%D0%BB%D0%BE%D0%B3&hl=ru,https://www.youtube.com/watch?v=HzAf-3CJEEs
b27756bc2b85f225e31f,Alexandra Shadkam,Санкт-Петербург,author,abletodothis,manual_only,71,worth_checking,,instagram,https://www.instagram.com/abletodothis,abletodothis,46000,micro,original_profile_opened,https://www.instagram.com/abletodothis,https://adinblog.ru/топ/города/санкт-петербург/,
cb2840b7fde86b6733be,Alfiya Berezovskaya 🕊️🤍,Санкт-Петербург,author,alfiyagram,manual_only,75,worth_checking,,instagram,https://www.instagram.com/alfiyagram,alfiyagram,49000,micro,original_profile_opened,https://www.instagram.com/alfiyagram,https://www.modash.io/find-influencers/russia/saint-petersburg,
cb2840b7fde86b6733be,Alfiya Berezovskaya 🕊️🤍,Санкт-Петербург,author,alfiyagram,manual_only,75,worth_checking,,tiktok,https://www.tiktok.com/@alfiyagram,alfiyagram,,micro,original_profile_opened,https://www.tiktok.com/@alfiyagram,https://www.modash.io/find-influencers/russia/saint-petersburg,
83c8fd6172faee78b61f,Alina Oleynikova,Санкт-Петербург,author_or_channel,alina.oleynikovaa,manual_only,70,worth_checking,,youtube,https://www.youtube.com/@alina.oleynikovaa,alina.oleynikovaa,628,nano,original_profile_opened,https://www.youtube.com/@alina.oleynikovaa,https://www.youtube.com/results?search_query=%D0%9F%D0%B8%D1%82%D0%B5%D1%80+%D0%B4%D0%BE%D1%81%D1%82%D0%BE%D0%BF%D1%80%D0%B8%D0%BC%D0%B5%D1%87%D0%B0%D1%82%D0%B5%D0%BB%D1%8C%D0%BD%D0%BE%D1%81%D1%82%D0%B8+vlog&hl=ru,https://www.youtube.com/watch?v=pBGwTlxNpik
32b67d2e2d5c2f8d035f,Alisa Fattakhova,Санкт-Петербург,author_or_channel,AlisaFattakhova,manual_only,70,worth_checking,,youtube,https://www.youtube.com/@AlisaFattakhova,AlisaFattakhova,1290,nano,original_profile_opened,https://www.youtube.com/@AlisaFattakhova,https://www.youtube.com/results?search_query=%D0%9F%D0%B8%D1%82%D0%B5%D1%80+lifestyle+vlog&hl=ru,https://www.youtube.com/watch?v=7Pq1HlBpi1Q
dc9e6b8fcae2729a8755,Anastasia Yashkina,Санкт-Петербург,author_or_channel,AnastasiaYashkina,manual_only,70,worth_checking,riderra,youtube,https://www.youtube.com/@AnastasiaYashkina,AnastasiaYashkina,401,nano,original_profile_opened,https://www.youtube.com/@AnastasiaYashkina,https://www.youtube.com/results?search_query=%D0%9F%D0%B8%D1%82%D0%B5%D1%80+%D0%BF%D1%80%D0%BE%D0%B3%D1%83%D0%BB%D0%BA%D0%B8+%D0%B1%D0%BB%D0%BE%D0%B3&hl=ru,https://www.youtube.com/watch?v=mCTSawDSYFg
7c20b45bb72afc52daee,AnastasiaLa100,Санкт-Петербург,author_or_channel,AnastasiaLa100,manual_only,65,worth_checking,veselaya_rascheska,youtube,https://www.youtube.com/@AnastasiaLa100,AnastasiaLa100,32000,micro,original_profile_opened,https://www.youtube.com/@AnastasiaLa100,https://www.youtube.com/results?search_query=%D0%9F%D0%B5%D1%82%D0%B5%D1%80%D0%B1%D1%83%D1%80%D0%B3+%D1%81+%D0%B4%D0%B5%D1%82%D1%8C%D0%BC%D0%B8&hl=ru,https://www.youtube.com/watch?v=ctrlsc2Ke1w
209f3a7b10fee4c80084,aon24 media,Санкт-Петербург,author_or_channel,aon24media,manual_only,70,worth_checking,,youtube,https://www.youtube.com/@aon24media,aon24media,605,nano,original_profile_opened,https://www.youtube.com/@aon24media,https://www.youtube.com/results?search_query=%D0%A1%D0%9F%D0%B1+%D0%B0%D1%84%D0%B8%D1%88%D0%B0+%D0%B2%D0%B8%D0%B4%D0%B5%D0%BE&hl=ru,https://www.youtube.com/watch?v=cLbV2Z_Vu78
4a2ed37fd46a49ed1bc6,arehsc,Санкт-Петербург,author_or_channel,arehsc5997,manual_only,70,worth_checking,riderra,youtube,https://www.youtube.com/@arehsc5997,arehsc5997,226,nano,original_profile_opened,https://www.youtube.com/@arehsc5997,https://www.youtube.com/results?search_query=Saint+Petersburg+family+vlog&hl=ru,https://www.youtube.com/watch?v=BXqBbq5E_r4
4fc010b5950478e76502,arlovedbyyou,Санкт-Петербург,author_or_channel,arlovedbyyou,manual_only,55,needs_manual_review,,youtube,https://www.youtube.com/@arlovedbyyou,arlovedbyyou,180000,mid,original_profile_opened,https://www.youtube.com/@arlovedbyyou,https://www.youtube.com/results?search_query=%D0%9F%D0%B8%D1%82%D0%B5%D1%80+lifestyle+vlog&hl=ru,https://www.youtube.com/watch?v=ImL2gANjQ9c
18f9c42dce7ab6861bc8,ARTEM KARISALOV,Санкт-Петербург,author_or_channel,karisalov,manual_only,55,needs_manual_review,,youtube,https://www.youtube.com/@karisalov,karisalov,160000,mid,original_profile_opened,https://www.youtube.com/@karisalov,https://www.youtube.com/results?search_query=%D0%A1%D0%9F%D0%B1+%D1%80%D0%B5%D1%81%D1%82%D0%BE%D1%80%D0%B0%D0%BD%D1%8B+%D0%BE%D0%B1%D0%B7%D0%BE%D1%80&hl=ru,https://www.youtube.com/watch?v=7OjETwSC0Go
e4c59a981c85883a7765,AUGUST WALZ - женская одежда мода,Санкт-Петербург,channel,augustwalz,manual_only,71,worth_checking,,telegram,https://t.me/augustwalz,augustwalz,20655,micro,original_profile_opened,https://t.me/augustwalz,https://telemetr.me/catalog/tag/spb,
a4b19d7d7ce1d449afb0,BAKERBRANDS,Санкт-Петербург,channel,bakerbrands,manual_only,71,worth_checking,,telegram,https://t.me/bakerbrands,bakerbrands,30658,micro,original_profile_opened,https://t.me/bakerbrands,https://telemetr.me/catalog/tag/spb,
afd7896157b845335712,ChebaTravel,Санкт-Петербург,author_or_channel,ChebaTravel,manual_only,70,worth_checking,riderra,youtube,https://www.youtube.com/@ChebaTravel,ChebaTravel,7040,nano,original_profile_opened,https://www.youtube.com/@ChebaTravel,https://www.youtube.com/results?search_query=%D0%9F%D0%B8%D1%82%D0%B5%D1%80+%D0%BE%D0%B1%D0%B7%D0%BE%D1%80+%D0%BC%D0%B5%D1%81%D1%82&hl=ru,https://www.youtube.com/watch?v=UaV9T7wkrvs
5a7a690c25aae1d5d632,Dasha Lopatina,Санкт-Петербург,author_or_channel,Dasha_Lopatina,manual_only,70,worth_checking,,youtube,https://www.youtube.com/@Dasha_Lopatina,Dasha_Lopatina,1630,nano,original_profile_opened,https://www.youtube.com/@Dasha_Lopatina,https://www.youtube.com/results?search_query=%D0%9F%D0%B8%D1%82%D0%B5%D1%80+lifestyle+vlog&hl=ru,https://www.youtube.com/watch?v=n9a-pToqjyo
d10aafe036e210d22317,Dmitrylavrov,Санкт-Петербург,author,dmitrylavrov,manual_only,72,worth_checking,,instagram,https://www.instagram.com/dmitrylavrov,dmitrylavrov,33000,micro,original_profile_opened,https://www.instagram.com/dmitrylavrov,https://adinblog.ru/топ/города/санкт-петербург/,
d10aafe036e210d22317,Dmitrylavrov,Санкт-Петербург,author,dmitrylavrov,manual_only,72,worth_checking,,threads,https://www.threads.com/@dmitrylavrov,dmitrylavrov,2200,micro,public_index_verified,https://threadlook.com/profile/dmitrylavrov,https://adinblog.ru/топ/города/санкт-петербург/,
7dfc0fd97cbb2c65d7eb,Dorogo Dostupno,Санкт-Петербург,author_or_channel,DorogoDostupno,manual_only,55,needs_manual_review,,youtube,https://www.youtube.com/@DorogoDostupno,DorogoDostupno,104000,mid,original_profile_opened,https://www.youtube.com/@DorogoDostupno,https://www.youtube.com/results?search_query=%D0%A1%D0%9F%D0%B1+%D0%B4%D0%B5%D1%82%D1%81%D0%BA%D0%B8%D0%B5+%D0%BA%D1%80%D1%83%D0%B6%D0%BA%D0%B8+%D0%BE%D0%B1%D0%B7%D0%BE%D1%80&hl=ru,https://www.youtube.com/watch?v=Z-o-nEAiS9U
b91702d785d96e4d21a3,Elizaveta Mari,Санкт-Петербург,author_or_channel,ElizavetaMaryina,manual_only,70,worth_checking,riderra,youtube,https://www.youtube.com/@ElizavetaMaryina,ElizavetaMaryina,33,nano,original_profile_opened,https://www.youtube.com/@ElizavetaMaryina,https://www.youtube.com/results?search_query=%D0%9F%D0%B8%D1%82%D0%B5%D1%80+%D0%BF%D1%80%D0%BE%D0%B3%D1%83%D0%BB%D0%BA%D0%B8+%D0%B1%D0%BB%D0%BE%D0%B3&hl=ru,https://www.youtube.com/watch?v=wdvHyLkasKA
b7cd19d659b09564aa3d,esny maria,Санкт-Петербург,author_or_channel,esnymaria,manual_only,70,worth_checking,,youtube,https://www.youtube.com/@esnymaria,esnymaria,2670,nano,original_profile_opened,https://www.youtube.com/@esnymaria,https://www.youtube.com/results?search_query=%D0%A1%D0%B0%D0%BD%D0%BA%D1%82-%D0%9F%D0%B5%D1%82%D0%B5%D1%80%D0%B1%D1%83%D1%80%D0%B3+%D0%B1%D0%BB%D0%BE%D0%B3&hl=ru,https://www.youtube.com/watch?v=8GGF8m1sFeY
2d7a6444b120ceff173b,Fjordcloth,Санкт-Петербург,channel,fjordcloth,manual_only,71,worth_checking,,telegram,https://t.me/fjordcloth,fjordcloth,17927,micro,original_profile_opened,https://t.me/fjordcloth,https://telemetr.me/catalog/tag/spb,
5899f374a17ec39b5499,FURS,Санкт-Петербург,author_or_channel,fursdanil,manual_only,70,worth_checking,"organika, veselaya_rascheska",youtube,https://www.youtube.com/@fursdanil,fursdanil,6640,nano,original_profile_opened,https://www.youtube.com/@fursdanil,https://www.youtube.com/results?search_query=%D0%9F%D0%B8%D1%82%D0%B5%D1%80+lifestyle+vlog&hl=ru,https://www.youtube.com/watch?v=gzsmEa2QIYI
bb62ee300e3f64997f4f,glass.gorodok,Санкт-Петербург,author,glass.gorodok,manual_only,76,worth_checking,,instagram,https://www.instagram.com/glass.gorodok,glass.gorodok,0,nano,original_profile_opened,https://www.instagram.com/glass.gorodok,https://www.sobaka.ru/city/urbanistics/145052,
3c9e2024487c7bad9658,GradSPb | Санкт-Петербург,Санкт-Петербург,channel,gradspb,advertising_contact,83,worth_checking,,telegram,https://t.me/gradspb,gradspb,46685,micro,original_profile_opened,https://t.me/gradspb,https://telemetr.me/catalog/tag/spb,
281d43b18a99d763b96b,Happy Trips,Санкт-Петербург,author_or_channel,happytripss,manual_only,70,worth_checking,riderra,youtube,https://www.youtube.com/@happytripss,happytripss,9430,nano,original_profile_opened,https://www.youtube.com/@happytripss,https://www.youtube.com/results?search_query=%D0%9F%D0%B8%D1%82%D0%B5%D1%80+%D0%BE%D0%B1%D0%B7%D0%BE%D1%80+%D0%BC%D0%B5%D1%81%D1%82&hl=ru,https://www.youtube.com/watch?v=vrU0zbAUsUg
f6f1b0b10bc5628c08b8,HeadSuperstar,Санкт-Петербург,author_or_channel,HeadSuperstar,manual_only,65,worth_checking,,youtube,https://www.youtube.com/@HeadSuperstar,HeadSuperstar,62100,micro,original_profile_opened,https://www.youtube.com/@HeadSuperstar,https://www.youtube.com/results?search_query=%D0%A1%D0%9F%D0%B1+%D0%B1%D1%8C%D1%8E%D1%82%D0%B8+%D0%B1%D0%BB%D0%BE%D0%B3%D0%B5%D1%80&hl=ru,https://www.youtube.com/watch?v=Q3Ndz7SRDT4
4b1766e2643ab3805abc,IVAN POKIDYSHEV,Санкт-Петербург,author,pokidyshev_art,manual_only,72,worth_checking,,instagram,https://www.instagram.com/pokidyshev_art,pokidyshev_art,64000,micro,original_profile_opened,https://www.instagram.com/pokidyshev_art,https://www.modash.io/find-influencers/russia/saint-petersburg,
4b1766e2643ab3805abc,IVAN POKIDYSHEV,Санкт-Петербург,author,pokidyshev_art,manual_only,72,worth_checking,,threads,https://www.threads.com/@pokidyshev_art,pokidyshev_art,1600,micro,public_index_verified,https://threadlook.com/profile/pokidyshev_art,https://www.modash.io/find-influencers/russia/saint-petersburg,
e8367dde73567f184922,Julia Sova,Санкт-Петербург,author_or_channel,JuliaSova,manual_only,70,worth_checking,riderra,youtube,https://www.youtube.com/@JuliaSova,JuliaSova,4400,nano,original_profile_opened,https://www.youtube.com/@JuliaSova,https://www.youtube.com/results?search_query=%D0%9F%D0%B8%D1%82%D0%B5%D1%80+%D0%B4%D0%BE%D1%81%D1%82%D0%BE%D0%BF%D1%80%D0%B8%D0%BC%D0%B5%D1%87%D0%B0%D1%82%D0%B5%D0%BB%D1%8C%D0%BD%D0%BE%D1%81%D1%82%D0%B8+vlog&hl=ru,https://www.youtube.com/watch?v=fq-XAziIQvc
76db7d4ca4a3991adc45,JUST TANYA / ДЖАСТ ТАНЯ,Санкт-Петербург,author_or_channel,just_tanya1,manual_only,65,worth_checking,"organika, veselaya_rascheska",youtube,https://www.youtube.com/@just_tanya1,just_tanya1,14000,micro,original_profile_opened,https://www.youtube.com/@just_tanya1,https://www.youtube.com/results?search_query=%D0%A1%D0%9F%D0%B1+%D0%B1%D1%8C%D1%8E%D1%82%D0%B8+%D0%B1%D0%BB%D0%BE%D0%B3%D0%B5%D1%80&hl=ru,https://www.youtube.com/watch?v=rd2HgLIydm4
cc5c551dbc8c997262e6,KONTUR TRAVEL,Санкт-Петербург,author_or_channel,konturtravel,manual_only,70,worth_checking,riderra,youtube,https://www.youtube.com/@konturtravel,konturtravel,9730,nano,original_profile_opened,https://www.youtube.com/@konturtravel,https://www.youtube.com/results?search_query=%D0%9F%D0%B8%D1%82%D0%B5%D1%80+%D0%BE%D0%B1%D0%B7%D0%BE%D1%80+%D0%BC%D0%B5%D1%81%D1%82&hl=ru,https://www.youtube.com/watch?v=ootDpNdj8Fw
2911f6ee7559295bba3e,Kristina Kolosova,Санкт-Петербург,author_or_channel,KristinaKolosova,manual_only,65,worth_checking,,youtube,https://www.youtube.com/@KristinaKolosova,KristinaKolosova,21700,micro,original_profile_opened,https://www.youtube.com/@KristinaKolosova,https://www.youtube.com/results?search_query=%D0%BB%D0%BE%D0%BA%D0%B0%D0%BB%D1%8C%D0%BD%D1%8B%D0%B9+%D0%B1%D0%BB%D0%BE%D0%B3%D0%B5%D1%80+%D0%A1%D0%9F%D0%B1&hl=ru,https://www.youtube.com/watch?v=WE4hnBf9KBw
f2cf739e9ba84c928f7c,Ks Atn Vibes,Санкт-Петербург,author_or_channel,k.atnukova,manual_only,70,worth_checking,riderra,youtube,https://www.youtube.com/@k.atnukova,k.atnukova,490,nano,original_profile_opened,https://www.youtube.com/@k.atnukova,https://www.youtube.com/results?search_query=%D0%BB%D0%BE%D0%BA%D0%B0%D0%BB%D1%8C%D0%BD%D1%8B%D0%B9+%D0%B1%D0%BB%D0%BE%D0%B3%D0%B5%D1%80+%D0%A1%D0%9F%D0%B1&hl=ru,https://www.youtube.com/watch?v=aYDioA7Hmv4
7e7336727e864e3f2777,Kseniya Garanina,Санкт-Петербург,author_or_channel,GaraninaKsu,manual_only,70,worth_checking,riderra,youtube,https://www.youtube.com/@GaraninaKsu,GaraninaKsu,7640,nano,original_profile_opened,https://www.youtube.com/@GaraninaKsu,https://www.youtube.com/results?search_query=%D0%A1%D0%B0%D0%BD%D0%BA%D1%82-%D0%9F%D0%B5%D1%82%D0%B5%D1%80%D0%B1%D1%83%D1%80%D0%B3+%D0%B1%D0%BB%D0%BE%D0%B3&hl=ru,https://www.youtube.com/watch?v=eiR740_TU5U
377f678ae6b0c8ab4e0c,KUDAGO: �����-���������,Санкт-Петербург,community,kudagospb,manual_only,61,needs_manual_review,,vk,https://vk.com/kudagospb,kudagospb,,unknown,original_profile_opened,https://vk.com/kudagospb,https://www.yapokupayu.ru/blogs/post/interesnye-pabliki-o-sankt-peterburge,
21e90b3f14e4d6f32515,LISSOV VLOG,Санкт-Петербург,author_or_channel,lissoff,manual_only,55,needs_manual_review,riderra,youtube,https://www.youtube.com/@lissoff,lissoff,149000,mid,original_profile_opened,https://www.youtube.com/@lissoff,https://www.youtube.com/results?search_query=%D0%9F%D0%B5%D1%82%D0%B5%D1%80%D0%B1%D1%83%D1%80%D0%B3+%D1%81+%D0%B4%D0%B5%D1%82%D1%8C%D0%BC%D0%B8&hl=ru,https://www.youtube.com/watch?v=zHeSMYZbPgs
fe32a3824370f777dda3,MANIOLINI,Санкт-Петербург,channel,maniolinishop,manual_only,71,worth_checking,,telegram,https://t.me/maniolinishop,maniolinishop,41960,micro,original_profile_opened,https://t.me/maniolinishop,https://telemetr.me/catalog/tag/spb,
2f5074ffa90777ad318d,Maria Kharina,Санкт-Петербург,author_or_channel,marylimerence,manual_only,65,worth_checking,,youtube,https://www.youtube.com/@marylimerence,marylimerence,17300,micro,original_profile_opened,https://www.youtube.com/@marylimerence,https://www.youtube.com/results?search_query=%D0%A1%D0%B0%D0%BD%D0%BA%D1%82-%D0%9F%D0%B5%D1%82%D0%B5%D1%80%D0%B1%D1%83%D1%80%D0%B3+%D0%B1%D0%BB%D0%BE%D0%B3&hl=ru,https://www.youtube.com/watch?v=N6MhZGQLvRo
c92d2e01cd857564f755,Maria Nefedova,Санкт-Петербург,author_or_channel,maria7nd,manual_only,65,worth_checking,,youtube,https://www.youtube.com/@maria7nd,maria7nd,14100,micro,original_profile_opened,https://www.youtube.com/@maria7nd,https://www.youtube.com/results?search_query=%D0%9F%D0%B5%D1%82%D0%B5%D1%80%D0%B1%D1%83%D1%80%D0%B3+%D1%81+%D0%B4%D0%B5%D1%82%D1%8C%D0%BC%D0%B8&hl=ru,https://www.youtube.com/watch?v=TYSnhGmz8dk
36d22851847b5b9b64c7,Maria Sklezneva,Санкт-Петербург,author_or_channel,maria_sklezneva,manual_only,70,worth_checking,,youtube,https://www.youtube.com/@maria_sklezneva,maria_sklezneva,3880,nano,original_profile_opened,https://www.youtube.com/@maria_sklezneva,https://www.youtube.com/results?search_query=%D0%A1%D0%9F%D0%B1+%D0%BC%D0%B0%D0%BC%D0%B0+%D0%B1%D0%BB%D0%BE%D0%B3&hl=ru,https://www.youtube.com/watch?v=BaHDMVbPmwQ
ad7674e42188f041368f,Masha Family Days,Санкт-Петербург,author_or_channel,Izrailityanka,manual_only,70,worth_checking,,youtube,https://www.youtube.com/@Izrailityanka,Izrailityanka,3390,nano,original_profile_opened,https://www.youtube.com/@Izrailityanka,https://www.youtube.com/results?search_query=%D0%A1%D0%9F%D0%B1+%D1%80%D0%B5%D1%81%D1%82%D0%BE%D1%80%D0%B0%D0%BD%D1%8B+%D0%BE%D0%B1%D0%B7%D0%BE%D1%80&hl=ru,https://www.youtube.com/watch?v=5h012RreVzU
8763e50f5238ade67702,my name is art,Санкт-Петербург,author,azrtusa,manual_only,71,worth_checking,,instagram,https://www.instagram.com/azrtusa,azrtusa,45000,micro,original_profile_opened,https://www.instagram.com/azrtusa,https://www.modash.io/find-influencers/russia/saint-petersburg,
9f8b66baaeec7bfedaca,nastaysie,Санкт-Петербург,author_or_channel,nastaysie,manual_only,70,worth_checking,,youtube,https://www.youtube.com/@nastaysie,nastaysie,800,nano,original_profile_opened,https://www.youtube.com/@nastaysie,https://www.youtube.com/results?search_query=%D0%A1%D0%9F%D0%B1+%D0%BA%D1%80%D0%B0%D1%81%D0%BE%D1%82%D0%B0+%D1%81%D0%B0%D0%BB%D0%BE%D0%BD+%D0%B1%D0%BB%D0%BE%D0%B3&hl=ru,https://www.youtube.com/watch?v=7MV93CvD11c
dc1f0fd4d8835338fa66,nastya nakolen,Санкт-Петербург,author_or_channel,nakolen,manual_only,65,worth_checking,,youtube,https://www.youtube.com/@nakolen,nakolen,16700,micro,original_profile_opened,https://www.youtube.com/@nakolen,https://www.youtube.com/results?search_query=%D0%9F%D0%B5%D1%82%D0%B5%D1%80%D0%B1%D1%83%D1%80%D0%B3+%D1%80%D0%B0%D0%B9%D0%BE%D0%BD%D0%BD%D1%8B%D0%B9+%D0%B1%D0%BB%D0%BE%D0%B3&hl=ru,https://www.youtube.com/watch?v=etBaZ6SBcpI
d5a1803dad02500a0fc6,NEWдвижимость,Санкт-Петербург,author_or_channel,NEWdviz,manual_only,65,worth_checking,,youtube,https://www.youtube.com/@NEWdviz,NEWdviz,94400,micro,original_profile_opened,https://www.youtube.com/@NEWdviz,https://www.youtube.com/results?search_query=%D0%BB%D0%BE%D0%BA%D0%B0%D0%BB%D1%8C%D0%BD%D1%8B%D0%B9+%D0%B1%D0%BB%D0%BE%D0%B3%D0%B5%D1%80+%D0%A1%D0%9F%D0%B1&hl=ru,https://www.youtube.com/watch?v=KDs3DkdD74o
610365886695786366ac,Night2Day Санкт-Петербург,Санкт-Петербург,channel,night2day_spb,advertising_contact,83,worth_checking,,telegram,https://t.me/night2day_spb,night2day_spb,32956,micro,original_profile_opened,https://t.me/night2day_spb,https://telemetr.me/catalog/tag/spb,
a5e4d8768121ea1893c0,NN kk,Санкт-Петербург,author_or_channel,nnkk7570,manual_only,70,worth_checking,organika,youtube,https://www.youtube.com/@nnkk7570,nnkk7570,220,nano,original_profile_opened,https://www.youtube.com/@nnkk7570,https://www.youtube.com/results?search_query=%D0%A1%D0%9F%D0%B1+%D0%B1%D1%8C%D1%8E%D1%82%D0%B8+%D0%B1%D0%BB%D0%BE%D0%B3%D0%B5%D1%80&hl=ru,https://www.youtube.com/watch?v=gXI1Nz3TN5Y
2f6e9582dc563bf38ab2,Polli Zelenina,Санкт-Петербург,author,polli.zelenina,manual_only,72,worth_checking,,instagram,https://www.instagram.com/polli.zelenina,polli.zelenina,45000,micro,original_profile_opened,https://www.instagram.com/polli.zelenina,https://www.modash.io/find-influencers/russia/saint-petersburg,
2f6e9582dc563bf38ab2,Polli Zelenina,Санкт-Петербург,author,polli.zelenina,manual_only,72,worth_checking,,threads,https://www.threads.com/@polli.zelenina,polli.zelenina,1400,micro,public_index_verified,https://threadlook.com/profile/polli.zelenina,https://www.modash.io/find-influencers/russia/saint-petersburg,
3eae421fb674d8d74004,POP TRAVEL,Санкт-Петербург,author_or_channel,POPTRAVELofficial,manual_only,65,worth_checking,riderra,youtube,https://www.youtube.com/@POPTRAVELofficial,POPTRAVELofficial,14400,micro,original_profile_opened,https://www.youtube.com/@POPTRAVELofficial,https://www.youtube.com/results?search_query=%D0%9F%D0%B8%D1%82%D0%B5%D1%80+%D0%BE%D0%B1%D0%B7%D0%BE%D1%80+%D0%BC%D0%B5%D1%81%D1%82&hl=ru,https://www.youtube.com/watch?v=RTySGIBTURE
fd8141f47f7c19e6bed5,PrKsushka / Ksenia Protasenya,Санкт-Петербург,author_or_channel,pr.ksushka,manual_only,70,worth_checking,,youtube,https://www.youtube.com/@pr.ksushka,pr.ksushka,1680,nano,original_profile_opened,https://www.youtube.com/@pr.ksushka,https://www.youtube.com/results?search_query=%D0%A1%D0%9F%D0%B1+%D1%80%D0%B5%D1%81%D1%82%D0%BE%D1%80%D0%B0%D0%BD%D1%8B+%D0%BE%D0%B1%D0%B7%D0%BE%D1%80&hl=ru,https://www.youtube.com/watch?v=kYHuRBPj2ic
7629b2a7e07c895366a5,Review Project,Санкт-Петербург,author_or_channel,ReviewProject,manual_only,70,worth_checking,,youtube,https://www.youtube.com/@ReviewProject,ReviewProject,61,nano,original_profile_opened,https://www.youtube.com/@ReviewProject,https://www.youtube.com/results?search_query=%D0%A1%D0%9F%D0%B1+%D0%B0%D1%84%D0%B8%D1%88%D0%B0+%D0%B2%D0%B8%D0%B4%D0%B5%D0%BE&hl=ru,https://www.youtube.com/watch?v=UQe2iLEXA20
fb5b300cb71f27bf9794,SAN KOREAN Школа корейского языка САН,Санкт-Петербург,channel,san_korean,manual_only,71,worth_checking,,telegram,https://t.me/san_korean,san_korean,20388,micro,original_profile_opened,https://t.me/san_korean,https://telemetr.me/catalog/tag/spb,
1f47948ee8e166b13648,selest!,Санкт-Петербург,author_or_channel,selest.mp3,manual_only,70,worth_checking,riderra,youtube,https://www.youtube.com/@selest.mp3,selest.mp3,96,nano,original_profile_opened,https://www.youtube.com/@selest.mp3,https://www.youtube.com/results?search_query=%D0%BB%D0%BE%D0%BA%D0%B0%D0%BB%D1%8C%D0%BD%D1%8B%D0%B9+%D0%B1%D0%BB%D0%BE%D0%B3%D0%B5%D1%80+%D0%A1%D0%9F%D0%B1&hl=ru,https://www.youtube.com/watch?v=6RpGrOQd8H0
c49e2fd254b8a4ea6ce8,The Astin World,Санкт-Петербург,author_or_channel,UCAO3wKT2vv0lE6OaSzASHxg,manual_only,70,worth_checking,,youtube,https://www.youtube.com/channel/UCAO3wKT2vv0lE6OaSzASHxg,UCAO3wKT2vv0lE6OaSzASHxg,2340,nano,original_profile_opened,https://www.youtube.com/channel/UCAO3wKT2vv0lE6OaSzASHxg,https://www.youtube.com/results?search_query=%D0%BB%D0%BE%D0%BA%D0%B0%D0%BB%D1%8C%D0%BD%D1%8B%D0%B9+%D0%B1%D0%BB%D0%BE%D0%B3%D0%B5%D1%80+%D0%A1%D0%9F%D0%B1&hl=ru,https://www.youtube.com/watch?v=5Z0F_FL1F5U
64a7bc722b1e70ce713d,two-ta | между Петербургом и тобой,Санкт-Петербург,channel,twotaofficial,manual_only,71,worth_checking,,telegram,https://t.me/twotaofficial,twotaofficial,13605,micro,original_profile_opened,https://t.me/twotaofficial,https://telemetr.me/catalog/tag/spb,
22aa162a2bcd2723c7d4,Veronika Ryzhova,Санкт-Петербург,author_or_channel,nika.ryzhova,manual_only,65,worth_checking,,youtube,https://www.youtube.com/@nika.ryzhova,nika.ryzhova,24400,micro,original_profile_opened,https://www.youtube.com/@nika.ryzhova,https://www.youtube.com/results?search_query=%D0%A1%D0%B0%D0%BD%D0%BA%D1%82-%D0%9F%D0%B5%D1%82%D0%B5%D1%80%D0%B1%D1%83%D1%80%D0%B3+%D0%B1%D0%BB%D0%BE%D0%B3&hl=ru,https://www.youtube.com/watch?v=fzdD4pCh8kA
7dad3ca2decf81927bc6,Viki life,Санкт-Петербург,author_or_channel,vikitraplife,manual_only,55,needs_manual_review,,youtube,https://www.youtube.com/@vikitraplife,vikitraplife,151000,mid,original_profile_opened,https://www.youtube.com/@vikitraplife,https://www.youtube.com/results?search_query=%D0%A1%D0%9F%D0%B1+%D1%80%D0%B5%D1%81%D1%82%D0%BE%D1%80%D0%B0%D0%BD%D1%8B+%D0%BE%D0%B1%D0%B7%D0%BE%D1%80&hl=ru,https://www.youtube.com/watch?v=MuNCG-CDnCs
8756a9cf85b99800d21d,vikkiew,Санкт-Петербург,author_or_channel,vikkiew,manual_only,70,worth_checking,,youtube,https://www.youtube.com/@vikkiew,vikkiew,139,nano,original_profile_opened,https://www.youtube.com/@vikkiew,https://www.youtube.com/results?search_query=%D0%A1%D0%B0%D0%BD%D0%BA%D1%82-%D0%9F%D0%B5%D1%82%D0%B5%D1%80%D0%B1%D1%83%D1%80%D0%B3+%D0%B1%D0%BB%D0%BE%D0%B3&hl=ru,https://www.youtube.com/watch?v=87daYhRgcbM
e16d6a2f9fd42f01afb0,Visit St. Pete Clearwater,Санкт-Петербург,author_or_channel,VisitSPC,manual_only,65,worth_checking,riderra,youtube,https://www.youtube.com/@VisitSPC,VisitSPC,24900,micro,original_profile_opened,https://www.youtube.com/@VisitSPC,https://www.youtube.com/results?search_query=Saint+Petersburg+family+vlog&hl=ru,https://www.youtube.com/watch?v=bEgeQspuRXc
fe31ab424c739e994d5e,Vladislav Ivanov,Санкт-Петербург,author,lineysfilm,manual_only,74,worth_checking,,instagram,https://www.instagram.com/lineysfilm,lineysfilm,65000,micro,original_profile_opened,https://www.instagram.com/lineysfilm,https://www.modash.io/find-influencers/russia/saint-petersburg,
fe31ab424c739e994d5e,Vladislav Ivanov,Санкт-Петербург,author,lineysfilm,manual_only,74,worth_checking,,threads,https://www.threads.com/@lineysfilm,lineysfilm,12200,micro,public_index_verified,https://threadlook.com/profile/lineysfilm,https://www.modash.io/find-influencers/russia/saint-petersburg,
fe31ab424c739e994d5e,Vladislav Ivanov,Санкт-Петербург,author,lineysfilm,manual_only,74,worth_checking,,tiktok,https://www.tiktok.com/@lineysfilm,lineysfilm,,micro,original_profile_opened,https://www.tiktok.com/@lineysfilm,https://www.modash.io/find-influencers/russia/saint-petersburg,
479d0b66f6edcd86d5b3,wnicca,Санкт-Петербург,author_or_channel,wnicca_a,manual_only,65,worth_checking,,youtube,https://www.youtube.com/@wnicca_a,wnicca_a,93700,micro,original_profile_opened,https://www.youtube.com/@wnicca_a,https://www.youtube.com/results?search_query=%D0%9F%D0%B8%D1%82%D0%B5%D1%80+lifestyle+vlog&hl=ru,https://www.youtube.com/watch?v=NgXJKrOsIMY
40b031a085fad0563710,ZAMZAG Места Петербурга Питера и Москвы,Санкт-Петербург,author_or_channel,zamzag,manual_only,70,worth_checking,veselaya_rascheska,youtube,https://www.youtube.com/@zamzag,zamzag,4020,nano,original_profile_opened,https://www.youtube.com/@zamzag,https://www.youtube.com/results?search_query=%D0%9F%D0%B5%D1%82%D0%B5%D1%80%D0%B1%D1%83%D1%80%D0%B3+%D1%81+%D0%B4%D0%B5%D1%82%D1%8C%D0%BC%D0%B8&hl=ru,https://www.youtube.com/watch?v=uTnu5zSZH20
72b01de6d62ae5b9285e,Zolotovek animations,Санкт-Петербург,author_or_channel,zolotovek,manual_only,70,worth_checking,,youtube,https://www.youtube.com/@zolotovek,zolotovek,3300,nano,original_profile_opened,https://www.youtube.com/@zolotovek,https://www.youtube.com/results?search_query=%D0%9F%D0%B8%D1%82%D0%B5%D1%80+%D0%B4%D0%B5%D1%82%D1%81%D0%BA%D0%B8%D0%B5+%D0%BC%D0%B5%D1%81%D1%82%D0%B0+%D0%BE%D0%B1%D0%B7%D0%BE%D1%80&hl=ru,https://www.youtube.com/watch?v=6SZFWYb0lqQ
eb2934774e0509592f98,«Северный человек» Санкт-Петербург,Санкт-Петербург,channel,sanktpeterburgsevchel,manual_only,71,worth_checking,,telegram,https://t.me/sanktpeterburgsevchel,sanktpeterburgsevchel,16441,micro,original_profile_opened,https://t.me/sanktpeterburgsevchel,https://telemetr.me/catalog/tag/spb,
e7d90a6b716a8a381de0,Александр Ерохин,Санкт-Петербург,author,erokhin___alexander,manual_only,71,worth_checking,,instagram,https://www.instagram.com/erokhin___alexander,erokhin___alexander,44000,micro,original_profile_opened,https://www.instagram.com/erokhin___alexander,https://www.modash.io/find-influencers/russia/saint-petersburg,
ac9e333ad1994e398d21,Алексей Шишкин. Журналист,Санкт-Петербург,author,stadter,manual_only,72,worth_checking,,instagram,https://www.instagram.com/stadter,stadter,22000,micro,original_profile_opened,https://www.instagram.com/stadter,https://www.sobaka.ru/city/urbanistics/145052,
ac9e333ad1994e398d21,Алексей Шишкин. Журналист,Санкт-Петербург,author,stadter,manual_only,72,worth_checking,,threads,https://www.threads.com/@stadter,stadter,2500,micro,public_index_verified,https://threadlook.com/profile/stadter,https://www.sobaka.ru/city/urbanistics/145052,
1f8d0721ee2570cd5e62,"Алина | лайфстайл контент-креатор, стиль, Петербург",Санкт-Петербург,author,bulaavina,manual_only,72,worth_checking,"organika, veselaya_rascheska",instagram,https://www.instagram.com/bulaavina,bulaavina,41000,micro,original_profile_opened,https://www.instagram.com/bulaavina,https://www.modash.io/find-influencers/russia/saint-petersburg,
1f8d0721ee2570cd5e62,"Алина | лайфстайл контент-креатор, стиль, Петербург",Санкт-Петербург,author,bulaavina,manual_only,72,worth_checking,"organika, veselaya_rascheska",threads,https://www.threads.com/@bulaavina,bulaavina,2500,micro,public_index_verified,https://threadlook.com/profile/bulaavina,https://www.modash.io/find-influencers/russia/saint-petersburg,
38e79527d3af03555c34,Алёна Фролова,Санкт-Петербург,author_or_channel,a.frolova1,manual_only,55,needs_manual_review,,youtube,https://www.youtube.com/@a.frolova1,a.frolova1,178000,mid,original_profile_opened,https://www.youtube.com/@a.frolova1,https://www.youtube.com/results?search_query=%D0%A1%D0%9F%D0%B1+%D0%B0%D1%84%D0%B8%D1%88%D0%B0+%D0%B2%D0%B8%D0%B4%D0%B5%D0%BE&hl=ru,https://www.youtube.com/watch?v=4oo4YgdDKaM
c95db9f511277017e96c,Анастасия Решетникова,Санкт-Петербург,author,areshetnikova,manual_only,74,worth_checking,,instagram,https://www.instagram.com/areshetnikova,areshetnikova,93000,micro,original_profile_opened,https://www.instagram.com/areshetnikova,https://www.modash.io/find-influencers/russia/saint-petersburg,
c95db9f511277017e96c,Анастасия Решетникова,Санкт-Петербург,author,areshetnikova,manual_only,74,worth_checking,,threads,https://www.threads.com/@areshetnikova,areshetnikova,424,micro,public_index_verified,https://threadlook.com/profile/areshetnikova,https://www.modash.io/find-influencers/russia/saint-petersburg,
c95db9f511277017e96c,Анастасия Решетникова,Санкт-Петербург,author,areshetnikova,manual_only,74,worth_checking,,tiktok,https://www.tiktok.com/@areshetnikova,areshetnikova,,micro,original_profile_opened,https://www.tiktok.com/@areshetnikova,https://www.modash.io/find-influencers/russia/saint-petersburg,
c99b8963078a8c05a1c2,Андрюша Прокофьев,Санкт-Петербург,author_or_channel,andrushaprok,manual_only,55,needs_manual_review,,youtube,https://www.youtube.com/@andrushaprok,andrushaprok,171000,mid,original_profile_opened,https://www.youtube.com/@andrushaprok,https://www.youtube.com/results?search_query=%D0%A1%D0%9F%D0%B1+%D1%80%D0%B5%D1%81%D1%82%D0%BE%D1%80%D0%B0%D0%BD%D1%8B+%D0%BE%D0%B1%D0%B7%D0%BE%D1%80&hl=ru,https://www.youtube.com/watch?v=moNuQlJVJas
56f24e5c83d603193415,Анна об искусстве,Санкт-Петербург,author_or_channel,anbolotova,manual_only,70,worth_checking,,youtube,https://www.youtube.com/@anbolotova,anbolotova,8470,nano,original_profile_opened,https://www.youtube.com/@anbolotova,https://www.youtube.com/results?search_query=%D0%A1%D0%9F%D0%B1+%D0%BA%D1%83%D0%BB%D1%8C%D1%82%D1%83%D1%80%D0%B0+%D1%81%D0%BE%D0%B1%D1%8B%D1%82%D0%B8%D1%8F&hl=ru,https://www.youtube.com/watch?v=p8AOZ_agfH8
48c08b18980ac167aa2d,АннаЛогия,Санкт-Петербург,channel,ch_annalogy,advertising_contact,83,worth_checking,,telegram,https://t.me/ch_annalogy,ch_annalogy,13266,micro,original_profile_opened,https://t.me/ch_annalogy,https://telemetr.me/catalog/tag/spb,
9da5e1dcb477a654d0c6,ариша. маркетинг и креатив,Санкт-Петербург,author,picturishka,manual_only,75,worth_checking,,instagram,https://www.instagram.com/picturishka,picturishka,50000,micro,original_profile_opened,https://www.instagram.com/picturishka,https://www.modash.io/find-influencers/russia/saint-petersburg,
9da5e1dcb477a654d0c6,ариша. маркетинг и креатив,Санкт-Петербург,author,picturishka,manual_only,75,worth_checking,,tiktok,https://www.tiktok.com/@picturishka,picturishka,,micro,original_profile_opened,https://www.tiktok.com/@picturishka,https://www.modash.io/find-influencers/russia/saint-petersburg,
463cf06f5a21e09aa33d,Аскона-Дисконт(Санкт-Петербург),Санкт-Петербург,channel,vekdiscountspb,manual_only,71,worth_checking,,telegram,https://t.me/vekdiscountspb,vekdiscountspb,17845,micro,original_profile_opened,https://t.me/vekdiscountspb,https://telemetr.me/catalog/tag/spb,
5ea77d2cecb4c68278b2,Банк «Санкт-Петербург»,Санкт-Петербург,channel,mybspb,manual_only,71,worth_checking,,telegram,https://t.me/mybspb,mybspb,19018,micro,original_profile_opened,https://t.me/mybspb,https://telemetr.me/catalog/tag/spb,
b7cb185ee55954624f40,Бегущая певица,Санкт-Петербург,author_or_channel,runningsinger,manual_only,65,worth_checking,,youtube,https://www.youtube.com/@runningsinger,runningsinger,20800,micro,original_profile_opened,https://www.youtube.com/@runningsinger,https://www.youtube.com/results?search_query=%D0%9F%D0%B8%D1%82%D0%B5%D1%80+%D0%BE%D0%B1%D0%B7%D0%BE%D1%80+%D0%BC%D0%B5%D1%81%D1%82&hl=ru,https://www.youtube.com/watch?v=fvWGHAyQzeU
51883bf5c29f6224f587,Бесплатный Питер | Санкт-Петербург,Санкт-Петербург,channel,piter_free78,advertising_contact,83,worth_checking,,telegram,https://t.me/piter_free78,piter_free78,19921,micro,original_profile_opened,https://t.me/piter_free78,https://telemetr.me/catalog/tag/spb,
ae8c8709d7cbfcec6dab,БИРГ,Санкт-Петербург,author_or_channel,BIRGRIB,manual_only,70,worth_checking,,youtube,https://www.youtube.com/@BIRGRIB,BIRGRIB,8110,nano,original_profile_opened,https://www.youtube.com/@BIRGRIB,https://www.youtube.com/results?search_query=%D0%9F%D0%B5%D1%82%D0%B5%D1%80%D0%B1%D1%83%D1%80%D0%B3+%D0%B8%D1%81%D1%82%D0%BE%D1%80%D0%B8%D1%8F+%D0%B0%D0%B2%D1%82%D0%BE%D1%80%D1%81%D0%BA%D0%B8%D0%B9+%D0%BA%D0%B0%D0%BD%D0%B0%D0%BB&hl=ru,https://www.youtube.com/watch?v=lVzOCP8_Oyc
78a9eba8dc645510825c,Блондинка по Фрейду //  Катя,Санкт-Петербург,author_or_channel,katusha_papina,manual_only,65,worth_checking,,youtube,https://www.youtube.com/@katusha_papina,katusha_papina,66800,micro,original_profile_opened,https://www.youtube.com/@katusha_papina,https://www.youtube.com/results?search_query=%D0%9F%D0%B8%D1%82%D0%B5%D1%80+lifestyle+vlog&hl=ru,https://www.youtube.com/watch?v=8B1qsUlCFdE
2ca999aeff6c1c87b499,Ботанический сад Петра Великого. Санкт-Петербург,Санкт-Петербург,channel,botsad_spb_official,manual_only,71,worth_checking,,telegram,https://t.me/botsad_spb_official,botsad_spb_official,15043,micro,original_profile_opened,https://t.me/botsad_spb_official,https://telemetr.me/catalog/tag/spb,
45ab6504cb963eff85f7,Брикитон!,Санкт-Петербург,author_or_channel,brikiton,manual_only,65,worth_checking,,youtube,https://www.youtube.com/@brikiton,brikiton,22100,micro,original_profile_opened,https://www.youtube.com/@brikiton,https://www.youtube.com/results?search_query=%D0%A1%D0%9F%D0%B1+%D0%B0%D1%84%D0%B8%D1%88%D0%B0+%D0%B2%D0%B8%D0%B4%D0%B5%D0%BE&hl=ru,https://www.youtube.com/watch?v=kkShsyhYL2I
686fea4c51be3aa31a55,бьютисóфия,Санкт-Петербург,channel,beautysophia,manual_only,71,worth_checking,organika,telegram,https://t.me/beautysophia,beautysophia,19433,micro,original_profile_opened,https://t.me/beautysophia,https://telemetr.me/catalog/tag/spb,
c4af59fc4c5520f48c73,В погоне ЗА НЕОБЫЧНЫМ,Санкт-Петербург,author_or_channel,RuWonders,manual_only,65,worth_checking,,youtube,https://www.youtube.com/@RuWonders,RuWonders,69800,micro,original_profile_opened,https://www.youtube.com/@RuWonders,https://www.youtube.com/results?search_query=%D0%A1%D0%9F%D0%B1+%D0%BB%D0%BE%D0%BA%D0%B0%D0%BB%D1%8C%D0%BD%D1%8B%D0%B9+%D0%B3%D0%B8%D0%B4&hl=ru,https://www.youtube.com/watch?v=IdAFRxo890A
ce79c45e09e56aac58b4,Важный человек,Санкт-Петербург,author,vlad_pitergid,manual_only,76,worth_checking,,instagram,https://www.instagram.com/vlad_pitergid,vlad_pitergid,48,nano,original_profile_opened,https://www.instagram.com/vlad_pitergid,https://www.sobaka.ru/city/urbanistics/145052,
b7a9ef9e8bda63ea6753,Вера в курсе,Санкт-Петербург,channel,verochkavkurse,manual_only,71,worth_checking,,telegram,https://t.me/verochkavkurse,verochkavkurse,40014,micro,original_profile_opened,https://t.me/verochkavkurse,https://telemetr.me/catalog/tag/spb,
7074b37248708f837bc0,Вечерний Санкт-Петербург,Санкт-Петербург,channel,ta_samaya_vecherka,manual_only,71,worth_checking,,telegram,https://t.me/ta_samaya_vecherka,ta_samaya_vecherka,11954,micro,original_profile_opened,https://t.me/ta_samaya_vecherka,https://telemetr.me/catalog/tag/spb,
de221ccf2155641cda15,Виолетта Макаренко,Санкт-Петербург,author_or_channel,Violetta_makarenko,manual_only,70,worth_checking,riderra,youtube,https://www.youtube.com/@Violetta_makarenko,Violetta_makarenko,3480,nano,original_profile_opened,https://www.youtube.com/@Violetta_makarenko,https://www.youtube.com/results?search_query=%D0%A1%D0%B0%D0%BD%D0%BA%D1%82-%D0%9F%D0%B5%D1%82%D0%B5%D1%80%D0%B1%D1%83%D1%80%D0%B3+%D0%B1%D0%BB%D0%BE%D0%B3&hl=ru,https://www.youtube.com/watch?v=Bir_ytWjbFE
34696344a75191df361f,Виталий Питер,Санкт-Петербург,author_or_channel,vitalu_piter,manual_only,65,worth_checking,veselaya_rascheska,youtube,https://www.youtube.com/@vitalu_piter,vitalu_piter,71700,micro,original_profile_opened,https://www.youtube.com/@vitalu_piter,https://www.youtube.com/results?search_query=%D0%9F%D0%B5%D1%82%D0%B5%D1%80%D0%B1%D1%83%D1%80%D0%B3+%D1%81+%D0%B4%D0%B5%D1%82%D1%8C%D0%BC%D0%B8&hl=ru,https://www.youtube.com/watch?v=w_wrXyxfQYo
e6de1c722b70dd6e254d,Витражи в России,Санкт-Петербург,author,provitroart,manual_only,76,worth_checking,,instagram,https://www.instagram.com/provitroart,provitroart,1439,nano,original_profile_opened,https://www.instagram.com/provitroart,https://www.sobaka.ru/city/urbanistics/145052,
ad337e1d4f406828df12,ВК «Зенит» (Санкт-Петербург),Санкт-Петербург,channel,vczenitspb,manual_only,71,worth_checking,,telegram,https://t.me/vczenitspb,vczenitspb,14890,micro,original_profile_opened,https://t.me/vczenitspb,https://telemetr.me/catalog/tag/spb,
b1a85d7c18282a5a9ca6,ГЛАВНОЕ / Санкт-Петербург,Санкт-Петербург,channel,topspb_tv,manual_only,71,worth_checking,,telegram,https://t.me/topspb_tv,topspb_tv,25096,micro,original_profile_opened,https://t.me/topspb_tv,https://telemetr.me/catalog/tag/spb,
c11ce7de38a715111d79,Глеб Ерошков | #ПИТЕРСКИЙЕСТ,Санкт-Петербург,author_or_channel,GlebEroshkov,manual_only,70,worth_checking,,youtube,https://www.youtube.com/@GlebEroshkov,GlebEroshkov,3380,nano,original_profile_opened,https://www.youtube.com/@GlebEroshkov,https://www.youtube.com/results?search_query=%D0%A1%D0%9F%D0%B1+%D1%80%D0%B5%D1%81%D1%82%D0%BE%D1%80%D0%B0%D0%BD%D1%8B+%D0%BE%D0%B1%D0%B7%D0%BE%D1%80&hl=ru,https://www.youtube.com/watch?v=k8GIs2g7SQk
a236c707dd4ecd54370e,Государственный Эрмитаж,Санкт-Петербург,author_or_channel,thehermitagemuseum,manual_only,55,needs_manual_review,,youtube,https://www.youtube.com/@thehermitagemuseum,thehermitagemuseum,144000,mid,original_profile_opened,https://www.youtube.com/@thehermitagemuseum,https://www.youtube.com/results?search_query=%D0%9F%D0%B5%D1%82%D0%B5%D1%80%D0%B1%D1%83%D1%80%D0%B3+%D0%B8%D1%81%D1%82%D0%BE%D1%80%D0%B8%D1%8F+%D0%B0%D0%B2%D1%82%D0%BE%D1%80%D1%81%D0%BA%D0%B8%D0%B9+%D0%BA%D0%B0%D0%BD%D0%B0%D0%BB&hl=ru,https://www.youtube.com/watch?v=DTF_mIMZmug
4072a52e7177cdceed33,ГТРК Ютубовск,Санкт-Петербург,author_or_channel,%D0%A1%D1%82%D0%B0%D0%BD%D0%B8%D1%81%D0%BB%D0%B0%D0%B2%D0%A1%D0%BE%D1%80%D0%BE%D0%BA%D0%B8%D0%BD-%D0%BE5%D0%B1,manual_only,70,worth_checking,,youtube,https://www.youtube.com/@%D0%A1%D1%82%D0%B0%D0%BD%D0%B8%D1%81%D0%BB%D0%B0%D0%B2%D0%A1%D0%BE%D1%80%D0%BE%D0%BA%D0%B8%D0%BD-%D0%BE5%D0%B1,%D0%A1%D1%82%D0%B0%D0%BD%D0%B8%D1%81%D0%BB%D0%B0%D0%B2%D0%A1%D0%BE%D1%80%D0%BE%D0%BA%D0%B8%D0%BD-%D0%BE5%D0%B1,609,nano,original_profile_opened,https://www.youtube.com/@%D0%A1%D1%82%D0%B0%D0%BD%D0%B8%D1%81%D0%BB%D0%B0%D0%B2%D0%A1%D0%BE%D1%80%D0%BE%D0%BA%D0%B8%D0%BD-%D0%BE5%D0%B1,https://www.youtube.com/results?search_query=%D0%A1%D0%9F%D0%B1+%D0%BA%D1%83%D0%BB%D1%8C%D1%82%D1%83%D1%80%D0%B0+%D1%81%D0%BE%D0%B1%D1%8B%D1%82%D0%B8%D1%8F&hl=ru,https://www.youtube.com/watch?v=eqlVgsp7qhU
ee55506244be270e50fa,гуксандра,Санкт-Петербург,author_or_channel,guxsandra,manual_only,70,worth_checking,riderra,youtube,https://www.youtube.com/@guxsandra,guxsandra,3640,nano,original_profile_opened,https://www.youtube.com/@guxsandra,https://www.youtube.com/results?search_query=%D0%A1%D0%B0%D0%BD%D0%BA%D1%82-%D0%9F%D0%B5%D1%82%D0%B5%D1%80%D0%B1%D1%83%D1%80%D0%B3+%D0%B1%D0%BB%D0%BE%D0%B3&hl=ru,https://www.youtube.com/watch?v=o6FMM4bpAOQ
f15a4b552cb9241b8a52,Давай Двинем!,Санкт-Петербург,author_or_channel,davaidvinem,manual_only,65,worth_checking,,youtube,https://www.youtube.com/@davaidvinem,davaidvinem,13800,micro,original_profile_opened,https://www.youtube.com/@davaidvinem,https://www.youtube.com/results?search_query=%D0%9F%D0%B8%D1%82%D0%B5%D1%80+%D0%BE%D0%B1%D0%B7%D0%BE%D1%80+%D0%BC%D0%B5%D1%81%D1%82&hl=ru,https://www.youtube.com/watch?v=KHmYt_bF9pM
9987ae9531a4271463f6,Даниил Resto Mesto 🥐,Санкт-Петербург,author_or_channel,resto_mesto,manual_only,70,worth_checking,,youtube,https://www.youtube.com/@resto_mesto,resto_mesto,849,nano,original_profile_opened,https://www.youtube.com/@resto_mesto,https://www.youtube.com/results?search_query=%D0%A1%D0%9F%D0%B1+%D0%BA%D0%B0%D1%84%D0%B5+%D0%BE%D0%B1%D0%B7%D0%BE%D1%80&hl=ru,https://www.youtube.com/watch?v=F60_n0RDNNI
658a6dce4fedab77f8ff,Дарья Януш,Санкт-Петербург,author_or_channel,yanushdaria,manual_only,70,worth_checking,,youtube,https://www.youtube.com/@yanushdaria,yanushdaria,593,nano,original_profile_opened,https://www.youtube.com/@yanushdaria,https://www.youtube.com/results?search_query=%D0%A1%D0%9F%D0%B1+%D1%80%D0%B5%D1%81%D1%82%D0%BE%D1%80%D0%B0%D0%BD%D1%8B+%D0%BE%D0%B1%D0%B7%D0%BE%D1%80&hl=ru,https://www.youtube.com/watch?v=tXafwDAPFq0
977972996690cb799dc9,ДИАНА | HIGH HEELS | ACRO HEELS | КОЛПИНО | САНКТ-ПЕТЕРБУРГ,Санкт-Петербург,author,sinitsuna.di,manual_only,74,worth_checking,,instagram,https://www.instagram.com/sinitsuna.di,sinitsuna.di,80000,micro,original_profile_opened,https://www.instagram.com/sinitsuna.di,https://www.modash.io/find-influencers/russia/saint-petersburg,
977972996690cb799dc9,ДИАНА | HIGH HEELS | ACRO HEELS | КОЛПИНО | САНКТ-ПЕТЕРБУРГ,Санкт-Петербург,author,sinitsuna.di,manual_only,74,worth_checking,,threads,https://www.threads.com/@sinitsuna.di,sinitsuna.di,933,micro,public_index_verified,https://threadlook.com/profile/sinitsuna.di,https://www.modash.io/find-influencers/russia/saint-petersburg,
977972996690cb799dc9,ДИАНА | HIGH HEELS | ACRO HEELS | КОЛПИНО | САНКТ-ПЕТЕРБУРГ,Санкт-Петербург,author,sinitsuna.di,manual_only,74,worth_checking,,tiktok,https://www.tiktok.com/@sinitsuna.di,sinitsuna.di,,micro,original_profile_opened,https://www.tiktok.com/@sinitsuna.di,https://www.modash.io/find-influencers/russia/saint-petersburg,
ac67840e604cde06a4c2,Дима О путешествиях,Санкт-Петербург,author_or_channel,Ordinartsev,manual_only,70,worth_checking,"riderra, veselaya_rascheska",youtube,https://www.youtube.com/@Ordinartsev,Ordinartsev,582,nano,original_profile_opened,https://www.youtube.com/@Ordinartsev,https://www.youtube.com/results?search_query=%D0%9F%D0%B5%D1%82%D0%B5%D1%80%D0%B1%D1%83%D1%80%D0%B3+%D1%81+%D0%B4%D0%B5%D1%82%D1%8C%D0%BC%D0%B8&hl=ru,https://www.youtube.com/watch?v=Ub_l1LJor1c
cf99176ca49af2f86f39,Дима Раймер,Санкт-Петербург,channel,dimaraymer,advertising_contact,83,worth_checking,,telegram,https://t.me/dimaraymer,dimaraymer,41997,micro,original_profile_opened,https://t.me/dimaraymer,https://telemetr.me/catalog/tag/spb,
f44b4f89ab61c9b4b6b6,Дорожный Контроль СПБ | ЛО,Санкт-Петербург,channel,doroga_47,advertising_contact,83,worth_checking,,telegram,https://t.me/doroga_47,doroga_47,16832,micro,original_profile_opened,https://t.me/doroga_47,https://telemetr.me/catalog/tag/spb,
319cdc931b016e6224e0,Едем дальше с Александрой Солоницыной,Санкт-Петербург,author_or_channel,yedemdalshe,manual_only,70,worth_checking,,youtube,https://www.youtube.com/@yedemdalshe,yedemdalshe,6,nano,original_profile_opened,https://www.youtube.com/@yedemdalshe,https://www.youtube.com/results?search_query=%D0%9F%D0%B5%D1%82%D0%B5%D1%80%D0%B1%D1%83%D1%80%D0%B3+%D1%81+%D0%B4%D0%B5%D1%82%D1%8C%D0%BC%D0%B8&hl=ru,https://www.youtube.com/watch?v=D8z1QqvFGaA
9ba20a861c57b38350a5,Елена Кристал TRUE💎,Санкт-Петербург,author_or_channel,ElenaCrystalTrue,manual_only,65,worth_checking,organika,youtube,https://www.youtube.com/@ElenaCrystalTrue,ElenaCrystalTrue,25700,micro,original_profile_opened,https://www.youtube.com/@ElenaCrystalTrue,https://www.youtube.com/results?search_query=%D0%A1%D0%9F%D0%B1+%D0%B1%D1%8C%D1%8E%D1%82%D0%B8+%D0%B1%D0%BB%D0%BE%D0%B3%D0%B5%D1%80&hl=ru,https://www.youtube.com/watch?v=oXYVNzqe3r8
0b050456d34ce196771f,ЕРВИШНЯ,Санкт-Петербург,channel,yourrwishestg,advertising_contact,83,worth_checking,,telegram,https://t.me/yourrwishestg,yourrwishestg,38333,micro,original_profile_opened,https://t.me/yourrwishestg,https://telemetr.me/catalog/tag/spb,
fce6773a536a6513fde2,Живые Руины,Санкт-Петербург,author_or_channel,%D0%96%D0%B8%D0%B2%D1%8B%D0%B5%D0%A0%D1%83%D0%B8%D0%BD%D1%8B,manual_only,70,worth_checking,,youtube,https://www.youtube.com/@%D0%96%D0%B8%D0%B2%D1%8B%D0%B5%D0%A0%D1%83%D0%B8%D0%BD%D1%8B,%D0%96%D0%B8%D0%B2%D1%8B%D0%B5%D0%A0%D1%83%D0%B8%D0%BD%D1%8B,5020,nano,original_profile_opened,https://www.youtube.com/@%D0%96%D0%B8%D0%B2%D1%8B%D0%B5%D0%A0%D1%83%D0%B8%D0%BD%D1%8B,https://www.youtube.com/results?search_query=%D0%9F%D0%B5%D1%82%D0%B5%D1%80%D0%B1%D1%83%D1%80%D0%B3+%D0%B8%D1%81%D1%82%D0%BE%D1%80%D0%B8%D1%8F+%D0%B0%D0%B2%D1%82%D0%BE%D1%80%D1%81%D0%BA%D0%B8%D0%B9+%D0%BA%D0%B0%D0%BD%D0%B0%D0%BB&hl=ru,https://www.youtube.com/watch?v=xlQbWss6x08
1f7a5c922d313a86b89f,"жизнь в сталинке, ремонт в старом фонде и непарадный Петербург",Санкт-Петербург,author,stalinka_na_chernoi,manual_only,71,worth_checking,,instagram,https://www.instagram.com/stalinka_na_chernoi,stalinka_na_chernoi,77000,micro,original_profile_opened,https://www.instagram.com/stalinka_na_chernoi,https://www.sobaka.ru/city/urbanistics/145052,
d058e3a785c8419aef5a,Запечатанный звук,Санкт-Петербург,author_or_channel,sealed_sound,manual_only,55,needs_manual_review,,youtube,https://www.youtube.com/@sealed_sound,sealed_sound,134000,mid,original_profile_opened,https://www.youtube.com/@sealed_sound,https://www.youtube.com/results?search_query=%D0%9F%D0%B5%D1%82%D0%B5%D1%80%D0%B1%D1%83%D1%80%D0%B3+%D0%B8%D1%81%D1%82%D0%BE%D1%80%D0%B8%D1%8F+%D0%B0%D0%B2%D1%82%D0%BE%D1%80%D1%81%D0%BA%D0%B8%D0%B9+%D0%BA%D0%B0%D0%BD%D0%B0%D0%BB&hl=ru,https://www.youtube.com/watch?v=6vVQNs2xdwE
f2ffefe415dd49102cc4,и просто так,Санкт-Петербург,channel,writeforfriends,manual_only,71,worth_checking,"organika, veselaya_rascheska",telegram,https://t.me/writeforfriends,writeforfriends,28775,micro,original_profile_opened,https://t.me/writeforfriends,https://telemetr.me/catalog/tag/spb,
aaf958448d55ed4d7bc5,ИСТОРИИ ДЛЯ СНА,Санкт-Петербург,author_or_channel,%D0%B8%D1%81%D1%82%D0%BE%D1%80%D0%B8%D0%B8_%D0%B4%D0%BB%D1%8F_%D1%81%D0%BD%D0%B0,manual_only,65,worth_checking,,youtube,https://www.youtube.com/@%D0%B8%D1%81%D1%82%D0%BE%D1%80%D0%B8%D0%B8_%D0%B4%D0%BB%D1%8F_%D1%81%D0%BD%D0%B0,%D0%B8%D1%81%D1%82%D0%BE%D1%80%D0%B8%D0%B8_%D0%B4%D0%BB%D1%8F_%D1%81%D0%BD%D0%B0,99300,micro,original_profile_opened,https://www.youtube.com/@%D0%B8%D1%81%D1%82%D0%BE%D1%80%D0%B8%D0%B8_%D0%B4%D0%BB%D1%8F_%D1%81%D0%BD%D0%B0,https://www.youtube.com/results?search_query=%D0%9F%D0%B5%D1%82%D0%B5%D1%80%D0%B1%D1%83%D1%80%D0%B3+%D0%B8%D1%81%D1%82%D0%BE%D1%80%D0%B8%D1%8F+%D0%B0%D0%B2%D1%82%D0%BE%D1%80%D1%81%D0%BA%D0%B8%D0%B9+%D0%BA%D0%B0%D0%BD%D0%B0%D0%BB&hl=ru,https://www.youtube.com/watch?v=edKr9u9kel4
a3fdfe3221554ae7fb09,История Петербурга romanovtrip,Санкт-Петербург,author_or_channel,romanovtrip,manual_only,65,worth_checking,riderra,youtube,https://www.youtube.com/@romanovtrip,romanovtrip,15800,micro,original_profile_opened,https://www.youtube.com/@romanovtrip,https://www.youtube.com/results?search_query=%D0%A1%D0%9F%D0%B1+%D0%BB%D0%BE%D0%BA%D0%B0%D0%BB%D1%8C%D0%BD%D1%8B%D0%B9+%D0%B3%D0%B8%D0%B4&hl=ru,https://www.youtube.com/watch?v=11vHW_7kUF4
2fa18576356fa516270a,История РФ,Санкт-Петербург,author_or_channel,r-hroniki,manual_only,55,needs_manual_review,,youtube,https://www.youtube.com/@r-hroniki,r-hroniki,158000,mid,original_profile_opened,https://www.youtube.com/@r-hroniki,https://www.youtube.com/results?search_query=%D0%9F%D0%B5%D1%82%D0%B5%D1%80%D0%B1%D1%83%D1%80%D0%B3+%D0%B8%D1%81%D1%82%D0%BE%D1%80%D0%B8%D1%8F+%D0%B0%D0%B2%D1%82%D0%BE%D1%80%D1%81%D0%BA%D0%B8%D0%B9+%D0%BA%D0%B0%D0%BD%D0%B0%D0%BB&hl=ru,https://www.youtube.com/watch?v=EB3pdSRzDgQ
26cac4eb34bdff7c7258,Ия Гаас | ссать и делать,Санкт-Петербург,author,gaas_mi,manual_only,74,worth_checking,,instagram,https://www.instagram.com/gaas_mi,gaas_mi,97000,micro,original_profile_opened,https://www.instagram.com/gaas_mi,https://www.modash.io/find-influencers/russia/saint-petersburg,
26cac4eb34bdff7c7258,Ия Гаас | ссать и делать,Санкт-Петербург,author,gaas_mi,manual_only,74,worth_checking,,threads,https://www.threads.com/@gaas_mi,gaas_mi,12600,micro,public_index_verified,https://threadlook.com/profile/gaas_mi,https://www.modash.io/find-influencers/russia/saint-petersburg,
26cac4eb34bdff7c7258,Ия Гаас | ссать и делать,Санкт-Петербург,author,gaas_mi,manual_only,74,worth_checking,,tiktok,https://www.tiktok.com/@gaas_mi,gaas_mi,,micro,original_profile_opened,https://www.tiktok.com/@gaas_mi,https://www.modash.io/find-influencers/russia/saint-petersburg,
6a74d8b7786029900211,Коршун из Санкт-Петербурга,Санкт-Петербург,author_or_channel,-Korshun,manual_only,65,worth_checking,,youtube,https://www.youtube.com/@-Korshun,-Korshun,51200,micro,original_profile_opened,https://www.youtube.com/@-Korshun,https://www.youtube.com/results?search_query=%D0%9F%D0%B5%D1%82%D0%B5%D1%80%D0%B1%D1%83%D1%80%D0%B3+%D1%80%D0%B0%D0%B9%D0%BE%D0%BD%D0%BD%D1%8B%D0%B9+%D0%B1%D0%BB%D0%BE%D0%B3&hl=ru,https://www.youtube.com/watch?v=1b1hTe9PyoA
10995e1f38a3c8927bad,коснарт,Санкт-Петербург,author_or_channel,kosnart,manual_only,70,worth_checking,,youtube,https://www.youtube.com/@kosnart,kosnart,3130,nano,original_profile_opened,https://www.youtube.com/@kosnart,https://www.youtube.com/results?search_query=%D0%A1%D0%9F%D0%B1+%D0%BA%D1%83%D0%BB%D1%8C%D1%82%D1%83%D1%80%D0%B0+%D1%81%D0%BE%D0%B1%D1%8B%D1%82%D0%B8%D1%8F&hl=ru,https://www.youtube.com/watch?v=0LvDiHQNTUA
c76272dd19826f6022ba,Ксения Макарчук | Недвижимость | Новостройки СПб,Санкт-Петербург,author_or_channel,ksenagent,manual_only,70,worth_checking,,youtube,https://www.youtube.com/@ksenagent,ksenagent,3030,nano,original_profile_opened,https://www.youtube.com/@ksenagent,https://www.youtube.com/results?search_query=%D0%A1%D0%9F%D0%B1+%D0%B4%D0%B5%D1%82%D1%81%D0%BA%D0%B8%D0%B5+%D0%BA%D1%80%D1%83%D0%B6%D0%BA%D0%B8+%D0%BE%D0%B1%D0%B7%D0%BE%D1%80&hl=ru,https://www.youtube.com/watch?v=Tzlrruwa06U
7306c260652de3c34324,Ксюша Габзунова,Санкт-Петербург,author_or_channel,KseniaGabzunova,manual_only,70,worth_checking,,youtube,https://www.youtube.com/@KseniaGabzunova,KseniaGabzunova,3070,nano,original_profile_opened,https://www.youtube.com/@KseniaGabzunova,https://www.youtube.com/results?search_query=%D0%9F%D0%B8%D1%82%D0%B5%D1%80+%D0%BE%D0%B1%D0%B7%D0%BE%D1%80+%D0%BC%D0%B5%D1%81%D1%82&hl=ru,https://www.youtube.com/watch?v=irF8DgIMgHY
9e7ed70c936743821c7a,Ксюша Сидорина aka метлахтайл,Санкт-Петербург,author,mettlachtile,manual_only,74,worth_checking,,instagram,https://www.instagram.com/mettlachtile,mettlachtile,81000,micro,original_profile_opened,https://www.instagram.com/mettlachtile,https://www.modash.io/find-influencers/russia/saint-petersburg,
9e7ed70c936743821c7a,Ксюша Сидорина aka метлахтайл,Санкт-Петербург,author,mettlachtile,manual_only,74,worth_checking,,threads,https://www.threads.com/@mettlachtile,mettlachtile,6800,micro,public_index_verified,https://threadlook.com/profile/mettlachtile,https://www.modash.io/find-influencers/russia/saint-petersburg,
9e7ed70c936743821c7a,Ксюша Сидорина aka метлахтайл,Санкт-Петербург,author,mettlachtile,manual_only,74,worth_checking,,tiktok,https://www.tiktok.com/@mettlachtile,mettlachtile,,micro,original_profile_opened,https://www.tiktok.com/@mettlachtile,https://www.modash.io/find-influencers/russia/saint-petersburg,
24f795da7554374e0773,Куда пойти в Питере с детьми,Санкт-Петербург,channel,gokidspeterburg,advertising_contact,83,worth_checking,veselaya_rascheska,telegram,https://t.me/gokidspeterburg,gokidspeterburg,34139,micro,original_profile_opened,https://t.me/gokidspeterburg,https://telemetr.me/catalog/tag/spb,
6d3e6b1714d469cd1706,Кураторий,Санкт-Петербург,author_or_channel,%D0%9A%D0%A3%D0%A0%D0%90%D0%A2%D0%9E%D0%A0%D0%98%D0%99,manual_only,65,worth_checking,,youtube,https://www.youtube.com/@%D0%9A%D0%A3%D0%A0%D0%90%D0%A2%D0%9E%D0%A0%D0%98%D0%99,%D0%9A%D0%A3%D0%A0%D0%90%D0%A2%D0%9E%D0%A0%D0%98%D0%99,29000,micro,original_profile_opened,https://www.youtube.com/@%D0%9A%D0%A3%D0%A0%D0%90%D0%A2%D0%9E%D0%A0%D0%98%D0%99,https://www.youtube.com/results?search_query=%D0%9F%D0%B5%D1%82%D0%B5%D1%80%D0%B1%D1%83%D1%80%D0%B3+%D0%B8%D1%81%D1%82%D0%BE%D1%80%D0%B8%D1%8F+%D0%B0%D0%B2%D1%82%D0%BE%D1%80%D1%81%D0%BA%D0%B8%D0%B9+%D0%BA%D0%B0%D0%BD%D0%B0%D0%BB&hl=ru,https://www.youtube.com/watch?v=As39LIMpVtY
68665c37714d13f8841e,Лёля Такси 👑 LЁLYA 🐯,Санкт-Петербург,author,olechechkin,manual_only,74,worth_checking,,instagram,https://www.instagram.com/olechechkin,olechechkin,82000,micro,original_profile_opened,https://www.instagram.com/olechechkin,https://www.modash.io/find-influencers/russia/saint-petersburg,
68665c37714d13f8841e,Лёля Такси 👑 LЁLYA 🐯,Санкт-Петербург,author,olechechkin,manual_only,74,worth_checking,,threads,https://www.threads.com/@olechechkin,olechechkin,4200,micro,public_index_verified,https://threadlook.com/profile/olechechkin,https://www.modash.io/find-influencers/russia/saint-petersburg,
68665c37714d13f8841e,Лёля Такси 👑 LЁLYA 🐯,Санкт-Петербург,author,olechechkin,manual_only,74,worth_checking,,tiktok,https://www.tiktok.com/@olechechkin,olechechkin,,micro,original_profile_opened,https://www.tiktok.com/@olechechkin,https://www.modash.io/find-influencers/russia/saint-petersburg,
6d82464031e5f0944b9f,"Лероша Пéкур ✱ reels, лайфстайл, приколы :)",Санкт-Петербург,author,pekur.v,manual_only,72,worth_checking,,instagram,https://www.instagram.com/pekur.v,pekur.v,32000,micro,original_profile_opened,https://www.instagram.com/pekur.v,https://www.modash.io/find-influencers/russia/saint-petersburg,
6d82464031e5f0944b9f,"Лероша Пéкур ✱ reels, лайфстайл, приколы :)",Санкт-Петербург,author,pekur.v,manual_only,72,worth_checking,,threads,https://www.threads.com/@pekur.v,pekur.v,2400,micro,public_index_verified,https://threadlook.com/profile/pekur.v,https://www.modash.io/find-influencers/russia/saint-petersburg,
f1e836e14df615480740,Люда Горгуца,Санкт-Петербург,author,old_apartment,manual_only,71,worth_checking,,instagram,https://www.instagram.com/old_apartment,old_apartment,33000,micro,original_profile_opened,https://www.instagram.com/old_apartment,https://www.sobaka.ru/city/urbanistics/145052,
672bd691d033d66091b8,Магазин Geek Trip,Санкт-Петербург,channel,gktrp,manual_only,71,worth_checking,riderra,telegram,https://t.me/gktrp,gktrp,14608,micro,original_profile_opened,https://t.me/gktrp,https://telemetr.me/catalog/tag/spb,
f0af9ded0b6ecf7f6b59,Магазин детских товаров «Мама Жанна»,Санкт-Петербург,channel,mamazhannarf,manual_only,71,worth_checking,veselaya_rascheska,telegram,https://t.me/mamazhannarf,mamazhannarf,30946,micro,original_profile_opened,https://t.me/mamazhannarf,https://telemetr.me/catalog/tag/spb,
4e51065d460f3c9923ab,Марафон «Белые ночи»,Санкт-Петербург,channel,wn_marathon,manual_only,71,worth_checking,,telegram,https://t.me/wn_marathon,wn_marathon,21505,micro,original_profile_opened,https://t.me/wn_marathon,https://telemetr.me/catalog/tag/spb,
473abed023fbd88fa076,Мария Сказкина,Санкт-Петербург,author_or_channel,skazkinaa,manual_only,70,worth_checking,,youtube,https://www.youtube.com/@skazkinaa,skazkinaa,2110,nano,original_profile_opened,https://www.youtube.com/@skazkinaa,https://www.youtube.com/results?search_query=%D0%9F%D0%B8%D1%82%D0%B5%D1%80+lifestyle+vlog&hl=ru,https://www.youtube.com/watch?v=ohRKRRd14C0
d19d372992624f026410,Мария Чигвинцева,Санкт-Петербург,author_or_channel,Mary_chig,manual_only,70,worth_checking,,youtube,https://www.youtube.com/@Mary_chig,Mary_chig,3550,nano,original_profile_opened,https://www.youtube.com/@Mary_chig,https://www.youtube.com/results?search_query=%D0%A1%D0%B0%D0%BD%D0%BA%D1%82-%D0%9F%D0%B5%D1%82%D0%B5%D1%80%D0%B1%D1%83%D1%80%D0%B3+%D0%B1%D0%BB%D0%BE%D0%B3&hl=ru,https://www.youtube.com/watch?v=AIeG8B2MOGY
6fe3dc9bc0e0c9f6027f,Мегаполис | ДТП и ЧП | Санкт-Петербург | Питер💡,Санкт-Петербург,channel,megapolisonline,advertising_contact,83,worth_checking,,telegram,https://t.me/megapolisonline,megapolisonline,77258,micro,original_profile_opened,https://t.me/megapolisonline,https://telemetr.me/catalog/tag/spb,
6378a21c2bf73f68682a,Миша Кирсанов / Kung Fu Trip,Санкт-Петербург,author_or_channel,kirsanov_trip,manual_only,55,needs_manual_review,riderra,youtube,https://www.youtube.com/@kirsanov_trip,kirsanov_trip,150000,mid,original_profile_opened,https://www.youtube.com/@kirsanov_trip,https://www.youtube.com/results?search_query=%D0%9F%D0%B5%D1%82%D0%B5%D1%80%D0%B1%D1%83%D1%80%D0%B3+%D1%81+%D0%B4%D0%B5%D1%82%D1%8C%D0%BC%D0%B8&hl=ru,https://www.youtube.com/watch?v=vDE7r6ocsi0
3c3c175c29addd3ed551,Мой Питер,Санкт-Петербург,channel,my_SPB78,advertising_contact,83,worth_checking,,telegram,https://t.me/my_SPB78,my_SPB78,27547,micro,original_profile_opened,https://t.me/my_SPB78,https://telemetr.me/catalog/tag/spb,
de0baae9dc532b24a495,Мой Питер,Санкт-Петербург,author_or_channel,piter_city,manual_only,70,worth_checking,,youtube,https://www.youtube.com/@piter_city,piter_city,9180,nano,original_profile_opened,https://www.youtube.com/@piter_city,https://www.youtube.com/results?search_query=%D0%9F%D0%B5%D1%82%D0%B5%D1%80%D0%B1%D1%83%D1%80%D0%B3+%D1%81+%D0%B4%D0%B5%D1%82%D1%8C%D0%BC%D0%B8&hl=ru,https://www.youtube.com/watch?v=oQUT3t0jVpQ
35e9c89dacc67794f9bd,Мой Питер,Санкт-Петербург,author_or_channel,%D0%9C%D0%BE%D0%B9%D0%9F%D0%B8%D1%82%D0%B5%D1%80-%D1%885%D0%B32%D0%B2,manual_only,70,worth_checking,,youtube,https://www.youtube.com/@%D0%9C%D0%BE%D0%B9%D0%9F%D0%B8%D1%82%D0%B5%D1%80-%D1%885%D0%B32%D0%B2,%D0%9C%D0%BE%D0%B9%D0%9F%D0%B8%D1%82%D0%B5%D1%80-%D1%885%D0%B32%D0%B2,482,nano,original_profile_opened,https://www.youtube.com/@%D0%9C%D0%BE%D0%B9%D0%9F%D0%B8%D1%82%D0%B5%D1%80-%D1%885%D0%B32%D0%B2,https://www.youtube.com/results?search_query=%D0%9F%D0%B5%D1%82%D0%B5%D1%80%D0%B1%D1%83%D1%80%D0%B3+%D1%81+%D0%B4%D0%B5%D1%82%D1%8C%D0%BC%D0%B8&hl=ru,https://www.youtube.com/watch?v=bU4LjLZpPWw
d3d90d803705817c4e83,Мороженое Лавкрим,Санкт-Петербург,author_or_channel,Lavcream_ice,manual_only,70,worth_checking,,youtube,https://www.youtube.com/@Lavcream_ice,Lavcream_ice,304,nano,original_profile_opened,https://www.youtube.com/@Lavcream_ice,https://www.youtube.com/results?search_query=%D0%9F%D0%B5%D1%82%D0%B5%D1%80%D0%B1%D1%83%D1%80%D0%B3+%D1%81+%D0%B4%D0%B5%D1%82%D1%8C%D0%BC%D0%B8&hl=ru,https://www.youtube.com/watch?v=K9BjC5Ho_c0
c7056817cf3195ecad62,МОСТ: ХЕРСОН,Санкт-Петербург,channel,mostks,manual_only,71,worth_checking,,telegram,https://t.me/mostks,mostks,20840,micro,original_profile_opened,https://t.me/mostks,https://telemetr.me/catalog/tag/spb,
7f36acc5fc7513021436,Мятный Латте,Санкт-Петербург,channel,notesofamintlatte,manual_only,71,worth_checking,,telegram,https://t.me/notesofamintlatte,notesofamintlatte,18765,micro,original_profile_opened,https://t.me/notesofamintlatte,https://telemetr.me/catalog/tag/spb,
04a6e603715f90221716,Настасья - блогер • модель • lifestyle influencer 📍Москва/Спб,Санкт-Петербург,author,ask_nastasia,advertising_contact,86,worth_checking,,instagram,https://www.instagram.com/ask_nastasia,ask_nastasia,92000,micro,original_profile_opened,https://www.instagram.com/ask_nastasia,https://www.modash.io/find-influencers/russia/saint-petersburg,
04a6e603715f90221716,Настасья - блогер • модель • lifestyle influencer 📍Москва/Спб,Санкт-Петербург,author,ask_nastasia,advertising_contact,86,worth_checking,,threads,https://www.threads.com/@ask_nastasia,ask_nastasia,4400,micro,public_index_verified,https://threadlook.com/profile/ask_nastasia,https://www.modash.io/find-influencers/russia/saint-petersburg,
04a6e603715f90221716,Настасья - блогер • модель • lifestyle influencer 📍Москва/Спб,Санкт-Петербург,author,ask_nastasia,advertising_contact,86,worth_checking,,tiktok,https://www.tiktok.com/@ask_nastasia,ask_nastasia,,micro,original_profile_opened,https://www.tiktok.com/@ask_nastasia,https://www.modash.io/find-influencers/russia/saint-petersburg,
d27345894dfac063ad62,Незнакомый Петербург,Санкт-Петербург,channel,unknown_piter,advertising_contact,83,worth_checking,,telegram,https://t.me/unknown_piter,unknown_piter,88181,micro,original_profile_opened,https://t.me/unknown_piter,https://telemetr.me/catalog/tag/spb,
7dc0e401e588e6ec15b6,Неугомонная,Санкт-Петербург,channel,neugomonnay_n,manual_only,71,worth_checking,,telegram,https://t.me/neugomonnay_n,neugomonnay_n,40990,micro,original_profile_opened,https://t.me/neugomonnay_n,https://telemetr.me/catalog/tag/spb,
2e575d8dd598fa8be307,Ника о бережном отношении к старому фонду,Санкт-Петербург,author,details_spb,manual_only,72,worth_checking,,instagram,https://www.instagram.com/details_spb,details_spb,14000,micro,original_profile_opened,https://www.instagram.com/details_spb,https://www.sobaka.ru/city/urbanistics/145052,
2e575d8dd598fa8be307,Ника о бережном отношении к старому фонду,Санкт-Петербург,author,details_spb,manual_only,72,worth_checking,,threads,https://www.threads.com/@details_spb,details_spb,1500,micro,public_index_verified,https://threadlook.com/profile/details_spb,https://www.sobaka.ru/city/urbanistics/145052,
b8554a97f217ce5e03b7,Никита | изучаю дореволюционную одежду,Санкт-Петербург,author,historycostume,manual_only,71,worth_checking,,instagram,https://www.instagram.com/historycostume,historycostume,13000,micro,original_profile_opened,https://www.instagram.com/historycostume,https://www.sobaka.ru/city/urbanistics/145052,
e7b6892d40dab9a5909c,Никита Шмелев,Санкт-Петербург,author_or_channel,ShmelevNikita,manual_only,70,worth_checking,,youtube,https://www.youtube.com/@ShmelevNikita,ShmelevNikita,798,nano,original_profile_opened,https://www.youtube.com/@ShmelevNikita,https://www.youtube.com/results?search_query=%D0%9F%D0%B8%D1%82%D0%B5%D1%80+%D0%BA%D1%83%D0%B4%D0%B0+%D1%81%D1%85%D0%BE%D0%B4%D0%B8%D1%82%D1%8C&hl=ru,https://www.youtube.com/watch?v=98u_5lHzO5I
8b27c2e95d159bb7dc61,Новости Санкт Петербурга,Санкт-Петербург,channel,newsspbtop,advertising_contact,83,worth_checking,,telegram,https://t.me/newsspbtop,newsspbtop,13195,micro,original_profile_opened,https://t.me/newsspbtop,https://telemetr.me/catalog/tag/spb,
82472b5beec1b6e1160b,Опять нас куда-то несёт,Санкт-Петербург,author_or_channel,nasneset,manual_only,70,worth_checking,veselaya_rascheska,youtube,https://www.youtube.com/@nasneset,nasneset,6880,nano,original_profile_opened,https://www.youtube.com/@nasneset,https://www.youtube.com/results?search_query=%D0%9F%D0%B5%D1%82%D0%B5%D1%80%D0%B1%D1%83%D1%80%D0%B3+%D1%81+%D0%B4%D0%B5%D1%82%D1%8C%D0%BC%D0%B8&hl=ru,https://www.youtube.com/watch?v=koB8kbS6euA
7e716181a54f5c299219,Ортопед Доктор Мамонтов д.м.н. Санкт-Петербург,Санкт-Петербург,channel,doktormamontov,advertising_contact,83,worth_checking,veselaya_rascheska,telegram,https://t.me/doktormamontov,doktormamontov,21547,micro,original_profile_opened,https://t.me/doktormamontov,https://telemetr.me/catalog/tag/spb,
3d68648435bc77d724ee,Периметр,Санкт-Петербург,author_or_channel,Soradenie-Perimetr,manual_only,65,worth_checking,,youtube,https://www.youtube.com/@Soradenie-Perimetr,Soradenie-Perimetr,18000,micro,original_profile_opened,https://www.youtube.com/@Soradenie-Perimetr,https://www.youtube.com/results?search_query=%D0%9F%D0%B5%D1%82%D0%B5%D1%80%D0%B1%D1%83%D1%80%D0%B3+%D0%B8%D1%81%D1%82%D0%BE%D1%80%D0%B8%D1%8F+%D0%B0%D0%B2%D1%82%D0%BE%D1%80%D1%81%D0%BA%D0%B8%D0%B9+%D0%BA%D0%B0%D0%BD%D0%B0%D0%BB&hl=ru,https://www.youtube.com/watch?v=p1J4xOcaHkY
8bc7ff1053063ab74a8f,Петербургские истории 🎞,Санкт-Петербург,channel,piter_places,advertising_contact,83,worth_checking,,telegram,https://t.me/piter_places,piter_places,45415,micro,original_profile_opened,https://t.me/piter_places,https://telemetr.me/catalog/tag/spb,
0d76ce31accb4a8aae10,Питер в голове • Про Санкт-Петербург • СПБ,Санкт-Петербург,channel,piter_v_golove,manual_only,71,worth_checking,,telegram,https://t.me/piter_v_golove,piter_v_golove,75253,micro,original_profile_opened,https://t.me/piter_v_golove,https://telemetr.me/catalog/tag/spb,
145050fb7e0c01e13aaa,Питер в движении,Санкт-Петербург,author_or_channel,%D0%9F%D0%B8%D1%82%D0%B5%D1%80%D0%B2%D0%B4%D0%B2%D0%B8%D0%B6%D0%B5%D0%BD%D0%B8%D0%B8,manual_only,70,worth_checking,veselaya_rascheska,youtube,https://www.youtube.com/@%D0%9F%D0%B8%D1%82%D0%B5%D1%80%D0%B2%D0%B4%D0%B2%D0%B8%D0%B6%D0%B5%D0%BD%D0%B8%D0%B8,%D0%9F%D0%B8%D1%82%D0%B5%D1%80%D0%B2%D0%B4%D0%B2%D0%B8%D0%B6%D0%B5%D0%BD%D0%B8%D0%B8,165,nano,original_profile_opened,https://www.youtube.com/@%D0%9F%D0%B8%D1%82%D0%B5%D1%80%D0%B2%D0%B4%D0%B2%D0%B8%D0%B6%D0%B5%D0%BD%D0%B8%D0%B8,https://www.youtube.com/results?search_query=%D0%9F%D0%B8%D1%82%D0%B5%D1%80+%D0%B4%D0%B5%D1%82%D1%81%D0%BA%D0%B8%D0%B5+%D0%BC%D0%B5%D1%81%D1%82%D0%B0+%D0%BE%D0%B1%D0%B7%D0%BE%D1%80&hl=ru,https://www.youtube.com/watch?v=f3ftddCy_M0
09e441e36f2122233a45,Погнали в Трип!,Санкт-Петербург,author_or_channel,lets_go_trip,manual_only,65,worth_checking,,youtube,https://www.youtube.com/@lets_go_trip,lets_go_trip,99700,micro,original_profile_opened,https://www.youtube.com/@lets_go_trip,https://www.youtube.com/results?search_query=%D0%A1%D0%9F%D0%B1+%D0%BB%D0%BE%D0%BA%D0%B0%D0%BB%D1%8C%D0%BD%D1%8B%D0%B9+%D0%B3%D0%B8%D0%B4&hl=ru,https://www.youtube.com/watch?v=6stkkOi5o4U
df8e9083bdfda58e0b58,Про Питер и путешествия,Санкт-Петербург,author,kotlet,manual_only,72,worth_checking,riderra,instagram,https://www.instagram.com/kotlet,kotlet,33000,micro,original_profile_opened,https://www.instagram.com/kotlet,https://www.modash.io/find-influencers/russia/saint-petersburg,
df8e9083bdfda58e0b58,Про Питер и путешествия,Санкт-Петербург,author,kotlet,manual_only,72,worth_checking,riderra,threads,https://www.threads.com/@kotlet,kotlet,23300,micro,public_index_verified,https://threadlook.com/profile/kotlet,https://www.modash.io/find-influencers/russia/saint-petersburg,
e0949d223d9f30703154,Путешествуй с Fujida,Санкт-Петербург,author_or_channel,Fujida_Travel,manual_only,65,worth_checking,riderra,youtube,https://www.youtube.com/@Fujida_Travel,Fujida_Travel,10600,micro,original_profile_opened,https://www.youtube.com/@Fujida_Travel,https://www.youtube.com/results?search_query=%D0%9F%D0%B8%D1%82%D0%B5%D1%80+%D0%BA%D1%83%D0%B4%D0%B0+%D1%81%D1%85%D0%BE%D0%B4%D0%B8%D1%82%D1%8C&hl=ru,https://www.youtube.com/watch?v=i7TyUbvK1e8
75d23cf9042147d5405c,Путешествуй со смыслом,Санкт-Петербург,author_or_channel,travelsmysl,manual_only,70,worth_checking,riderra,youtube,https://www.youtube.com/@travelsmysl,travelsmysl,8,nano,original_profile_opened,https://www.youtube.com/@travelsmysl,https://www.youtube.com/results?search_query=%D0%A1%D0%9F%D0%B1+%D0%BB%D0%BE%D0%BA%D0%B0%D0%BB%D1%8C%D0%BD%D1%8B%D0%B9+%D0%B3%D0%B8%D0%B4&hl=ru,https://www.youtube.com/watch?v=i9epYVRO8Qs
75d6418bc5d0a704e0d3,Радар Санкт-Петербург,Санкт-Петербург,channel,radar_piter,advertising_contact,83,worth_checking,,telegram,https://t.me/radar_piter,radar_piter,38179,micro,original_profile_opened,https://t.me/radar_piter,https://telemetr.me/catalog/tag/spb,
61dfa960a12381d6722f,Разберу по составу,Санкт-Петербург,channel,skintelligence,advertising_contact,83,worth_checking,veselaya_rascheska,telegram,https://t.me/skintelligence,skintelligence,26970,micro,original_profile_opened,https://t.me/skintelligence,https://telemetr.me/catalog/tag/spb,
d89c9f1cdd2181281458,развивая стиль | Лидия Шаро,Санкт-Петербург,channel,sharovashare,advertising_contact,83,worth_checking,"organika, veselaya_rascheska",telegram,https://t.me/sharovashare,sharovashare,30448,micro,original_profile_opened,https://t.me/sharovashare,https://telemetr.me/catalog/tag/spb,
6eba986542cbca1736d7,Санкт-Петербург,Санкт-Петербург,channel,piter,advertising_contact,87,worth_checking,,telegram,https://t.me/piter,piter,17433,micro,original_profile_opened,https://t.me/piter,https://telemetr.me/catalog/tag/spb,
6eba986542cbca1736d7,Санкт-Петербург,Санкт-Петербург,channel,piter,advertising_contact,87,worth_checking,,vk,https://vk.com/piter,piter,,unknown,original_profile_opened,https://vk.com/piter,https://www.yapokupayu.ru/blogs/post/interesnye-pabliki-o-sankt-peterburge,
ceb9d6a81336114dd404,Санкт-Петербург - Новости,Санкт-Петербург,channel,spb_lives,advertising_contact,83,worth_checking,,telegram,https://t.me/spb_lives,spb_lives,12810,micro,original_profile_opened,https://t.me/spb_lives,https://telemetr.me/catalog/tag/spb,
7db0e6023d8c3032fc8d,Санкт-Петербург Life,Санкт-Петербург,channel,lifepetersburg,advertising_contact,73,worth_checking,,telegram,https://t.me/lifepetersburg,lifepetersburg,106387,mid,original_profile_opened,https://t.me/lifepetersburg,https://telemetr.me/catalog/tag/spb,
6e3572bb350cfc8942df,Санкт-Петербург LIVE,Санкт-Петербург,channel,spb_smi,advertising_contact,73,worth_checking,,telegram,https://t.me/spb_smi,spb_smi,164874,mid,original_profile_opened,https://t.me/spb_smi,https://telemetr.me/catalog/tag/spb,
237aa1762ee1e95f0a34,Санкт-Петербург online | Saintpgo,Санкт-Петербург,channel,saintpgoo,advertising_contact,73,worth_checking,,telegram,https://t.me/saintpgoo,saintpgoo,106034,mid,original_profile_opened,https://t.me/saintpgoo,https://telemetr.me/catalog/tag/spb,
b55768a76b7fb11d1fb2,Санкт-Петербург | Питер Live,Санкт-Петербург,channel,petersburg_live,advertising_contact,83,worth_checking,,telegram,https://t.me/petersburg_live,petersburg_live,67101,micro,original_profile_opened,https://t.me/petersburg_live,https://telemetr.me/catalog/tag/spb,
64937a49871ab16f57ac,Санкт-Петербург сегодня,Санкт-Петербург,channel,spb_burg,advertising_contact,83,worth_checking,,telegram,https://t.me/spb_burg,spb_burg,38646,micro,original_profile_opened,https://t.me/spb_burg,https://telemetr.me/catalog/tag/spb,
9bcb9623b98577b7f5e8,Санкт-Петербург Сейчас,Санкт-Петербург,channel,spb_radar,manual_only,71,worth_checking,,telegram,https://t.me/spb_radar,spb_radar,30171,micro,original_profile_opened,https://t.me/spb_radar,https://telemetr.me/catalog/tag/spb,
862eaf8c2d02bfe20c7a,Санкт-Петербург 💚 Куда пойти,Санкт-Петербург,channel,russian_spb78,advertising_contact,83,worth_checking,,telegram,https://t.me/russian_spb78,russian_spb78,15419,micro,original_profile_opened,https://t.me/russian_spb78,https://telemetr.me/catalog/tag/spb,
8e8875188ac4e9c49137,Саша Коновалова,Санкт-Петербург,author_or_channel,SashaKonovalova,manual_only,65,worth_checking,,youtube,https://www.youtube.com/@SashaKonovalova,SashaKonovalova,89200,micro,original_profile_opened,https://www.youtube.com/@SashaKonovalova,https://www.youtube.com/results?search_query=%D0%A1%D0%9F%D0%B1+%D0%BB%D0%BE%D0%BA%D0%B0%D0%BB%D1%8C%D0%BD%D1%8B%D0%B9+%D0%B3%D0%B8%D0%B4&hl=ru,https://www.youtube.com/watch?v=ntdAalchtkM
3edc658bdf8571226fd5,Северная столица | Санкт-Петербург,Санкт-Петербург,channel,peterburg_sever,advertising_contact,83,worth_checking,,telegram,https://t.me/peterburg_sever,peterburg_sever,34635,micro,original_profile_opened,https://t.me/peterburg_sever,https://telemetr.me/catalog/tag/spb,
14cc7ae024c2f84a61c2,Семейный Тв,Санкт-Петербург,author_or_channel,%D0%A1%D0%B5%D0%BC%D0%B5%D0%B9%D0%BD%D1%8B%D0%B9_%D0%A2%D0%B2,manual_only,65,worth_checking,,youtube,https://www.youtube.com/@%D0%A1%D0%B5%D0%BC%D0%B5%D0%B9%D0%BD%D1%8B%D0%B9_%D0%A2%D0%B2,%D0%A1%D0%B5%D0%BC%D0%B5%D0%B9%D0%BD%D1%8B%D0%B9_%D0%A2%D0%B2,13600,micro,original_profile_opened,https://www.youtube.com/@%D0%A1%D0%B5%D0%BC%D0%B5%D0%B9%D0%BD%D1%8B%D0%B9_%D0%A2%D0%B2,https://www.youtube.com/results?search_query=%D0%A1%D0%B0%D0%BD%D0%BA%D1%82-%D0%9F%D0%B5%D1%82%D0%B5%D1%80%D0%B1%D1%83%D1%80%D0%B3+%D1%81%D0%B5%D0%BC%D0%B5%D0%B9%D0%BD%D1%8B%D0%B9+%D0%BA%D0%B0%D0%BD%D0%B0%D0%BB&hl=ru,https://www.youtube.com/watch?v=DERezWk0fCk
01551a2bdceac4a28564,Сергей Макаров,Санкт-Петербург,author,sergeygokk,manual_only,71,worth_checking,,instagram,https://www.instagram.com/sergeygokk,sergeygokk,45000,micro,original_profile_opened,https://www.instagram.com/sergeygokk,https://www.modash.io/find-influencers/russia/saint-petersburg,
c1278d688d7449f5773e,Соня ближе,Санкт-Петербург,author_or_channel,sonya_reads,manual_only,65,worth_checking,,youtube,https://www.youtube.com/@sonya_reads,sonya_reads,35700,micro,original_profile_opened,https://www.youtube.com/@sonya_reads,https://www.youtube.com/results?search_query=%D0%A1%D0%9F%D0%B1+%D0%BB%D0%BE%D0%BA%D0%B0%D0%BB%D1%8C%D0%BD%D1%8B%D0%B9+%D0%B3%D0%B8%D0%B4&hl=ru,https://www.youtube.com/watch?v=S8TYAOLhflw
bda51820641966c0d762,Софи-Адель и семья,Санкт-Петербург,author_or_channel,%D0%A1%D0%BE%D1%84%D0%B8-%D0%90%D0%B4%D0%B5%D0%BB%D1%8C%D0%B8%D1%81%D0%B5%D0%BC%D1%8C%D1%8F,manual_only,70,worth_checking,veselaya_rascheska,youtube,https://www.youtube.com/@%D0%A1%D0%BE%D1%84%D0%B8-%D0%90%D0%B4%D0%B5%D0%BB%D1%8C%D0%B8%D1%81%D0%B5%D0%BC%D1%8C%D1%8F,%D0%A1%D0%BE%D1%84%D0%B8-%D0%90%D0%B4%D0%B5%D0%BB%D1%8C%D0%B8%D1%81%D0%B5%D0%BC%D1%8C%D1%8F,4040,nano,original_profile_opened,https://www.youtube.com/@%D0%A1%D0%BE%D1%84%D0%B8-%D0%90%D0%B4%D0%B5%D0%BB%D1%8C%D0%B8%D1%81%D0%B5%D0%BC%D1%8C%D1%8F,https://www.youtube.com/results?search_query=%D0%A1%D0%B0%D0%BD%D0%BA%D1%82-%D0%9F%D0%B5%D1%82%D0%B5%D1%80%D0%B1%D1%83%D1%80%D0%B3+%D1%81%D0%B5%D0%BC%D0%B5%D0%B9%D0%BD%D1%8B%D0%B9+%D0%BA%D0%B0%D0%BD%D0%B0%D0%BB&hl=ru,https://www.youtube.com/watch?v=TGwpWmipIYQ
7f9112b852b581c8e105,Старый телевизор (STAROETV.SU),Санкт-Петербург,author_or_channel,StaroetvSu,manual_only,65,worth_checking,,youtube,https://www.youtube.com/@StaroetvSu,StaroetvSu,10300,micro,original_profile_opened,https://www.youtube.com/@StaroetvSu,https://www.youtube.com/results?search_query=%D0%A1%D0%9F%D0%B1+%D0%BA%D1%83%D0%BB%D1%8C%D1%82%D1%83%D1%80%D0%B0+%D1%81%D0%BE%D0%B1%D1%8B%D1%82%D0%B8%D1%8F&hl=ru,https://www.youtube.com/watch?v=Zb8zzN6DT1g
71f78ca0b7b075db505b,Суши Wok Санкт-Петербург,Санкт-Петербург,channel,sushiwokspb,manual_only,71,worth_checking,,telegram,https://t.me/sushiwokspb,sushiwokspb,20762,micro,original_profile_opened,https://t.me/sushiwokspb,https://telemetr.me/catalog/tag/spb,
a9ee56af8caf5ada4fb4,Таня ✶ fashion influencer ✶ ugc-контент ✶ Питер,Санкт-Петербург,author,miniiriba,advertising_contact,84,worth_checking,,instagram,https://www.instagram.com/miniiriba,miniiriba,35000,micro,original_profile_opened,https://www.instagram.com/miniiriba,https://www.modash.io/find-influencers/russia/saint-petersburg,
a9ee56af8caf5ada4fb4,Таня ✶ fashion influencer ✶ ugc-контент ✶ Питер,Санкт-Петербург,author,miniiriba,advertising_contact,84,worth_checking,,threads,https://www.threads.com/@miniiriba,miniiriba,2900,micro,public_index_verified,https://threadlook.com/profile/miniiriba,https://www.modash.io/find-influencers/russia/saint-petersburg,
d474c38e2c94181649af,Татьяна Ефимова (#блогербабатаня),Санкт-Петербург,author_or_channel,%D0%A2%D0%B0%D1%82%D1%8C%D1%8F%D0%BD%D0%B0%D0%95%D1%84%D0%B8%D0%BC%D0%BE%D0%B2%D0%B0-%D1%887%D1%84,manual_only,70,worth_checking,,youtube,https://www.youtube.com/@%D0%A2%D0%B0%D1%82%D1%8C%D1%8F%D0%BD%D0%B0%D0%95%D1%84%D0%B8%D0%BC%D0%BE%D0%B2%D0%B0-%D1%887%D1%84,%D0%A2%D0%B0%D1%82%D1%8C%D1%8F%D0%BD%D0%B0%D0%95%D1%84%D0%B8%D0%BC%D0%BE%D0%B2%D0%B0-%D1%887%D1%84,2460,nano,original_profile_opened,https://www.youtube.com/@%D0%A2%D0%B0%D1%82%D1%8C%D1%8F%D0%BD%D0%B0%D0%95%D1%84%D0%B8%D0%BC%D0%BE%D0%B2%D0%B0-%D1%887%D1%84,https://www.youtube.com/results?search_query=%D0%A1%D0%9F%D0%B1+%D0%BA%D1%83%D0%BB%D1%8C%D1%82%D1%83%D1%80%D0%B0+%D1%81%D0%BE%D0%B1%D1%8B%D1%82%D0%B8%D1%8F&hl=ru,https://www.youtube.com/watch?v=8W9lD7xYUYk
9af0819bd3e8659c558f,Таша Тейл,Санкт-Петербург,author,tashatale,manual_only,62,needs_manual_review,,instagram,https://www.instagram.com/tashatale,tashatale,160000,mid,original_profile_opened,https://www.instagram.com/tashatale,https://adinblog.ru/топ/города/санкт-петербург/,
9af0819bd3e8659c558f,Таша Тейл,Санкт-Петербург,author,tashatale,manual_only,62,needs_manual_review,,threads,https://www.threads.com/@tashatale,tashatale,8200,mid,public_index_verified,https://threadlook.com/profile/tashatale,https://adinblog.ru/топ/города/санкт-петербург/,
d61a8ffb94c840cbca51,ТОЧКА ПРИТЯЖЕНИЯ,Санкт-Петербург,author_or_channel,Point_Of_Attraction,manual_only,70,worth_checking,,youtube,https://www.youtube.com/@Point_Of_Attraction,Point_Of_Attraction,8200,nano,original_profile_opened,https://www.youtube.com/@Point_Of_Attraction,https://www.youtube.com/results?search_query=%D0%9F%D0%B8%D1%82%D0%B5%D1%80+%D0%BE%D0%B1%D0%B7%D0%BE%D1%80+%D0%BC%D0%B5%D1%81%D1%82&hl=ru,https://www.youtube.com/watch?v=7Oh_0u6NrHE
92ec5d8be2517b057c1f,Тренажер по истории,Санкт-Петербург,author_or_channel,history_trainer,manual_only,70,worth_checking,,youtube,https://www.youtube.com/@history_trainer,history_trainer,7670,nano,original_profile_opened,https://www.youtube.com/@history_trainer,https://www.youtube.com/results?search_query=%D0%9F%D0%B5%D1%82%D0%B5%D1%80%D0%B1%D1%83%D1%80%D0%B3+%D0%B8%D1%81%D1%82%D0%BE%D1%80%D0%B8%D1%8F+%D0%B0%D0%B2%D1%82%D0%BE%D1%80%D1%81%D0%BA%D0%B8%D0%B9+%D0%BA%D0%B0%D0%BD%D0%B0%D0%BB&hl=ru,https://www.youtube.com/watch?v=qa7Dq8C73sA
77caec575498a9d901eb,ТРЦ «Галерея»,Санкт-Петербург,channel,galeria_mall_spb,manual_only,71,worth_checking,"organika, veselaya_rascheska",telegram,https://t.me/galeria_mall_spb,galeria_mall_spb,16277,micro,original_profile_opened,https://t.me/galeria_mall_spb,https://telemetr.me/catalog/tag/spb,
1bb1e447170bcd8d85c1,Тут жизнь и Лера🎠,Санкт-Петербург,author,tut_lera,manual_only,75,worth_checking,,instagram,https://www.instagram.com/tut_lera,tut_lera,89000,micro,original_profile_opened,https://www.instagram.com/tut_lera,https://www.modash.io/find-influencers/russia/saint-petersburg,
1bb1e447170bcd8d85c1,Тут жизнь и Лера🎠,Санкт-Петербург,author,tut_lera,manual_only,75,worth_checking,,tiktok,https://www.tiktok.com/@tut_lera,tut_lera,,micro,original_profile_opened,https://www.tiktok.com/@tut_lera,https://www.modash.io/find-influencers/russia/saint-petersburg,
83297abed57a1dca510f,Ходячие Репортёры,Санкт-Петербург,author_or_channel,WalkingReporters,manual_only,65,worth_checking,riderra,youtube,https://www.youtube.com/@WalkingReporters,WalkingReporters,14100,micro,original_profile_opened,https://www.youtube.com/@WalkingReporters,https://www.youtube.com/results?search_query=%D0%9F%D0%B8%D1%82%D0%B5%D1%80+%D0%B4%D0%B5%D1%82%D1%81%D0%BA%D0%B8%D0%B5+%D0%BC%D0%B5%D1%81%D1%82%D0%B0+%D0%BE%D0%B1%D0%B7%D0%BE%D1%80&hl=ru,https://www.youtube.com/watch?v=6Wnz8nbaftY
6086e84d2d532be0a965,Хоккей в Санкт-Петербурге!,Санкт-Петербург,channel,hockey_piter_tg,advertising_contact,83,worth_checking,,telegram,https://t.me/hockey_piter_tg,hockey_piter_tg,13107,micro,original_profile_opened,https://t.me/hockey_piter_tg,https://telemetr.me/catalog/tag/spb,
719da20feff97fe1266a,Честные распаковки 🛒,Санкт-Петербург,author_or_channel,ry_a_dom,manual_only,70,worth_checking,,youtube,https://www.youtube.com/@ry_a_dom,ry_a_dom,7480,nano,original_profile_opened,https://www.youtube.com/@ry_a_dom,https://www.youtube.com/results?search_query=%D0%9F%D0%B8%D1%82%D0%B5%D1%80+%D0%B4%D0%BE%D1%81%D1%82%D0%BE%D0%BF%D1%80%D0%B8%D0%BC%D0%B5%D1%87%D0%B0%D1%82%D0%B5%D0%BB%D1%8C%D0%BD%D0%BE%D1%81%D1%82%D0%B8+vlog&hl=ru,https://www.youtube.com/watch?v=GlI8RASv56Q
f2f48b66ea98b6c0d380,Чечёткин ТУТ,Санкт-Петербург,author_or_channel,chechetkin_tut,manual_only,65,worth_checking,,youtube,https://www.youtube.com/@chechetkin_tut,chechetkin_tut,92700,micro,original_profile_opened,https://www.youtube.com/@chechetkin_tut,https://www.youtube.com/results?search_query=%D0%9F%D0%B5%D1%82%D0%B5%D1%80%D0%B1%D1%83%D1%80%D0%B3+%D0%B8%D1%81%D1%82%D0%BE%D1%80%D0%B8%D1%8F+%D0%B0%D0%B2%D1%82%D0%BE%D1%80%D1%81%D0%BA%D0%B8%D0%B9+%D0%BA%D0%B0%D0%BD%D0%B0%D0%BB&hl=ru,https://www.youtube.com/watch?v=QhOhMUbB9hM
7d1b6134dc192085d139,Чико | Санкт-Петербург,Санкт-Петербург,channel,chicko_saint_petersburg,manual_only,71,worth_checking,,telegram,https://t.me/chicko_saint_petersburg,chicko_saint_petersburg,14142,micro,original_profile_opened,https://t.me/chicko_saint_petersburg,https://telemetr.me/catalog/tag/spb,
c90e5a922d6d65c470ce,Эйнштейн покажет,Санкт-Петербург,author_or_channel,Einstein_show,manual_only,55,needs_manual_review,,youtube,https://www.youtube.com/@Einstein_show,Einstein_show,114000,mid,original_profile_opened,https://www.youtube.com/@Einstein_show,https://www.youtube.com/results?search_query=%D0%9F%D0%B5%D1%82%D0%B5%D1%80%D0%B1%D1%83%D1%80%D0%B3+%D0%B8%D1%81%D1%82%D0%BE%D1%80%D0%B8%D1%8F+%D0%B0%D0%B2%D1%82%D0%BE%D1%80%D1%81%D0%BA%D0%B8%D0%B9+%D0%BA%D0%B0%D0%BD%D0%B0%D0%BB&hl=ru,https://www.youtube.com/watch?v=RKCmw4CsJlU
eb7041a42a37d0d9dc73,Юлия Кондратьева Архитектура и градостроительство,Санкт-Петербург,author_or_channel,jlkndrarchitect,manual_only,70,worth_checking,,youtube,https://www.youtube.com/@jlkndrarchitect,jlkndrarchitect,5950,nano,original_profile_opened,https://www.youtube.com/@jlkndrarchitect,https://www.youtube.com/results?search_query=%D0%9F%D0%B5%D1%82%D0%B5%D1%80%D0%B1%D1%83%D1%80%D0%B3+%D0%B8%D1%81%D1%82%D0%BE%D1%80%D0%B8%D1%8F+%D0%B0%D0%B2%D1%82%D0%BE%D1%80%D1%81%D0%BA%D0%B8%D0%B9+%D0%BA%D0%B0%D0%BD%D0%B0%D0%BB&hl=ru,https://www.youtube.com/watch?v=Gaie1inKoMA
fa86b9a2331adcda6212,Юлия Парфенова,Санкт-Петербург,author_or_channel,yula_parf,manual_only,70,worth_checking,riderra,youtube,https://www.youtube.com/@yula_parf,yula_parf,4310,nano,original_profile_opened,https://www.youtube.com/@yula_parf,https://www.youtube.com/results?search_query=%D0%9F%D0%B8%D1%82%D0%B5%D1%80+%D0%B4%D0%BE%D1%81%D1%82%D0%BE%D0%BF%D1%80%D0%B8%D0%BC%D0%B5%D1%87%D0%B0%D1%82%D0%B5%D0%BB%D1%8C%D0%BD%D0%BE%D1%81%D1%82%D0%B8+vlog&hl=ru,https://www.youtube.com/watch?v=u_hiPkZbTMA
9452bac8c1d4d413a1e1,Юлия Чебейко,Санкт-Петербург,author_or_channel,yulia_chebeiko,manual_only,70,worth_checking,riderra,youtube,https://www.youtube.com/@yulia_chebeiko,yulia_chebeiko,505,nano,original_profile_opened,https://www.youtube.com/@yulia_chebeiko,https://www.youtube.com/results?search_query=%D0%9F%D0%B8%D1%82%D0%B5%D1%80+%D0%B4%D0%BE%D1%81%D1%82%D0%BE%D0%BF%D1%80%D0%B8%D0%BC%D0%B5%D1%87%D0%B0%D1%82%D0%B5%D0%BB%D1%8C%D0%BD%D0%BE%D1%81%D1%82%D0%B8+vlog&hl=ru,https://www.youtube.com/watch?v=slbSWaatQrg
5dcbb5ad4e9b2a431e81,���� ������� � ������,Санкт-Петербург,community,piterbesplatno,manual_only,61,needs_manual_review,,vk,https://vk.com/piterbesplatno,piterbesplatno,,unknown,original_profile_opened,https://vk.com/piterbesplatno,https://www.yapokupayu.ru/blogs/post/interesnye-pabliki-o-sankt-peterburge,
9dc3449c53968c421e0d,����� | ���������� �� ����������,Санкт-Петербург,community,in_piter,manual_only,61,needs_manual_review,,vk,https://vk.com/in_piter,in_piter,,unknown,original_profile_opened,https://vk.com/in_piter,https://gorod-plus.tv/news/103042,
dea5d0bfc58ee4705059,����� �� ������������ | ������������ ������,Санкт-Петербург,community,vasilyevskiyostrov,manual_only,61,needs_manual_review,,vk,https://vk.com/vasilyevskiyostrov,vasilyevskiyostrov,,unknown,original_profile_opened,https://vk.com/vasilyevskiyostrov,https://www.yapokupayu.ru/blogs/post/interesnye-pabliki-o-sankt-peterburge,
314f10fdeeadde80cda4,����� ������� ����������,Санкт-Петербург,community,afichaspb,manual_only,61,needs_manual_review,,vk,https://vk.com/afichaspb,afichaspb,,unknown,original_profile_opened,https://vk.com/afichaspb,https://www.yapokupayu.ru/blogs/post/interesnye-pabliki-o-sankt-peterburge,
3f8485fda70ac14b9caa,�����-��������� - ��� ��� �����! | ����� | ���,Санкт-Петербург,community,o_st.petersburg,manual_only,61,needs_manual_review,,vk,https://vk.com/o_st.petersburg,o_st.petersburg,,unknown,original_profile_opened,https://vk.com/o_st.petersburg,https://gorod-plus.tv/news/103042,
1623a71763a1c0797fa7,������� - ����������� ����� | ����������,Санкт-Петербург,community,kupchinoask,manual_only,61,needs_manual_review,,vk,https://vk.com/kupchinoask,kupchinoask,,unknown,original_profile_opened,https://vk.com/kupchinoask,https://www.yapokupayu.ru/blogs/post/interesnye-pabliki-o-sankt-peterburge,
bdeacc372e04df0708c5,�������� �����-����������,Санкт-Петербург,community,aesthetics_spb,manual_only,61,needs_manual_review,,vk,https://vk.com/aesthetics_spb,aesthetics_spb,,unknown,original_profile_opened,https://vk.com/aesthetics_spb,https://www.yapokupayu.ru/blogs/post/interesnye-pabliki-o-sankt-peterburge,
ef4c98937325c73a8267,��������-������,Санкт-Петербург,community,shuvalovo_ozerki,manual_only,61,needs_manual_review,,vk,https://vk.com/shuvalovo_ozerki,shuvalovo_ozerki,,unknown,original_profile_opened,https://vk.com/shuvalovo_ozerki,https://www.yapokupayu.ru/blogs/post/interesnye-pabliki-o-sankt-peterburge,
8efb740d90a59f922d01,��������� | ���� � �����,Санкт-Петербург,community,oldnow,manual_only,61,needs_manual_review,,vk,https://vk.com/oldnow,oldnow,,unknown,original_profile_opened,https://vk.com/oldnow,https://gorod-plus.tv/news/103042,
197a96b1f8437dc75afb,��������� | �������������,Санкт-Петербург,community,oldenspb,manual_only,61,needs_manual_review,,vk,https://vk.com/oldenspb,oldenspb,,unknown,original_profile_opened,https://vk.com/oldenspb,https://gorod-plus.tv/news/103042,
e77e74c3529a24ed0d43,��������� �����-��������� ���������� ���,Санкт-Петербург,community,baraholka_sanktpeterburg,manual_only,61,needs_manual_review,,vk,https://vk.com/baraholka_sanktpeterburg,baraholka_sanktpeterburg,,unknown,original_profile_opened,https://vk.com/baraholka_sanktpeterburg,https://www.yapokupayu.ru/blogs/post/interesnye-pabliki-o-sankt-peterburge,
7c6fd92d95aa045dccf7,��������� ������ | ������,Санкт-Петербург,community,9online,manual_only,61,needs_manual_review,,vk,https://vk.com/9online,9online,,unknown,original_profile_opened,https://vk.com/9online,https://www.yapokupayu.ru/blogs/post/interesnye-pabliki-o-sankt-peterburge,
c39199be62ab4d3ba1e3,��������� ���������� ����������,Санкт-Петербург,community,estkomspb,manual_only,61,needs_manual_review,,vk,https://vk.com/estkomspb,estkomspb,,unknown,original_profile_opened,https://vk.com/estkomspb,https://gorod-plus.tv/news/103042,
d08c94c33add781ddc02,����������� ����� �����-����������,Санкт-Петербург,community,newstucentr,manual_only,61,needs_manual_review,,vk,https://vk.com/newstucentr,newstucentr,,unknown,original_profile_opened,https://vk.com/newstucentr,https://www.yapokupayu.ru/blogs/post/interesnye-pabliki-o-sankt-peterburge,
