candidate_id,display_name,platform,canonical_url,username,city,subscriber_count,audience_band,contactability,verification_status,source_url,discovery_source_url,evidence_url,evidence_summary,lead_seeded,directory_queries,researched_at
de42cbba323f6eef52d2,"""Авентура"", агентство событий - организация event мероприятий по всей России.",youtube,https://www.youtube.com/@Aventura_events,Aventura_events,Санкт-Петербург,1130,nano,manual_only,original_profile_opened,https://www.youtube.com/@Aventura_events,https://www.youtube.com/results?search_query=%D0%BE%D1%80%D0%B3%D0%B0%D0%BD%D0%B8%D0%B7%D0%B0%D1%82%D0%BE%D1%80%D1%8B+%D0%BC%D0%B5%D1%80%D0%BE%D0%BF%D1%80%D0%B8%D1%8F%D1%82%D0%B8%D0%B9+%D0%A1%D0%9F%D0%B1+%D0%B1%D0%BB%D0%BE%D0%B3%D0%B5%D1%80&hl=ru,https://www.youtube.com/watch?v=vwqusUpbsqc,"Видео «АВЕНТУРА - организация мероприятий в МСК, СПб, Сибири по РФ и всему миру» содержит явную привязку к городу.",False,лучшие организаторы мероприятий Петербург | организаторы мероприятий СПб блогер,2026-08-23T13:25:03.198994+00:00
76ccf7da99100778cf28,#КарелБежит,youtube,https://www.youtube.com/@MaksKarjalaShatov,MaksKarjalaShatov,Санкт-Петербург,12300,micro,manual_only,original_profile_opened,https://www.youtube.com/@MaksKarjalaShatov,https://www.youtube.com/results?search_query=%D0%BB%D1%83%D1%87%D1%88%D0%B8%D0%B5+%D0%B1%D0%B5%D0%B3+%D0%9F%D0%B5%D1%82%D0%B5%D1%80%D0%B1%D1%83%D1%80%D0%B3&hl=ru,https://www.youtube.com/watch?v=BcSwVAX71Ng,Видео «Полумарафон Северная столица /СПб\ 2026» содержит явную привязку к городу.,False,бег СПб блогер | бег Санкт-Петербург обзор | лучшие бег Петербург,2026-08-23T13:25:05.039084+00:00
df91d8e14bd35d8ef363,#КРУГЛОВ_НЕДВИЖИМОСТЬ,youtube,https://www.youtube.com/@kruglov_nedvizhimost,kruglov_nedvizhimost,Санкт-Петербург,15400,micro,manual_only,original_profile_opened,https://www.youtube.com/@kruglov_nedvizhimost,https://www.youtube.com/results?search_query=%D0%92%D0%B0%D1%81%D0%B8%D0%BB%D0%B5%D0%BE%D1%81%D1%82%D1%80%D0%BE%D0%B2%D1%81%D0%BA%D0%B8%D0%B9+%D1%80%D0%B0%D0%B9%D0%BE%D0%BD+%D0%BE%D0%B1%D0%B7%D0%BE%D1%80+%D0%BC%D0%B5%D1%81%D1%82&hl=ru,https://www.youtube.com/watch?v=NrYAOo1T1v0,Видео «Василеостровский район Санкт-Петербурга| Михаил Круглов» содержит явную привязку к городу.,False,Адмиралтейский район обзор мест | Василеостровский район Санкт-Петербург блог | Василеостровский район обзор мест | Василеостровский район семейный обзор | Московский район Санкт-Петербург блог | Приморский район Санкт-Петербург блог | Приморский район кафе обзор | Приморский район куда сходить | Приморский район обзор мест | Приморский район семейный обзор | Центральный район Санкт-Петербург блог,2026-08-23T13:24:27.577249+00:00
9e13160fef8940172410,#МедиаРакета. Орда Дюжакова,youtube,https://www.youtube.com/@mediaraketa,mediaraketa,Санкт-Петербург,256,nano,manual_only,original_profile_opened,https://www.youtube.com/@mediaraketa,https://www.youtube.com/results?search_query=%D0%BB%D1%83%D1%87%D1%88%D0%B8%D0%B5+%D0%B4%D0%B5%D1%82%D1%81%D0%BA%D0%B8%D0%B5+%D1%86%D0%B5%D0%BD%D1%82%D1%80%D1%8B+%D0%9F%D0%B5%D1%82%D0%B5%D1%80%D0%B1%D1%83%D1%80%D0%B3&hl=ru,https://www.youtube.com/watch?v=bKmVKKcUGbc,Видео «ТОП-3 места Куда сходить в Питере? Гость - Алиcа @nakameru» содержит явную привязку к городу.,False,детские кружки Санкт-Петербург обзор | детские праздники Санкт-Петербург обзор | лучшие детские центры Петербург,2026-08-23T13:24:53.824022+00:00
9857b321a888e1d60ccc,#незаконная_торговля #незаконная_торговля,youtube,https://www.youtube.com/@__-so1nk,__-so1nk,Санкт-Петербург,10,nano,manual_only,original_profile_opened,https://www.youtube.com/@__-so1nk,https://www.youtube.com/results?search_query=%D0%92%D1%8B%D0%B1%D0%BE%D1%80%D0%B3%D1%81%D0%BA%D0%B8%D0%B9+%D1%80%D0%B0%D0%B9%D0%BE%D0%BD+%D0%A1%D0%B0%D0%BD%D0%BA%D1%82-%D0%9F%D0%B5%D1%82%D0%B5%D1%80%D0%B1%D1%83%D1%80%D0%B3+%D0%B1%D0%BB%D0%BE%D0%B3&hl=ru,https://www.youtube.com/watch?v=PA3Ut3AjAl0,Видео «Драчун Полицейский Выборгского района Санкт-Петербурга» содержит явную привязку к городу.,False,Выборгский район Санкт-Петербург блог,2026-08-23T13:24:26.754145+00:00
4c3a7d4350921f1bf193,#ХОЧУКВАРТИРУ,youtube,https://www.youtube.com/@zadvizhcom,zadvizhcom,Санкт-Петербург,58400,micro,manual_only,original_profile_opened,https://www.youtube.com/@zadvizhcom,https://www.youtube.com/results?search_query=Legenda+%D0%9E%D0%BF%D1%82%D0%B8%D0%BA%D0%BE%D0%B2+%D0%A1%D0%B0%D0%BD%D0%BA%D1%82-%D0%9F%D0%B5%D1%82%D0%B5%D1%80%D0%B1%D1%83%D1%80%D0%B3+%D0%BE%D0%B1%D0%B7%D0%BE%D1%80&hl=ru,https://www.youtube.com/watch?v=zwW814rJ5RM,Видео «Квартира в Петербурге. Прошлое и настоящее. ЖК Легенда на Оптиков от ГК Legenda» содержит явную привязку к городу.,True,LIFE Приморский Санкт-Петербург обзор | Legenda Оптиков Санкт-Петербург обзор,2026-08-23T13:24:23.308213+00:00
c405d013bee4bd5c2844,26 Колесо,youtube,https://www.youtube.com/@26koleso,26koleso,Санкт-Петербург,21500,micro,manual_only,original_profile_opened,https://www.youtube.com/@26koleso,https://www.youtube.com/results?search_query=%D0%B2%D0%B5%D0%BB%D0%BE%D1%81%D0%B8%D0%BF%D0%B5%D0%B4%D1%8B+%D0%A1%D0%B0%D0%BD%D0%BA%D1%82-%D0%9F%D0%B5%D1%82%D0%B5%D1%80%D0%B1%D1%83%D1%80%D0%B3+%D0%BE%D0%B1%D0%B7%D0%BE%D1%80&hl=ru,https://www.youtube.com/watch?v=SrhfaGlHj6U,"Видео «Велопрокат в Санкт Петербурге Smart Bike.  Тест, Обзор» содержит явную привязку к городу.",False,велосипеды Санкт-Петербург обзор,2026-08-23T13:25:06.646971+00:00
a6087c8bd684dd3c12d2,33 ЗУБ Стоматология СПБ,youtube,https://www.youtube.com/@33zubstomatology,33zubstomatology,Санкт-Петербург,116,nano,manual_only,original_profile_opened,https://www.youtube.com/@33zubstomatology,https://www.youtube.com/results?search_query=33-%D0%B9+%D0%97%D1%83%D0%B1+%D0%A1%D0%B0%D0%BD%D0%BA%D1%82-%D0%9F%D0%B5%D1%82%D0%B5%D1%80%D0%B1%D1%83%D1%80%D0%B3+%D0%BE%D0%B1%D0%B7%D0%BE%D1%80&hl=ru,https://www.youtube.com/watch?v=KOnHyUq_yAs,Видео «ПОЧЕМУ ВАЖНО ЛЕЧИТЬ КАРИЕС | ЛЕЧЕНИЕ КАРИЕСА В САНКТ-ПЕТЕРБУРГЕ | СТОМАТОЛОГИЧЕСКИЕ КЛИНИКИ 33 ЗУБ» содержит явную привязку к городу.,True,33-й Зуб Санкт-Петербург обзор,2026-08-23T13:24:12.526472+00:00
d0aab4770a46918c52db,8 КАНАЛ КРАСНОЯРСКИЙ КРАЙ,youtube,https://www.youtube.com/@8kanal,8kanal,Санкт-Петербург,29600,micro,manual_only,original_profile_opened,https://www.youtube.com/@8kanal,https://www.youtube.com/results?search_query=%D0%BA%D0%BE%D0%BD%D1%86%D0%B5%D1%80%D1%82%D1%8B+%D0%A1%D0%B0%D0%BD%D0%BA%D1%82-%D0%9F%D0%B5%D1%82%D0%B5%D1%80%D0%B1%D1%83%D1%80%D0%B3+%D0%BE%D0%B1%D0%B7%D0%BE%D1%80&hl=ru,https://www.youtube.com/watch?v=K1MIi3Vr6S8,Видео «МУЗЫКАЛЬНОЕ БЕЗУМИЕ: САНКТ‑ПЕТЕРБУРГ ГОТОВИТСЯ ПРИНИМАТЬ КОНЦЕРТ МИРОВОЙ ЗВЕЗДЫ» содержит явную привязку к городу.,False,концерты Санкт-Петербург обзор,2026-08-23T13:24:57.631791+00:00
2b10e25b638408537b86,99 lvl,youtube,https://www.youtube.com/@99lvl,99lvl,Санкт-Петербург,31300,micro,manual_only,original_profile_opened,https://www.youtube.com/@99lvl,https://www.youtube.com/results?search_query=%D0%9D%D0%B5%D0%B2%D1%81%D0%BA%D0%B8%D0%B9+%D1%80%D0%B0%D0%B9%D0%BE%D0%BD+%D0%A1%D0%B0%D0%BD%D0%BA%D1%82-%D0%9F%D0%B5%D1%82%D0%B5%D1%80%D0%B1%D1%83%D1%80%D0%B3+%D0%B1%D0%BB%D0%BE%D0%B3&hl=ru,https://www.youtube.com/watch?v=CnaqJjWmkBg,Видео «Невский район ч. 2 спб» содержит явную привязку к городу.,False,Невский район Санкт-Петербург блог,2026-08-23T13:24:35.066308+00:00
11628e3e60b224e5d5a8,@новострой юг,youtube,https://www.youtube.com/@%D0%BD%D0%BE%D0%B2%D0%BE%D1%81%D1%82%D1%80%D0%BE%D0%B9-%D1%8E%D0%B3,%D0%BD%D0%BE%D0%B2%D0%BE%D1%81%D1%82%D1%80%D0%BE%D0%B9-%D1%8E%D0%B3,Санкт-Петербург,88,nano,manual_only,original_profile_opened,https://www.youtube.com/@%D0%BD%D0%BE%D0%B2%D0%BE%D1%81%D1%82%D1%80%D0%BE%D0%B9-%D1%8E%D0%B3,https://www.youtube.com/results?search_query=%D0%A2%D0%9A+%D0%9F%D1%80%D0%BE%D0%BC%D0%B5%D0%BD%D0%B0%D0%B4+%D0%A1%D0%B0%D0%BD%D0%BA%D1%82-%D0%9F%D0%B5%D1%82%D0%B5%D1%80%D0%B1%D1%83%D1%80%D0%B3+%D0%BE%D0%B1%D0%B7%D0%BE%D1%80&hl=ru,https://www.youtube.com/watch?v=mkioXEwSEFE,"Видео «Санкт-Петербург, обзор центра города в пешем маршруте!!» содержит явную привязку к городу.",True,ТК Променад Санкт-Петербург обзор,2026-08-23T13:24:18.773853+00:00
90715512f587fb5cbe94,[ погружение ],youtube,https://www.youtube.com/@pogruzhenie,pogruzhenie,Санкт-Петербург,18500,micro,manual_only,original_profile_opened,https://www.youtube.com/@pogruzhenie,https://www.youtube.com/results?search_query=%D0%BA%D0%BD%D0%B8%D0%B6%D0%BD%D1%8B%D0%B5+%D0%BC%D0%B0%D0%B3%D0%B0%D0%B7%D0%B8%D0%BD%D1%8B+%D0%9F%D0%B8%D1%82%D0%B5%D1%80+shorts&hl=ru,https://www.youtube.com/watch?v=LUHWFqMGidg,Видео «КНИЖНЫЕ МАГАЗИНЫ САНКТ-ПЕТЕРБУРГА: ТОП-5 [ погружение ]» содержит явную привязку к городу.,False,книжные магазины Питер shorts | книжные магазины СПб блогер | книжные магазины Санкт-Петербург обзор | лучшие книжные магазины Петербург,2026-08-23T13:25:05.826651+00:00
1bf2c61cc1a2a9b3dda7,abajur1977,youtube,https://www.youtube.com/@abajur1977,abajur1977,Санкт-Петербург,889,nano,manual_only,original_profile_opened,https://www.youtube.com/@abajur1977,https://www.youtube.com/results?search_query=%D0%9D%D0%BE%D0%B2%D0%B0%D1%8F+%D0%93%D0%BE%D0%BB%D0%BB%D0%B0%D0%BD%D0%B4%D0%B8%D1%8F+%D1%81%D0%B5%D0%BC%D0%B5%D0%B9%D0%BD%D1%8B%D0%B9+%D0%BE%D0%B1%D0%B7%D0%BE%D1%80&hl=ru,https://www.youtube.com/watch?v=stm8BL47Fqk,Видео «Новая Голландия и её непредсказуемая судьба.Спб.» содержит явную привязку к городу.,False,Новая Голландия семейный обзор,2026-08-23T13:24:46.972980+00:00
f3b4714217397975fc90,acoolakids,youtube,https://www.youtube.com/@acoolakids,acoolakids,Санкт-Петербург,563,nano,manual_only,original_profile_opened,https://www.youtube.com/@acoolakids,https://www.youtube.com/results?search_query=Acoola+%D0%A1%D0%B0%D0%BD%D0%BA%D1%82-%D0%9F%D0%B5%D1%82%D0%B5%D1%80%D0%B1%D1%83%D1%80%D0%B3+%D0%BE%D0%B1%D0%B7%D0%BE%D1%80&hl=ru,https://www.youtube.com/watch?v=LJPXXcQA2aI,Видео «Осенне-зимняя коллекция 2014 от Acoola (Одежда для детей «Акула»).» содержит явную привязку к городу.,True,Acoola Санкт-Петербург обзор,2026-08-23T13:24:20.990555+00:00
c8fd09705941cd0165ab,Across the runiverse,youtube,https://www.youtube.com/@Acrosstheruniverse,Acrosstheruniverse,Санкт-Петербург,34900,micro,manual_only,original_profile_opened,https://www.youtube.com/@Acrosstheruniverse,https://www.youtube.com/results?search_query=%D0%BB%D1%83%D1%87%D1%88%D0%B8%D0%B5+%D0%B1%D0%B5%D0%B3+%D0%9F%D0%B5%D1%82%D0%B5%D1%80%D0%B1%D1%83%D1%80%D0%B3&hl=ru,https://www.youtube.com/watch?v=ac8TWKrC2_M,Видео «Пушкин-Петербург снова стал интересен быстрым бегунам?» содержит явную привязку к городу.,False,лучшие бег Петербург,2026-08-23T13:25:04.571549+00:00
9798a15115372627f794,Activatica (Активатика),youtube,https://www.youtube.com/@Activatica,Activatica,Санкт-Петербург,195000,mid,manual_only,original_profile_opened,https://www.youtube.com/@Activatica,https://www.youtube.com/results?search_query=%D0%BB%D1%83%D1%87%D1%88%D0%B8%D0%B5+%D0%B3%D0%BE%D1%80%D0%BE%D0%B4%D1%81%D0%BA%D0%B8%D0%B5+%D1%81%D0%BE%D0%B1%D1%8B%D1%82%D0%B8%D1%8F+%D0%9F%D0%B5%D1%82%D0%B5%D1%80%D0%B1%D1%83%D1%80%D0%B3&hl=ru,https://www.youtube.com/watch?v=rXfc23kaS7A,Видео «🟠В Петербурге сгорел склад – дронов над ним не видели» содержит явную привязку к городу.,False,лучшие городские события Петербург,2026-08-23T13:25:01.308494+00:00
3eb97248b7e46a135ecb,Aerial Aerial,youtube,https://www.youtube.com/@aerialaerial906,aerialaerial906,Санкт-Петербург,,unknown,manual_only,original_profile_opened,https://www.youtube.com/@aerialaerial906,https://www.youtube.com/results?search_query=%D0%9A%D1%83%D1%80%D0%BE%D1%80%D1%82%D0%BD%D1%8B%D0%B9+%D1%80%D0%B0%D0%B9%D0%BE%D0%BD+%D0%A1%D0%B0%D0%BD%D0%BA%D1%82-%D0%9F%D0%B5%D1%82%D0%B5%D1%80%D0%B1%D1%83%D1%80%D0%B3+%D0%B1%D0%BB%D0%BE%D0%B3&hl=ru,https://www.youtube.com/watch?v=SLGHAM2-G8U,Видео «Весь Курортный район с воздуха» содержит явную привязку к городу.,False,Курортный район Санкт-Петербург блог,2026-08-23T13:24:33.678417+00:00
4fae35620190341689e5,AGSUM 65,youtube,https://www.youtube.com/@agsum1973,agsum1973,Санкт-Петербург,1450,nano,manual_only,original_profile_opened,https://www.youtube.com/@agsum1973,https://www.youtube.com/results?search_query=%D0%9F%D1%80%D0%B8%D0%BC%D0%BE%D1%80%D1%81%D0%BA%D0%B8%D0%B9+%D1%80%D0%B0%D0%B9%D0%BE%D0%BD+%D0%A1%D0%B0%D0%BD%D0%BA%D1%82-%D0%9F%D0%B5%D1%82%D0%B5%D1%80%D0%B1%D1%83%D1%80%D0%B3+%D0%B1%D0%BB%D0%BE%D0%B3&hl=ru,https://www.youtube.com/watch?v=OHpj6XycTsE,"Видео «СПб,Приморский район. Прогулка у новостроек.» содержит явную привязку к городу.",False,Приморский район Санкт-Петербург блог,2026-08-23T13:24:36.242560+00:00
9c0e7e676535041e39a7,Aleksandr V,youtube,https://www.youtube.com/@AleksandrV-e7r,AleksandrV-e7r,Санкт-Петербург,40,nano,manual_only,original_profile_opened,https://www.youtube.com/@AleksandrV-e7r,https://www.youtube.com/results?search_query=%D0%9F%D0%B5%D1%82%D0%B5%D1%80%D0%B1%D1%83%D1%80%D0%B3+%D1%80%D0%B5%D0%BA%D0%BE%D0%BC%D0%B5%D0%BD%D0%B4%D0%B0%D1%86%D0%B8%D0%B8&hl=ru,https://www.youtube.com/watch?v=g68vkDIPEsc,Видео «Развод моста.Река Нева. Санкт-Петербург.#Рекомендации.» содержит явную привязку к городу.,False,Петербург рекомендации,2026-08-23T13:24:14.641087+00:00
ed98b9579beadcd44bb5,Alena Burdina,youtube,https://www.youtube.com/@AlenaBurdina,AlenaBurdina,Санкт-Петербург,57500,micro,manual_only,original_profile_opened,https://www.youtube.com/@AlenaBurdina,https://www.youtube.com/results?search_query=%D0%9F%D0%B5%D1%82%D0%B5%D1%80%D0%B1%D1%83%D1%80%D0%B3+%D0%BC%D0%B0%D0%BC%D0%B0+%D0%B1%D0%BB%D0%BE%D0%B3&hl=ru,https://www.youtube.com/watch?v=gI65-hI-C1o,"Видео «Мама, Я и Экскурсия по Любимым Местам Петербурга / #ТОТСАМЫЙВЛОГ || Alyona Burdina» содержит явную привязку к городу.",False,Петербург мама блог,2026-08-23T13:24:13.311655+00:00
6822b9e872062b7f50e4,Alex Fantalov,youtube,https://www.youtube.com/@alexfantalov2546,alexfantalov2546,Санкт-Петербург,343,nano,manual_only,original_profile_opened,https://www.youtube.com/@alexfantalov2546,https://www.youtube.com/results?search_query=%D0%BB%D1%83%D1%87%D1%88%D0%B8%D0%B5+%D1%82%D0%B5%D0%B0%D1%82%D1%80%D1%8B+%D0%9F%D0%B5%D1%82%D0%B5%D1%80%D0%B1%D1%83%D1%80%D0%B3&hl=ru,https://www.youtube.com/watch?v=Crt_9Voy-VM,"Видео «Петербургские театры, рекомендуемые к посещению» содержит явную привязку к городу.",False,лучшие театры Петербург,2026-08-23T13:24:55.326869+00:00
9fd566a5b249c26c887c,Alexey Sharov,youtube,https://www.youtube.com/@SharovAlexey,SharovAlexey,Санкт-Петербург,5920,nano,manual_only,original_profile_opened,https://www.youtube.com/@SharovAlexey,https://www.youtube.com/results?search_query=%D0%BB%D1%83%D1%87%D1%88%D0%B8%D0%B5+%D1%81%D1%82%D0%BE%D0%BC%D0%B0%D1%82%D0%BE%D0%BB%D0%BE%D0%B3%D0%B8%D0%B8+%D0%9F%D0%B5%D1%82%D0%B5%D1%80%D0%B1%D1%83%D1%80%D0%B3&hl=ru,https://www.youtube.com/watch?v=iBC7QSoB5Hg,"Видео «Качественная диагностика в Стоматологии ""Дунай"" (Санкт-Петербург)» содержит явную привязку к городу.",False,лучшие стоматологии Петербург,2026-08-23T13:24:53.816076+00:00
cfce71d894a1d3400dad,AlexXxkhb,youtube,https://www.youtube.com/@AlexXxkhb,AlexXxkhb,Санкт-Петербург,675,nano,manual_only,original_profile_opened,https://www.youtube.com/@AlexXxkhb,https://www.youtube.com/results?search_query=%D0%9A%D1%83%D0%B4%D1%80%D0%BE%D0%B2%D0%BE+%D0%BA%D1%83%D0%B4%D0%B0+%D1%81%D1%85%D0%BE%D0%B4%D0%B8%D1%82%D1%8C&hl=ru,https://www.youtube.com/watch?v=reOaFv-2G6A,Видео «КУДРОВО: Где купаться летом?» содержит явную привязку к городу.,False,Кудрово куда сходить,2026-08-23T13:24:38.021302+00:00
ac04b37582d7b2a8038f,Alina Oleynikova,youtube,https://www.youtube.com/@alina.oleynikovaa,alina.oleynikovaa,Санкт-Петербург,628,nano,manual_only,original_profile_opened,https://www.youtube.com/@alina.oleynikovaa,https://www.youtube.com/results?search_query=%D0%A1%D0%9F%D0%B1+%D0%BD%D0%BE%D0%B2%D1%8B%D0%B5+%D0%BC%D0%B5%D1%81%D1%82%D0%B0&hl=ru,https://www.youtube.com/watch?v=pBGwTlxNpik,"Видео «Влог 4. Питер за 3 дня: прогулки, бары, рестораны и новые места в Санкт-Петербурге» содержит явную привязку к городу.",False,СПб новые места,2026-08-23T13:24:15.006952+00:00
0695f19f4ab4542075e2,Ambience of St Petersburg +,youtube,https://www.youtube.com/@greatst.petersburg812,greatst.petersburg812,Санкт-Петербург,4520,nano,manual_only,original_profile_opened,https://www.youtube.com/@greatst.petersburg812,https://www.youtube.com/results?search_query=%D0%9A%D1%80%D0%BE%D0%BD%D1%88%D1%82%D0%B0%D0%B4%D1%82+%D0%A1%D0%B0%D0%BD%D0%BA%D1%82-%D0%9F%D0%B5%D1%82%D0%B5%D1%80%D0%B1%D1%83%D1%80%D0%B3+%D0%B1%D0%BB%D0%BE%D0%B3&hl=ru,https://www.youtube.com/watch?v=xNETdhqpZzc,Видео «Поездка в КРОНШТАДТ из Санкт-Петербурга на автобусе № 101. 4K HDR» содержит явную привязку к городу.,False,Кронштадт Санкт-Петербург блог,2026-08-23T13:24:33.509909+00:00
55600801c4bbaee56994,Anastacia Way Путешествия и жизнь,youtube,https://www.youtube.com/@AnastaciaWay,AnastaciaWay,Санкт-Петербург,12700,micro,manual_only,original_profile_opened,https://www.youtube.com/@AnastaciaWay,https://www.youtube.com/results?search_query=%D0%9F%D1%83%D1%88%D0%BA%D0%B8%D0%BD+%D0%BA%D1%83%D0%B4%D0%B0+%D1%81%D1%85%D0%BE%D0%B4%D0%B8%D1%82%D1%8C&hl=ru,https://www.youtube.com/watch?v=31xH0yDH0ls,"Видео «Александровский парк в городе Пушкин, что посмотреть и куда сходить» содержит явную привязку к городу.",False,Пушкин куда сходить | музеи Санкт-Петербург обзор,2026-08-23T13:24:44.838330+00:00
6a13f305df27b4655e8b,Anastasia Kiseleva,youtube,https://www.youtube.com/@kiselevanst,kiselevanst,Санкт-Петербург,6110,nano,manual_only,original_profile_opened,https://www.youtube.com/@kiselevanst,https://www.youtube.com/results?search_query=%D0%9D%D0%BE%D0%B2%D0%B0%D1%8F+%D0%93%D0%BE%D0%BB%D0%BB%D0%B0%D0%BD%D0%B4%D0%B8%D1%8F+%D0%A1%D0%B0%D0%BD%D0%BA%D1%82-%D0%9F%D0%B5%D1%82%D0%B5%D1%80%D0%B1%D1%83%D1%80%D0%B3+%D0%B1%D0%BB%D0%BE%D0%B3&hl=ru,https://www.youtube.com/watch?v=zOfD_ChoDCQ,"Видео «Санкт-Петербург VLOG | Весна, Рестораны, Музей балета, шопинг в PYE, Новая Голландия» содержит явную привязку к городу.",False,Новая Голландия Санкт-Петербург блог,2026-08-23T13:24:45.617904+00:00
109b74ba30cf2af11297,Anastasiya Kotova,youtube,https://www.youtube.com/@anastasiya_kotovaa,anastasiya_kotovaa,Санкт-Петербург,126,nano,manual_only,original_profile_opened,https://www.youtube.com/@anastasiya_kotovaa,https://www.youtube.com/results?search_query=%D0%9E%D0%B7%D0%B5%D1%80%D0%BA%D0%B8+%D0%A1%D0%B0%D0%BD%D0%BA%D1%82-%D0%9F%D0%B5%D1%82%D0%B5%D1%80%D0%B1%D1%83%D1%80%D0%B3+%D0%B1%D0%BB%D0%BE%D0%B3&hl=ru,https://www.youtube.com/watch?v=6nvmtf6MQFU,Видео «17 VLOG: В Санкт-Петербург с подругами | Эрмитаж | аренда лодки» содержит явную привязку к городу.,False,Озерки Санкт-Петербург блог,2026-08-23T13:24:38.404422+00:00
1f28a12171d79520f43a,ANDREJB,youtube,https://www.youtube.com/@AndrejBiryukov,AndrejBiryukov,Санкт-Петербург,1650,nano,manual_only,original_profile_opened,https://www.youtube.com/@AndrejBiryukov,https://www.youtube.com/results?search_query=%D0%9F%D0%B5%D1%82%D0%B5%D1%80%D0%B3%D0%BE%D1%84+%D1%81%D0%B5%D0%BC%D0%B5%D0%B9%D0%BD%D1%8B%D0%B9+%D0%BE%D0%B1%D0%B7%D0%BE%D1%80&hl=ru,https://www.youtube.com/watch?v=w5OtGly8AZ8,"Видео «Новый Петергоф. Уютный пригород Питера, которому не нужны золотые фонтаны» содержит явную привязку к городу.",False,Петергоф семейный обзор,2026-08-23T13:24:43.972386+00:00
880fbda7ef7b0d70c6d3,Andrew Dunaev,youtube,https://www.youtube.com/@dunaevcom,dunaevcom,Санкт-Петербург,689,nano,manual_only,original_profile_opened,https://www.youtube.com/@dunaevcom,https://www.youtube.com/results?search_query=%D0%9A%D0%B8%D1%80%D0%BE%D0%B2%D1%81%D0%BA%D0%B8%D0%B9+%D1%80%D0%B0%D0%B9%D0%BE%D0%BD+%D0%A1%D0%B0%D0%BD%D0%BA%D1%82-%D0%9F%D0%B5%D1%82%D0%B5%D1%80%D0%B1%D1%83%D1%80%D0%B3+%D0%B1%D0%BB%D0%BE%D0%B3&hl=ru,https://www.youtube.com/watch?v=UfDfNUr8N-Q,Видео «Кировский район Санкт-Петербурга» содержит явную привязку к городу.,False,Кировский район Санкт-Петербург блог,2026-08-23T13:24:31.728460+00:00
277316160d4f66872c90,Andrey Miteshin,youtube,https://www.youtube.com/@miteshin,miteshin,Санкт-Петербург,206,nano,manual_only,original_profile_opened,https://www.youtube.com/@miteshin,https://www.youtube.com/results?search_query=%D0%9A%D0%BE%D0%BB%D0%BF%D0%B8%D0%BD%D1%81%D0%BA%D0%B8%D0%B9+%D1%80%D0%B0%D0%B9%D0%BE%D0%BD+%D0%A1%D0%B0%D0%BD%D0%BA%D1%82-%D0%9F%D0%B5%D1%82%D0%B5%D1%80%D0%B1%D1%83%D1%80%D0%B3+%D0%B1%D0%BB%D0%BE%D0%B3&hl=ru,https://www.youtube.com/watch?v=3apPVKJaCtU,Видео «Колпинский дневник.2012.» содержит явную привязку к городу.,False,Колпинский район Санкт-Петербург блог,2026-08-23T13:24:32.069316+00:00
e7429dac6678e3032ffb,Andrey Ru (Андрей. Ru),youtube,https://www.youtube.com/@AndreyRu,AndreyRu,Санкт-Петербург,927,nano,manual_only,original_profile_opened,https://www.youtube.com/@AndreyRu,https://www.youtube.com/results?search_query=%D0%9F%D1%80%D0%BE%D1%81%D0%BF%D0%B5%D0%BA%D1%82+%D0%9F%D1%80%D0%BE%D1%81%D0%B2%D0%B5%D1%89%D0%B5%D0%BD%D0%B8%D1%8F+%D0%BE%D0%B1%D0%B7%D0%BE%D1%80+%D0%BC%D0%B5%D1%81%D1%82&hl=ru,https://www.youtube.com/watch?v=Rp7zOSjWcc8,Видео «Окрестности Проспекта Просвещения | аэросъемка | Выборгский район | Санкт-Петербург» содержит явную привязку к городу.,False,Проспект Просвещения обзор мест,2026-08-23T13:24:39.852079+00:00
44fb494f4e67abc9d2c7,Anetta blog,youtube,https://www.youtube.com/@anettablog,anettablog,Санкт-Петербург,28800,micro,manual_only,original_profile_opened,https://www.youtube.com/@anettablog,https://www.youtube.com/results?search_query=%D0%9A%D1%80%D0%BE%D0%BD%D1%88%D1%82%D0%B0%D0%B4%D1%82+%D0%A1%D0%B0%D0%BD%D0%BA%D1%82-%D0%9F%D0%B5%D1%82%D0%B5%D1%80%D0%B1%D1%83%D1%80%D0%B3+%D0%B1%D0%BB%D0%BE%D0%B3&hl=ru,https://www.youtube.com/watch?v=Am5nfJ00QHc,"Видео «🚢 влог ep. 58: Кронштадт, Санкт-Петербург, много кофеен 🌇 daily vlog» содержит явную привязку к городу.",False,Кронштадт Санкт-Петербург блог,2026-08-23T13:24:33.400494+00:00
7c1b7c63f4cb3e088db7,Anika Kazantseva,youtube,https://www.youtube.com/@Anika_diary,Anika_diary,Санкт-Петербург,5450,nano,manual_only,original_profile_opened,https://www.youtube.com/@Anika_diary,https://www.youtube.com/results?search_query=%D0%9F%D0%B5%D1%82%D0%B5%D1%80%D0%B3%D0%BE%D1%84+%D0%A1%D0%B0%D0%BD%D0%BA%D1%82-%D0%9F%D0%B5%D1%82%D0%B5%D1%80%D0%B1%D1%83%D1%80%D0%B3+%D0%B1%D0%BB%D0%BE%D0%B3&hl=ru,https://www.youtube.com/watch?v=l3NJ_eKcWWI,"Видео «VLOG: Санкт-Петербург//Царское село, Петергоф, Павловский парк, разводные мосты и прогулка по крышам» содержит явную привязку к городу.",False,Петергоф Санкт-Петербург блог,2026-08-23T13:24:43.987666+00:00
1d72d3abf5132f40ac86,Anna Anormallle,youtube,https://www.youtube.com/@anormallle,anormallle,Санкт-Петербург,270,nano,manual_only,original_profile_opened,https://www.youtube.com/@anormallle,https://www.youtube.com/results?search_query=%D0%9F%D0%B5%D1%82%D0%B5%D1%80%D0%B3%D0%BE%D1%84+%D0%A1%D0%B0%D0%BD%D0%BA%D1%82-%D0%9F%D0%B5%D1%82%D0%B5%D1%80%D0%B1%D1%83%D1%80%D0%B3+%D0%B1%D0%BB%D0%BE%D0%B3&hl=ru,https://www.youtube.com/watch?v=JcI41kUe7gk,Видео «САНКТ-ПЕТЕРБУРГ ПЕРВЫЙ РАЗ  // ГИД ПО ПИТЕРУ // Центр / Новая Голландия // Петергоф» содержит явную привязку к городу.,False,Новая Голландия Санкт-Петербург блог | Петергоф Санкт-Петербург блог,2026-08-23T13:24:43.966437+00:00
96229e3a112d42ecb264,ANNA LOCHI,youtube,https://www.youtube.com/@ANNALOCHI,ANNALOCHI,Санкт-Петербург,3550,nano,manual_only,original_profile_opened,https://www.youtube.com/@ANNALOCHI,https://www.youtube.com/results?search_query=%D0%A1%D0%B5%D1%81%D1%82%D1%80%D0%BE%D1%80%D0%B5%D1%86%D0%BA+%D1%81%D0%B5%D0%BC%D0%B5%D0%B9%D0%BD%D1%8B%D0%B9+%D0%BE%D0%B1%D0%B7%D0%BE%D1%80&hl=ru,https://www.youtube.com/watch?v=jPZ0OwLI-BE,Видео «Петербургские курорты | Сестрорецк» содержит явную привязку к городу.,False,Сестрорецк куда сходить | Сестрорецк обзор мест | Сестрорецк семейный обзор,2026-08-23T13:24:43.682847+00:00
78cf69ad355d3268b19a,Anna Vi,youtube,https://www.youtube.com/@letuchka80,letuchka80,Санкт-Петербург,2040,nano,manual_only,original_profile_opened,https://www.youtube.com/@letuchka80,https://www.youtube.com/results?search_query=%D0%9F%D1%83%D1%88%D0%BA%D0%B8%D0%BD+%D1%81%D0%B5%D0%BC%D0%B5%D0%B9%D0%BD%D1%8B%D0%B9+%D0%BE%D0%B1%D0%B7%D0%BE%D1%80&hl=ru,https://www.youtube.com/watch?v=Dg1CSjnXh10,Видео «Музей-квартира А. С. Пушкина (Санкт-Петербург)» содержит явную привязку к городу.,False,Пушкин семейный обзор,2026-08-23T13:24:44.857576+00:00
f1389ee51df0140d73a9,Annie,youtube,https://www.youtube.com/@annie7456,annie7456,Санкт-Петербург,23,nano,manual_only,original_profile_opened,https://www.youtube.com/@annie7456,https://www.youtube.com/results?search_query=%D0%92%D1%8B%D0%B1%D0%BE%D1%80%D0%B3%D1%81%D0%BA%D0%B8%D0%B9+%D1%80%D0%B0%D0%B9%D0%BE%D0%BD+%D0%A1%D0%B0%D0%BD%D0%BA%D1%82-%D0%9F%D0%B5%D1%82%D0%B5%D1%80%D0%B1%D1%83%D1%80%D0%B3+%D0%B1%D0%BB%D0%BE%D0%B3&hl=ru,https://www.youtube.com/watch?v=qSHwuzkfYmY,Видео «Выборгский район – самый криминальный район Петербурга» содержит явную привязку к городу.,False,Выборгский район Санкт-Петербург блог | Выборгский район обзор мест | Выборгский район семейный обзор,2026-08-23T13:24:26.255386+00:00
a0fd940d12d257e19ba7,Anton Alkhimov,youtube,https://www.youtube.com/@antonalkhimov,antonalkhimov,Санкт-Петербург,125,nano,manual_only,original_profile_opened,https://www.youtube.com/@antonalkhimov,https://www.youtube.com/results?search_query=%D0%BB%D1%83%D1%87%D1%88%D0%B8%D0%B5+%D0%B1%D0%B5%D0%B3+%D0%9F%D0%B5%D1%82%D0%B5%D1%80%D0%B1%D1%83%D1%80%D0%B3&hl=ru,https://www.youtube.com/watch?v=Ga1QBUqYDDg,"Видео «Полумарафон ЗаБег, 21км, ЛигаГероев, 4.6.2023, Санкт-Петербург (Saint-Petersburg Halfmarathon ZaBeg)» содержит явную привязку к городу.",False,лучшие бег Петербург,2026-08-23T13:25:05.396236+00:00
8a34750346ebf8cb4dd9,Anton Boyko,youtube,https://www.youtube.com/@BoykoFilms,BoykoFilms,Санкт-Петербург,1540,nano,manual_only,original_profile_opened,https://www.youtube.com/@BoykoFilms,https://www.youtube.com/results?search_query=%D0%BB%D1%83%D1%87%D1%88%D0%B8%D0%B5+%D1%84%D0%BE%D1%82%D0%BE%D0%B3%D1%80%D0%B0%D1%84%D1%8B+%D0%9F%D0%B5%D1%82%D0%B5%D1%80%D0%B1%D1%83%D1%80%D0%B3&hl=ru,https://www.youtube.com/watch?v=sdI6FVitgE0,Видео «Уличная фотография от первого лица в Санкт-Петербурге | Sony A6000 POV Street Photography» содержит явную привязку к городу.,False,лучшие фотографы Петербург,2026-08-23T13:25:03.517290+00:00
1d9f9fcd6ae17f14d8b0,ANTONENKO MEDIA,youtube,https://www.youtube.com/@antonenkomedia,antonenkomedia,Санкт-Петербург,7140,nano,manual_only,original_profile_opened,https://www.youtube.com/@antonenkomedia,https://www.youtube.com/results?search_query=%D0%B4%D0%B5%D1%82%D1%81%D0%BA%D0%B8%D0%B5+%D0%BF%D1%80%D0%B0%D0%B7%D0%B4%D0%BD%D0%B8%D0%BA%D0%B8+%D0%A1%D0%9F%D0%B1+%D0%B1%D0%BB%D0%BE%D0%B3%D0%B5%D1%80&hl=ru,https://www.youtube.com/watch?v=0WnwzBkH8RA,Видео «Детский день рождения. Видеосъемка детских праздников в СПб» содержит явную привязку к городу.,False,детские праздники Питер shorts | детские праздники СПб блогер | лучшие детские праздники Петербург,2026-08-23T13:24:54.525062+00:00
c508f09801df9eba968c,Anya V,youtube,https://www.youtube.com/@AnyaV,AnyaV,Санкт-Петербург,1250,nano,manual_only,original_profile_opened,https://www.youtube.com/@AnyaV,https://www.youtube.com/results?search_query=%D0%9A%D0%B8%D1%80%D0%BE%D0%B2%D1%81%D0%BA%D0%B8%D0%B9+%D1%80%D0%B0%D0%B9%D0%BE%D0%BD+%D0%A1%D0%B0%D0%BD%D0%BA%D1%82-%D0%9F%D0%B5%D1%82%D0%B5%D1%80%D0%B1%D1%83%D1%80%D0%B3+%D0%B1%D0%BB%D0%BE%D0%B3&hl=ru,https://www.youtube.com/watch?v=CrQvkgN5u_E,"Видео «Кировский район Санкт-Петербурга , дома» содержит явную привязку к городу.",False,Кировский район Санкт-Петербург блог,2026-08-23T13:24:32.096827+00:00
22709e1a6d3f068a4f85,anya xanikca,youtube,https://www.youtube.com/@xanikca,xanikca,Санкт-Петербург,83600,micro,manual_only,original_profile_opened,https://www.youtube.com/@xanikca,https://www.youtube.com/results?search_query=%D0%9F%D1%83%D1%88%D0%BA%D0%B8%D0%BD+%D0%A1%D0%B0%D0%BD%D0%BA%D1%82-%D0%9F%D0%B5%D1%82%D0%B5%D1%80%D0%B1%D1%83%D1%80%D0%B3+%D0%B1%D0%BB%D0%BE%D0%B3&hl=ru,https://www.youtube.com/watch?v=5Kn1TurbeN0,Видео «видеодневник. теплый холодный петербург» содержит явную привязку к городу.,False,Лахта Санкт-Петербург блог | Петроградка Санкт-Петербург блог | Пушкин Санкт-Петербург блог,2026-08-23T13:24:44.204249+00:00
a9f70c678f99185acb61,ANYASMI,youtube,https://www.youtube.com/@anyasmi_blog,anyasmi_blog,Санкт-Петербург,238,nano,manual_only,original_profile_opened,https://www.youtube.com/@anyasmi_blog,https://www.youtube.com/results?search_query=%D0%9D%D0%BE%D0%B2%D0%B0%D1%8F+%D0%93%D0%BE%D0%BB%D0%BB%D0%B0%D0%BD%D0%B4%D0%B8%D1%8F+%D0%A1%D0%B0%D0%BD%D0%BA%D1%82-%D0%9F%D0%B5%D1%82%D0%B5%D1%80%D0%B1%D1%83%D1%80%D0%B3+%D0%B1%D0%BB%D0%BE%D0%B3&hl=ru,https://www.youtube.com/watch?v=bQJzOyTN2uI,"Видео «Санкт-Петербург 2026. Новогодний влог. Чем заняться в Питере? Новая Голландия, кафе из Pinterest » содержит явную привязку к городу.",False,Новая Голландия Санкт-Петербург блог,2026-08-23T13:24:45.354813+00:00
b415e8726621a059f2b7,anyshai,youtube,https://www.youtube.com/@anyshai,anyshai,Санкт-Петербург,6380,nano,manual_only,original_profile_opened,https://www.youtube.com/@anyshai,https://www.youtube.com/results?search_query=%D0%B4%D0%B5%D1%82%D1%81%D0%BA%D0%B8%D0%B5+%D1%86%D0%B5%D0%BD%D1%82%D1%80%D1%8B+%D0%A1%D0%9F%D0%B1+%D0%B1%D0%BB%D0%BE%D0%B3%D0%B5%D1%80&hl=ru,https://www.youtube.com/watch?v=ayBt9D3kCqM,Видео «ОДИН ДЕНЬ ИЗ ЖИЗНИ СТУДЕНТА #обзор #влог #жизнь #блогер #питер #спб» содержит явную привязку к городу.,False,детские центры СПб блогер,2026-08-23T13:24:54.041471+00:00
3df20004e1e02745c84a,aon24 media,youtube,https://www.youtube.com/@aon24media,aon24media,Санкт-Петербург,605,nano,manual_only,original_profile_opened,https://www.youtube.com/@aon24media,https://www.youtube.com/results?search_query=%D0%B0%D1%84%D0%B8%D1%88%D0%B0+%D0%A1%D0%9F%D0%B1+%D0%B1%D0%BB%D0%BE%D0%B3%D0%B5%D1%80&hl=ru,https://www.youtube.com/watch?v=oMAeyet6eXU,Видео «Пошли поехали - Афиша Санкт-Петербурга на июнь» содержит явную привязку к городу.,False,афиша СПб блогер,2026-08-23T13:24:59.308445+00:00
2b20b91b23f5d9ec2a62,ARCHSIDE - Архитектурное бюро Евгения Кицелева,youtube,https://www.youtube.com/@archside_pro,archside_pro,Санкт-Петербург,30400,micro,manual_only,original_profile_opened,https://www.youtube.com/@archside_pro,https://www.youtube.com/results?search_query=%D0%BB%D1%83%D1%87%D1%88%D0%B8%D0%B5+%D0%B4%D0%B8%D0%B7%D0%B0%D0%B9%D0%BD+%D0%B8%D0%BD%D1%82%D0%B5%D1%80%D1%8C%D0%B5%D1%80%D0%B0+%D0%9F%D0%B5%D1%82%D0%B5%D1%80%D0%B1%D1%83%D1%80%D0%B3&hl=ru,https://www.youtube.com/watch?v=EqUZUXXWW8o,"Видео «Обзор дома 650 м2 в Сестрорецке, с плоской кровлей, бассейном и большим панорамным остеклением» содержит явную привязку к городу.",False,лучшие дизайн интерьера Петербург,2026-08-23T13:25:02.526752+00:00
423a75bb343ef09619a9,Aristo_Kraft,youtube,https://www.youtube.com/@aristo_kraft,aristo_kraft,Санкт-Петербург,82,nano,manual_only,original_profile_opened,https://www.youtube.com/@aristo_kraft,https://www.youtube.com/results?search_query=%D0%9F%D0%B8%D1%82%D0%B5%D1%80+%D0%BF%D0%B0%D0%BF%D0%B0+%D0%B1%D0%BB%D0%BE%D0%B3&hl=ru,https://www.youtube.com/watch?v=GhTvr36doww,"Видео «Бедный Питер Паркер, ни мамы, ни папы... | Вырезка из Новый Человек-Паук» содержит явную привязку к городу.",False,Питер папа блог,2026-08-23T13:24:12.501337+00:00
0b677347006907e77f60,arstayl 2.0,youtube,https://www.youtube.com/@arstayl2.0,arstayl2.0,Санкт-Петербург,8170,nano,manual_only,original_profile_opened,https://www.youtube.com/@arstayl2.0,https://www.youtube.com/results?search_query=%D0%9F%D1%83%D1%88%D0%BA%D0%B8%D0%BD+%D0%A1%D0%B0%D0%BD%D0%BA%D1%82-%D0%9F%D0%B5%D1%82%D0%B5%D1%80%D0%B1%D1%83%D1%80%D0%B3+%D0%B1%D0%BB%D0%BE%D0%B3&hl=ru,https://www.youtube.com/watch?v=3zKWJ0diKzo,"Видео «Город Пушкин, Царское село, Санкт-Петербург, 2025. ВЛОГ МОСКВИЧА ПУТЕШЕСТВЕННИКА / Арстайл 2.0 /» содержит явную привязку к городу.",False,Пушкин Санкт-Петербург блог,2026-08-23T13:24:44.411538+00:00
0bbab89edda554416e72,ARTEM KARISALOV,youtube,https://www.youtube.com/@karisalov,karisalov,Санкт-Петербург,160000,mid,manual_only,original_profile_opened,https://www.youtube.com/@karisalov,https://www.youtube.com/results?search_query=Viva+mare+%D0%A1%D0%B0%D0%BD%D0%BA%D1%82-%D0%9F%D0%B5%D1%82%D0%B5%D1%80%D0%B1%D1%83%D1%80%D0%B3+%D0%BE%D0%B1%D0%B7%D0%BE%D1%80&hl=ru,https://www.youtube.com/watch?v=N0GLGf717D8,"Видео «Уникальная паста и пицца, за которой хочется вернуться в Петербург! Обзор на ресторан Da Manu» содержит явную привязку к городу.",True,Viva mare Санкт-Петербург обзор | кафе Санкт-Петербург обзор | лучшие кафе Петербург | лучшие рестораны Петербург | рестораны СПб блогер | рестораны Санкт-Петербург обзор,2026-08-23T13:24:19.600095+00:00
8cc9721ce79b515c6d77,Artyom Persidsky,youtube,https://www.youtube.com/@ArtyomPersidskyTube,ArtyomPersidskyTube,Санкт-Петербург,26000,micro,manual_only,original_profile_opened,https://www.youtube.com/@ArtyomPersidskyTube,https://www.youtube.com/results?search_query=%D0%BB%D1%83%D1%87%D1%88%D0%B8%D0%B5+%D0%BF%D0%B0%D1%80%D0%B8%D0%BA%D0%BC%D0%B0%D1%85%D0%B5%D1%80%D1%81%D0%BA%D0%B8%D0%B5+%D0%9F%D0%B5%D1%82%D0%B5%D1%80%D0%B1%D1%83%D1%80%D0%B3&hl=ru,https://www.youtube.com/watch?v=gAywzuSdybE,Видео «Салон красоты для мужчин премиум-класса в Санкт-Петербурге.» содержит явную привязку к городу.,False,лучшие парикмахерские Петербург | лучшие салоны красоты Петербург | лучшие туризм Петербург,2026-08-23T13:24:51.223526+00:00
b0677746f5efac010d77,Asepkovair,youtube,https://www.youtube.com/@Asepkovai,Asepkovai,Санкт-Петербург,164,nano,manual_only,original_profile_opened,https://www.youtube.com/@Asepkovai,https://www.youtube.com/results?search_query=%D0%BE%D0%B1%D1%80%D0%B0%D0%B7%D0%BE%D0%B2%D0%B0%D0%BD%D0%B8%D0%B5+%D0%A1%D0%9F%D0%B1+%D0%B1%D0%BB%D0%BE%D0%B3%D0%B5%D1%80&hl=ru,https://www.youtube.com/watch?v=j-QA13FGERM,Видео «Один день из жизни первокурсницы СПБГПМУ» содержит явную привязку к городу.,False,образование СПб блогер,2026-08-23T13:25:05.645011+00:00
dcd1fcb091febbce8c48,astræthetic,youtube,https://www.youtube.com/@astr%C3%A6thetic,astr%C3%A6thetic,Санкт-Петербург,492,nano,manual_only,original_profile_opened,https://www.youtube.com/@astr%C3%A6thetic,https://www.youtube.com/results?search_query=%D0%A1%D0%B5%D1%81%D1%82%D1%80%D0%BE%D1%80%D0%B5%D1%86%D0%BA+%D0%A1%D0%B0%D0%BD%D0%BA%D1%82-%D0%9F%D0%B5%D1%82%D0%B5%D1%80%D0%B1%D1%83%D1%80%D0%B3+%D0%B1%D0%BB%D0%BE%D0%B3&hl=ru,https://www.youtube.com/watch?v=mbPwLmhxZN8,Видео «VLOG 4 // Санкт-Петербург: июль’25 » содержит явную привязку к городу.,False,Сестрорецк Санкт-Петербург блог,2026-08-23T13:24:43.240519+00:00
6982f50b07a29431b413,Asya,youtube,https://www.youtube.com/@asya9953,asya9953,Санкт-Петербург,100,nano,manual_only,original_profile_opened,https://www.youtube.com/@asya9953,https://www.youtube.com/results?search_query=%D0%9F%D0%B5%D1%82%D1%80%D0%BE%D0%B3%D1%80%D0%B0%D0%B4%D1%81%D0%BA%D0%B8%D0%B9+%D1%80%D0%B0%D0%B9%D0%BE%D0%BD+%D0%BE%D0%B1%D0%B7%D0%BE%D1%80+%D0%BC%D0%B5%D1%81%D1%82&hl=ru,https://www.youtube.com/watch?v=ghm6NYjoLsg,Видео «Петроградский район. 2023 год Санкт-Петербург.» содержит явную привязку к городу.,False,Петроградский район обзор мест,2026-08-23T13:24:35.966694+00:00
258b62abe2b4a3f4e4f3,Atlas_food,youtube,https://www.youtube.com/@youtubespb,youtubespb,Санкт-Петербург,1410,nano,manual_only,original_profile_opened,https://www.youtube.com/@youtubespb,https://www.youtube.com/results?search_query=%D0%9F%D0%B5%D1%82%D1%80%D0%BE%D0%B3%D1%80%D0%B0%D0%B4%D0%BA%D0%B0+%D0%BA%D0%B0%D1%84%D0%B5+%D0%BE%D0%B1%D0%B7%D0%BE%D1%80&hl=ru,https://www.youtube.com/watch?v=MD5rR6-2g6w,Видео «Необычные и интересные кафе Петербурга.» содержит явную привязку к городу.,False,Петроградка кафе обзор | лучшие кондитерские Петербург,2026-08-23T13:24:46.946475+00:00
d4232675d55e1d4a0ebd,AuroraLiveMusic SPb,youtube,https://www.youtube.com/@auroralivemusicspb559,auroralivemusicspb559,Санкт-Петербург,516,nano,manual_only,original_profile_opened,https://www.youtube.com/@auroralivemusicspb559,https://www.youtube.com/results?search_query=%D0%BB%D1%83%D1%87%D1%88%D0%B8%D0%B5+%D0%BA%D0%BE%D0%BD%D1%86%D0%B5%D1%80%D1%82%D1%8B+%D0%9F%D0%B5%D1%82%D0%B5%D1%80%D0%B1%D1%83%D1%80%D0%B3&hl=ru,https://www.youtube.com/watch?v=Ny_FMzMhQZI,Видео «группа ЗНАКИ  Санкт-Петербург клуб АВРОРА  07 06 2018» содержит явную привязку к городу.,False,лучшие концерты Петербург,2026-08-23T13:24:59.609461+00:00
6e0d0d049de7a8db18f3,Azbuka blogera SPb,youtube,https://www.youtube.com/@Azbukablogeraspb,Azbukablogeraspb,Санкт-Петербург,330,nano,manual_only,original_profile_opened,https://www.youtube.com/@Azbukablogeraspb,https://www.youtube.com/results?search_query=%D0%B0%D1%84%D0%B8%D1%88%D0%B0+%D0%A1%D0%9F%D0%B1+%D0%B1%D0%BB%D0%BE%D0%B3%D0%B5%D1%80&hl=ru,https://www.youtube.com/watch?v=Ywwd-PbR9fc,Видео ««Блогерская афиша»  16 - 22 марта 2020» содержит явную привязку к городу.,False,афиша СПб блогер,2026-08-23T13:24:58.231687+00:00
cec53ab4ab828cb82153,Baby Jungle,youtube,https://www.youtube.com/@baby_jungle,baby_jungle,Санкт-Петербург,75,nano,manual_only,original_profile_opened,https://www.youtube.com/@baby_jungle,https://www.youtube.com/results?search_query=%D0%B4%D0%B5%D1%82%D1%81%D0%BA%D0%B8%D0%B5+%D0%BA%D1%80%D1%83%D0%B6%D0%BA%D0%B8+%D0%9F%D0%B8%D1%82%D0%B5%D1%80+shorts&hl=ru,https://www.youtube.com/watch?v=D8lds0rqQA0,Видео «Музыкальные занятия в детском садике «Малыш Джунглик» на Кондратьевском 64к1 в Санкт-Петербурге» содержит явную привязку к городу.,False,детские кружки Питер shorts | лучшие детские кружки Петербург,2026-08-23T13:24:54.356440+00:00
2e54a889e2d1bc0ea56d,Bali Video and Photo wedding Photographer,youtube,https://www.youtube.com/@balivideo,balivideo,Санкт-Петербург,1080,nano,manual_only,original_profile_opened,https://www.youtube.com/@balivideo,https://www.youtube.com/results?search_query=%D0%BC%D0%B0%D1%81%D1%81%D0%B0%D0%B6+%D0%B8+SPA+%D0%A1%D0%9F%D0%B1+%D0%B1%D0%BB%D0%BE%D0%B3%D0%B5%D1%80&hl=ru,https://www.youtube.com/watch?v=yJsarLPTCV0,"Видео «СПА-салон ""МОПС"". Тайский массаж в Петербурге» содержит явную привязку к городу.",False,лучшие массаж и SPA Петербург | массаж и SPA СПб блогер | массаж и SPA Санкт-Петербург обзор,2026-08-23T13:24:52.259796+00:00
6b8c2746bb62394f248c,Battika Books,youtube,https://www.youtube.com/@Battikabooks,Battikabooks,Санкт-Петербург,2850,nano,manual_only,original_profile_opened,https://www.youtube.com/@Battikabooks,https://www.youtube.com/results?search_query=%D0%BA%D0%BD%D0%B8%D0%B6%D0%BD%D1%8B%D0%B5+%D0%BC%D0%B0%D0%B3%D0%B0%D0%B7%D0%B8%D0%BD%D1%8B+%D0%A1%D0%B0%D0%BD%D0%BA%D1%82-%D0%9F%D0%B5%D1%82%D0%B5%D1%80%D0%B1%D1%83%D1%80%D0%B3+%D0%BE%D0%B1%D0%B7%D0%BE%D1%80&hl=ru,https://www.youtube.com/watch?v=0f9EHKSpdHk,Видео «ОХОТА НА КНИГИ / Книжные магазины Петербурга |Флагманы и крохи|» содержит явную привязку к городу.,False,книжные магазины Санкт-Петербург обзор | лучшие книжные магазины Петербург,2026-08-23T13:25:06.342308+00:00
ef0aab7005aa01a93704,Beata,youtube,https://www.youtube.com/@Beatamiu,Beatamiu,Санкт-Петербург,368,nano,manual_only,original_profile_opened,https://www.youtube.com/@Beatamiu,https://www.youtube.com/results?search_query=%D0%A1%D0%9F%D0%B1+lifestyle+vlog&hl=ru,https://www.youtube.com/watch?v=b2S3tLfSoOo,"Видео «ВЛОГ ЛЕТО 2025 | Санкт-Петербург, лучшие места | Экскурсия в Лахта-центр | Морская вечеринка» содержит явную привязку к городу.",False,Лахта куда сходить | СПб lifestyle vlog,2026-08-23T13:24:15.766919+00:00
eff559f630eeb08c0bb3,BeautypeopleUniv,youtube,https://www.youtube.com/@beautypeople,beautypeople,Санкт-Петербург,77,nano,manual_only,original_profile_opened,https://www.youtube.com/@beautypeople,https://www.youtube.com/results?search_query=%D0%BB%D1%83%D1%87%D1%88%D0%B8%D0%B5+%D0%BA%D0%BD%D0%B8%D0%B6%D0%BD%D1%8B%D0%B5+%D0%BC%D0%B0%D0%B3%D0%B0%D0%B7%D0%B8%D0%BD%D1%8B+%D0%9F%D0%B5%D1%82%D0%B5%D1%80%D0%B1%D1%83%D1%80%D0%B3&hl=ru,https://www.youtube.com/watch?v=BnuHvcLe91c,Видео «Лучшие книжные магазины в Питере на Литейном» содержит явную привязку к городу.,False,лучшие книжные магазины Петербург,2026-08-23T13:25:06.870843+00:00
d1bcfe963678751001e7,BedolagiShoW,youtube,https://www.youtube.com/@bedolagishow3335,bedolagishow3335,Санкт-Петербург,20600,micro,manual_only,original_profile_opened,https://www.youtube.com/@bedolagishow3335,https://www.youtube.com/results?search_query=%D0%BB%D1%83%D1%87%D1%88%D0%B8%D0%B5+%D0%B2%D0%B8%D0%BD%D1%82%D0%B0%D0%B6+%D0%9F%D0%B5%D1%82%D0%B5%D1%80%D0%B1%D1%83%D1%80%D0%B3&hl=ru,https://www.youtube.com/watch?v=PTLbajEGkwo,Видео «ЛУЧШИЕ СЕКОНД-ХЕНДЫ САНКТ-ПЕТЕРБУРГА|ТОПОВЫЕ НАХОДКИ» содержит явную привязку к городу.,False,лучшие винтаж Петербург,2026-08-23T13:25:01.425023+00:00
bb4730af954dc5bc290b,BENCH TV,youtube,https://www.youtube.com/@bench_tv,bench_tv,Санкт-Петербург,48,nano,manual_only,original_profile_opened,https://www.youtube.com/@bench_tv,https://www.youtube.com/results?search_query=%D0%A3%D0%B4%D0%B5%D0%BB%D1%8C%D0%BD%D0%B0%D1%8F+%D0%A1%D0%B0%D0%BD%D0%BA%D1%82-%D0%9F%D0%B5%D1%82%D0%B5%D1%80%D0%B1%D1%83%D1%80%D0%B3+%D0%B1%D0%BB%D0%BE%D0%B3&hl=ru,https://www.youtube.com/watch?v=pwk2PqsBpy8,"Видео «2 ДНЯ В САНКТ-ПЕТЕРБУРГЕ: УДЕЛКА, ПОДПИСНЫЕ, SHORTPARIS И ЕЩЕ КУЧА МЕСТ | Bench-TV» содержит явную привязку к городу.",False,Удельная Санкт-Петербург блог,2026-08-23T13:24:49.471350+00:00
4c4965e1f04dfe4acfd5,BigLoveCity,youtube,https://www.youtube.com/@biglovecity,biglovecity,Санкт-Петербург,79,nano,manual_only,original_profile_opened,https://www.youtube.com/@biglovecity,https://www.youtube.com/results?search_query=%D0%92%D0%B0%D1%81%D0%B8%D0%BB%D1%8C%D0%B5%D0%B2%D1%81%D0%BA%D0%B8%D0%B9+%D0%BE%D1%81%D1%82%D1%80%D0%BE%D0%B2+%D0%BA%D1%83%D0%B4%D0%B0+%D1%81%D1%85%D0%BE%D0%B4%D0%B8%D1%82%D1%8C&hl=ru,https://www.youtube.com/watch?v=rrLZmQTKzBg,"Видео «Васька: место, где история оживает (Васильевский остров)» содержит явную привязку к городу.",False,Васильевский остров куда сходить,2026-08-23T13:24:45.347018+00:00
8e08ecc3bc082646784c,Bileter DTZK,youtube,https://www.youtube.com/@bileterch,bileterch,Санкт-Петербург,174,nano,manual_only,original_profile_opened,https://www.youtube.com/@bileterch,https://www.youtube.com/results?search_query=%D0%B0%D1%84%D0%B8%D1%88%D0%B0+%D0%A1%D0%B0%D0%BD%D0%BA%D1%82-%D0%9F%D0%B5%D1%82%D0%B5%D1%80%D0%B1%D1%83%D1%80%D0%B3+%D0%BE%D0%B1%D0%B7%D0%BE%D1%80&hl=ru,https://www.youtube.com/watch?v=gRpRFEuW5eY,Видео «Как купить билеты в театр и на концерты онлайн?Афиша Санкт-Петербурга у вас в телефоне.» содержит явную привязку к городу.,False,афиша Санкт-Петербург обзор,2026-08-23T13:24:59.292382+00:00
d5d2f048e97884289dbc,Biofullerene,youtube,https://www.youtube.com/@Biofullerene,Biofullerene,Санкт-Петербург,30,nano,manual_only,original_profile_opened,https://www.youtube.com/@Biofullerene,https://www.youtube.com/results?search_query=%D0%BB%D1%83%D1%87%D1%88%D0%B8%D0%B5+%D0%B1%D0%B5%D0%B3+%D0%9F%D0%B5%D1%82%D0%B5%D1%80%D0%B1%D1%83%D1%80%D0%B3&hl=ru,https://www.youtube.com/watch?v=FSEvm6EPOgI,"Видео «Петербургский марафон ""Пушкин-Петербург"" 2024| Ринас Ахмадеев,Ляликов,Тихонов, Соколов | Бег вреден?» содержит явную привязку к городу.",False,лучшие бег Петербург,2026-08-23T13:25:04.865103+00:00
8429a55918aad655dda7,blablablarden,youtube,https://www.youtube.com/@blablablarden,blablablarden,Санкт-Петербург,6250,nano,manual_only,original_profile_opened,https://www.youtube.com/@blablablarden,https://www.youtube.com/results?search_query=%D0%BB%D1%83%D1%87%D1%88%D0%B8%D0%B5+%D0%BE%D0%B1%D1%80%D0%B0%D0%B7%D0%BE%D0%B2%D0%B0%D0%BD%D0%B8%D0%B5+%D0%9F%D0%B5%D1%82%D0%B5%D1%80%D0%B1%D1%83%D1%80%D0%B3&hl=ru,https://www.youtube.com/watch?v=hCX7a2GYhGk,Видео «ПИТЕР ЛУЧШЕ МОСКВЫ? КУДА ПОСТУПАТЬ В 2026?» содержит явную привязку к городу.,False,лучшие образование Петербург,2026-08-23T13:25:06.650885+00:00
833d24cbc15f460933d0,BoobliksBand,youtube,https://www.youtube.com/@BoobliksBand,BoobliksBand,Санкт-Петербург,44900,micro,manual_only,original_profile_opened,https://www.youtube.com/@BoobliksBand,https://www.youtube.com/results?search_query=%D0%BB%D1%83%D1%87%D1%88%D0%B8%D0%B5+%D0%BA%D0%BE%D0%BD%D1%86%D0%B5%D1%80%D1%82%D1%8B+%D0%9F%D0%B5%D1%82%D0%B5%D1%80%D0%B1%D1%83%D1%80%D0%B3&hl=ru,https://www.youtube.com/watch?v=Hp_6z_hbGpY,"Видео «Сольный концерт Михаила Бублика в БКЗ ""Октябрьский"" 23 октября 2013» содержит явную привязку к городу.",False,лучшие концерты Петербург,2026-08-23T13:24:59.878409+00:00
e2ac3c5c4e17fb760c1c,Books.euphoria,youtube,https://www.youtube.com/@books.euphoria,books.euphoria,Санкт-Петербург,4850,nano,manual_only,original_profile_opened,https://www.youtube.com/@books.euphoria,https://www.youtube.com/results?search_query=%D0%BA%D0%BD%D0%B8%D0%B6%D0%BD%D1%8B%D0%B5+%D0%BC%D0%B0%D0%B3%D0%B0%D0%B7%D0%B8%D0%BD%D1%8B+%D0%9F%D0%B8%D1%82%D0%B5%D1%80+shorts&hl=ru,https://www.youtube.com/watch?v=x17BpeOJ7X0,Видео «Обзор книжных магазинов Санкт-Петербурга! 📚✨ Самые красивые книжные 😍» содержит явную привязку к городу.,False,книжные магазины Питер shorts | книжные магазины СПб блогер | книжные магазины Санкт-Петербург обзор | лучшие книжные магазины Петербург,2026-08-23T13:25:05.441668+00:00
1b674e5f36599611a6b9,BRAVOS COFFEE,youtube,https://www.youtube.com/@bravos.coffee,bravos.coffee,Санкт-Петербург,85100,micro,manual_only,original_profile_opened,https://www.youtube.com/@bravos.coffee,https://www.youtube.com/results?search_query=%D0%9F%D0%B5%D1%82%D1%80%D0%BE%D0%B3%D1%80%D0%B0%D0%B4%D0%BA%D0%B0+%D0%BA%D0%B0%D1%84%D0%B5+%D0%BE%D0%B1%D0%B7%D0%BE%D1%80&hl=ru,https://www.youtube.com/watch?v=r-KO3OZY5i4,Видео «Лучшие кофейни Санкт-Петербурга | КОФЕЙНЫЙ ПАТРУЛЬ» содержит явную привязку к городу.,False,Петроградка кафе обзор | кофейни Питер shorts | кофейни СПб блогер | кофейни Санкт-Петербург обзор | лучшие кофейни Петербург,2026-08-23T13:24:47.140661+00:00
aa95a6bad780c4541e55,Bulochka TV,youtube,https://www.youtube.com/@bulochka_tv,bulochka_tv,Санкт-Петербург,1220,nano,manual_only,original_profile_opened,https://www.youtube.com/@bulochka_tv,https://www.youtube.com/results?search_query=%D0%B4%D0%B5%D1%82%D1%81%D0%BA%D0%B8%D0%B5+%D1%86%D0%B5%D0%BD%D1%82%D1%80%D1%8B+%D0%9F%D0%B8%D1%82%D0%B5%D1%80+shorts&hl=ru,https://www.youtube.com/watch?v=mDZcNvuRZfA,Видео «Детский развлекательный центр в ТЦ LONDON MALL (Санкт-Петербург) 😜 #этопитер #спб #stpetersburg» содержит явную привязку к городу.,False,детские центры Питер shorts,2026-08-23T13:24:53.598189+00:00
6c7928e0a39b128f4bd5,BUROBIZ | КУПИТЬ БИЗНЕС | ПРОДАТЬ БИЗНЕС,youtube,https://www.youtube.com/@burobiz,burobiz,Санкт-Петербург,319,nano,manual_only,original_profile_opened,https://www.youtube.com/@burobiz,https://www.youtube.com/results?search_query=%D0%92%D0%B0%D1%81%D0%B8%D0%BB%D1%8C%D0%B5%D0%B2%D1%81%D0%BA%D0%B8%D0%B9+%D0%BE%D1%81%D1%82%D1%80%D0%BE%D0%B2+%D0%BA%D0%B0%D1%84%D0%B5+%D0%BE%D0%B1%D0%B7%D0%BE%D1%80&hl=ru,https://www.youtube.com/watch?v=gpv0G6LKRP0,Видео «Уютное кафе на Васильевском острове» содержит явную привязку к городу.,False,Васильевский остров кафе обзор,2026-08-23T13:24:44.738917+00:00
a00100babbeb3fb7e25e,ChebaTravel,youtube,https://www.youtube.com/@ChebaTravel,ChebaTravel,Санкт-Петербург,7040,nano,manual_only,original_profile_opened,https://www.youtube.com/@ChebaTravel,https://www.youtube.com/results?search_query=%D0%9F%D0%B8%D1%82%D0%B5%D1%80+%D0%BE%D0%B1%D0%B7%D0%BE%D1%80%D1%89%D0%B8%D0%BA&hl=ru,https://www.youtube.com/watch?v=UaV9T7wkrvs,Видео «САНКТ-ПЕТЕРБУРГ / ЗА 2 ДНЯ / САМЫЕ ИНТЕРЕСНЫЕ МЕСТА / 2024» содержит явную привязку к городу.,True,Happy City Санкт-Петербург обзор | Петербург городской блог | Петербург что посмотреть | Петергоф Санкт-Петербург блог | Петроградка обзор мест | ПироШоу СПб Санкт-Петербург обзор | Питер обзорщик | Пушкин куда сходить | Пушкин обзор мест | афиша Питер shorts | городские прогулки СПб блогер | городские прогулки Санкт-Петербург обзор | городские события СПб блогер | городские события Санкт-Петербург обзор | лучшие городские прогулки Петербург | лучшие городские события Петербург | лучшие музеи Петербург | лучшие семейный досуг Петербург | лучшие туризм Петербург | лучшие экскурсии Петербург | образование Санкт-Петербург обзор | семейный досуг Санкт-Петербург обзор | спорт Санкт-Петербург обзор | туризм Санкт-Петербург обзор | фотографы Санкт-Петербург обзор | экскурсии СПб блогер | экскурсии Санкт-Петербург обзор,2026-08-23T13:24:13.408399+00:00
fa6056f96b12f98666cd,Check-In Life,youtube,https://www.youtube.com/@Check-InLife,Check-InLife,Санкт-Петербург,105,nano,manual_only,original_profile_opened,https://www.youtube.com/@Check-InLife,https://www.youtube.com/results?search_query=%D0%BB%D1%83%D1%87%D1%88%D0%B8%D0%B5+%D0%BE%D1%82%D0%B5%D0%BB%D0%B8+%D0%9F%D0%B5%D1%82%D0%B5%D1%80%D0%B1%D1%83%D1%80%D0%B3&hl=ru,https://www.youtube.com/watch?v=8-XMqnVCDwk,Видео «ТОП-9 лучших 5-звездочных отелей Санкт-Петербурга» содержит явную привязку к городу.,False,лучшие отели Петербург | отели СПб блогер,2026-08-23T13:25:03.669863+00:00
8d766aa1be1af8287421,"Checkintime - Путешествия,отдых, горящие туры",youtube,https://www.youtube.com/@Checkintime,Checkintime,Санкт-Петербург,19100,micro,manual_only,original_profile_opened,https://www.youtube.com/@Checkintime,https://www.youtube.com/results?search_query=%D0%BE%D1%82%D0%B5%D0%BB%D0%B8+%D0%9F%D0%B8%D1%82%D0%B5%D1%80+shorts&hl=ru,https://www.youtube.com/watch?v=OhqSND1XH5g,Видео «САНКТ-ПЕТЕРБУРГ 2026 ТОП 5 Отелей в ПИТЕРЕ. “Настоящий” Петербург. Поездка в ПЕТЕРГОФ» содержит явную привязку к городу.,False,лучшие отели Петербург | отели Питер shorts | отели Санкт-Петербург обзор,2026-08-23T13:25:03.495627+00:00
f8dddd9fa426ebe500b0,chipmunks around the world,youtube,https://www.youtube.com/@chipmunks_around_the_world,chipmunks_around_the_world,Санкт-Петербург,701,nano,manual_only,original_profile_opened,https://www.youtube.com/@chipmunks_around_the_world,https://www.youtube.com/results?search_query=%D0%BB%D1%83%D1%87%D1%88%D0%B8%D0%B5+%D1%82%D1%83%D1%80%D0%B8%D0%B7%D0%BC+%D0%9F%D0%B5%D1%82%D0%B5%D1%80%D0%B1%D1%83%D1%80%D0%B3&hl=ru,https://www.youtube.com/watch?v=-f8DznBPi8k,Видео «Лучшие культурные места Санкт-Петербурга / Куда сходить кроме Эрмитажа? Питер 2026» содержит явную привязку к городу.,False,лучшие туризм Петербург,2026-08-23T13:25:03.782638+00:00
1f50ba4384fedeb452e6,Chulpan Airatovna,youtube,https://www.youtube.com/@Chulparrrrrr888,Chulparrrrrr888,Санкт-Петербург,92,nano,manual_only,original_profile_opened,https://www.youtube.com/@Chulparrrrrr888,https://www.youtube.com/results?search_query=%D0%B4%D0%B5%D1%82%D1%81%D0%BA%D0%B8%D0%B5+%D1%86%D0%B5%D0%BD%D1%82%D1%80%D1%8B+%D0%9F%D0%B8%D1%82%D0%B5%D1%80+shorts&hl=ru,https://www.youtube.com/watch?v=VsY9n98NxXw,Видео «Парк аттракционов в Питере #питер #travel #актив #санктпетербург #дети #chill #shorts #humor #facts» содержит явную привязку к городу.,False,детские центры Питер shorts,2026-08-23T13:24:53.415763+00:00
6e4f53884ecd9f27f5bc,Codent,youtube,https://www.youtube.com/@CodentPro,CodentPro,Санкт-Петербург,1370,nano,manual_only,original_profile_opened,https://www.youtube.com/@CodentPro,https://www.youtube.com/results?search_query=%D0%A0%D0%B5%D0%BD%D0%B8%D0%94%D0%B5%D0%BD%D1%82+%D0%A1%D0%B0%D0%BD%D0%BA%D1%82-%D0%9F%D0%B5%D1%82%D0%B5%D1%80%D0%B1%D1%83%D1%80%D0%B3+%D0%BE%D0%B1%D0%B7%D0%BE%D1%80&hl=ru,https://www.youtube.com/watch?v=EBvtA4r9xAY,Видео «ЛУЧШАЯ зуботехническая лаборатория в Санкт-Петербурге!» содержит явную привязку к городу.,True,Dental Place Санкт-Петербург обзор | Jadan Dental Санкт-Петербург обзор | РениДент Санкт-Петербург обзор,2026-08-23T13:24:22.678547+00:00
3db2d12be0aa693aab03,coffee with milk,youtube,https://www.youtube.com/@coffeewithmilk1992,coffeewithmilk1992,Санкт-Петербург,71,nano,manual_only,original_profile_opened,https://www.youtube.com/@coffeewithmilk1992,https://www.youtube.com/results?search_query=%D0%9D%D0%BE%D0%B2%D0%B0%D1%8F+%D0%93%D0%BE%D0%BB%D0%BB%D0%B0%D0%BD%D0%B4%D0%B8%D1%8F+%D0%BA%D0%B0%D1%84%D0%B5+%D0%BE%D0%B1%D0%B7%D0%BE%D1%80&hl=ru,https://www.youtube.com/watch?v=CzuUkJE2UNE,"Видео «Завтраки в Питере. Сезон #1, Выпуск #10 ресторан Кузня (KUZNYA) Новая Голландия» содержит явную привязку к городу.",False,Новая Голландия кафе обзор,2026-08-23T13:24:46.807085+00:00
794a75400b2aff7bf9c8,Comedy Petersburg,youtube,https://www.youtube.com/@comedypetersburg3265,comedypetersburg3265,Санкт-Петербург,254,nano,manual_only,original_profile_opened,https://www.youtube.com/@comedypetersburg3265,https://www.youtube.com/results?search_query=%D0%BB%D1%83%D1%87%D1%88%D0%B8%D0%B5+%D1%82%D0%B0%D0%BD%D1%86%D1%8B+%D0%9F%D0%B5%D1%82%D0%B5%D1%80%D0%B1%D1%83%D1%80%D0%B3&hl=ru,https://www.youtube.com/watch?v=PY4W81pt7l8,"Видео «Шоу ""Танцы"" в Петербурге!» содержит явную привязку к городу.",False,лучшие танцы Петербург,2026-08-23T13:24:52.832183+00:00
c9f7f6598219641f8a53,Cybermike,youtube,https://www.youtube.com/@Cyberm1ke,Cyberm1ke,Санкт-Петербург,1530,nano,manual_only,original_profile_opened,https://www.youtube.com/@Cyberm1ke,https://www.youtube.com/results?search_query=%D0%B1%D0%B5%D0%B3+%D0%A1%D0%B0%D0%BD%D0%BA%D1%82-%D0%9F%D0%B5%D1%82%D0%B5%D1%80%D0%B1%D1%83%D1%80%D0%B3+%D0%BE%D0%B1%D0%B7%D0%BE%D1%80&hl=ru,https://www.youtube.com/watch?v=jWQUg62NEpk,"Видео «Russia, St.Petersburg, summer 2023, СПБ полумарафон «Северная столица» 21.1 км» содержит явную привязку к городу.",False,бег Санкт-Петербург обзор,2026-08-23T13:25:05.635775+00:00
3042a5de5ec34d729825,Cеть детских садов No1,youtube,https://www.youtube.com/@cno1217,cno1217,Санкт-Петербург,659,nano,manual_only,original_profile_opened,https://www.youtube.com/@cno1217,https://www.youtube.com/results?search_query=%D0%BB%D1%83%D1%87%D1%88%D0%B8%D0%B5+%D0%B4%D0%B5%D1%82%D1%81%D0%BA%D0%B8%D0%B5+%D0%BA%D1%80%D1%83%D0%B6%D0%BA%D0%B8+%D0%9F%D0%B5%D1%82%D0%B5%D1%80%D0%B1%D1%83%D1%80%D0%B3&hl=ru,https://www.youtube.com/watch?v=QYP0dV7ihMc,"Видео «Частный детский сад ""Детская страна"" в Санкт-Петербурге приглашает в гости!» содержит явную привязку к городу.",False,лучшие детские кружки Петербург,2026-08-23T13:24:54.479453+00:00
eda6f40045337033c72a,DA design,youtube,https://www.youtube.com/@DAdesign4u,DAdesign4u,Санкт-Петербург,5,nano,manual_only,original_profile_opened,https://www.youtube.com/@DAdesign4u,https://www.youtube.com/results?search_query=%D0%A2%D1%80%D0%B8+%D0%B2%D0%B5%D1%82%D1%80%D0%B0+%D0%B6%D0%B8%D0%BB%D0%BE%D0%B9+%D0%BA%D0%BE%D0%BC%D0%BF%D0%BB%D0%B5%D0%BA%D1%81+%D0%A1%D0%B0%D0%BD%D0%BA%D1%82-%D0%9F%D0%B5%D1%82%D0%B5%D1%80%D0%B1%D1%83%D1%80%D0%B3+%D0%BE%D0%B1%D0%B7%D0%BE%D1%80&hl=ru,https://www.youtube.com/watch?v=rUVhugridgQ,"Видео «ЖК ""Три ветра"" Санкт-Петербург | Дизайнер интерьера Дарья Авдеенко | Обзор интерьера» содержит явную привязку к городу.",True,Три ветра жилой комплекс Санкт-Петербург обзор,2026-08-23T13:24:24.217624+00:00
43d53d36772dae32b616,Dana Benua,youtube,https://www.youtube.com/@DanaBenua,DanaBenua,Санкт-Петербург,305,nano,manual_only,original_profile_opened,https://www.youtube.com/@DanaBenua,https://www.youtube.com/results?search_query=%D0%9F%D1%80%D0%B8%D0%BC%D0%BE%D1%80%D1%81%D0%BA%D0%B8%D0%B9+%D1%80%D0%B0%D0%B9%D0%BE%D0%BD+%D0%BE%D0%B1%D0%B7%D0%BE%D1%80+%D0%BC%D0%B5%D1%81%D1%82&hl=ru,https://www.youtube.com/watch?v=zJjBVlTZ0k0,Видео «Приморский район Санкт-Петербурга. Обзор района для проживания. В каком районе лучше жить?» содержит явную привязку к городу.,False,Приморский район куда сходить | Приморский район обзор мест,2026-08-23T13:24:36.280282+00:00
d3bd320cb576ca239099,Dance Formation,youtube,https://www.youtube.com/@danceformation8560,danceformation8560,Санкт-Петербург,975,nano,manual_only,original_profile_opened,https://www.youtube.com/@danceformation8560,https://www.youtube.com/results?search_query=%D1%82%D0%B0%D0%BD%D1%86%D1%8B+%D0%A1%D0%B0%D0%BD%D0%BA%D1%82-%D0%9F%D0%B5%D1%82%D0%B5%D1%80%D0%B1%D1%83%D1%80%D0%B3+%D0%BE%D0%B1%D0%B7%D0%BE%D1%80&hl=ru,https://www.youtube.com/watch?v=rPLNKOx1gRA,Видео «Школа танцев Dance Formation | Санкт-Петербург» содержит явную привязку к городу.,False,танцы СПб блогер | танцы Санкт-Петербург обзор,2026-08-23T13:24:52.208643+00:00
e000f8b3f62a0c5613ee,"DANCE INSIGHT Бачата, Кизомба, Сальса Школа Танцев",youtube,https://www.youtube.com/@danceinsight,danceinsight,Санкт-Петербург,300,nano,manual_only,original_profile_opened,https://www.youtube.com/@danceinsight,https://www.youtube.com/results?search_query=%D1%82%D0%B0%D0%BD%D1%86%D1%8B+%D0%9F%D0%B8%D1%82%D0%B5%D1%80+shorts&hl=ru,https://www.youtube.com/watch?v=GiXYGeTz7xg,Видео «LOVE 💔 | BACHATA DANCE INSIGHT | #14февраля #люсячеботина #love #bachata #любовь #питер #shorts» содержит явную привязку к городу.,False,танцы Питер shorts,2026-08-23T13:24:53.034962+00:00
207ea12da31421ecc8ce,Daniil LIVE • Моя жизнь в настоящем,youtube,https://www.youtube.com/@DaniilLiveOfficial,DaniilLiveOfficial,Санкт-Петербург,8750,nano,manual_only,original_profile_opened,https://www.youtube.com/@DaniilLiveOfficial,https://www.youtube.com/results?search_query=%D0%B2%D0%B8%D0%BD%D1%82%D0%B0%D0%B6+%D0%A1%D0%B0%D0%BD%D0%BA%D1%82-%D0%9F%D0%B5%D1%82%D0%B5%D1%80%D0%B1%D1%83%D1%80%D0%B3+%D0%BE%D0%B1%D0%B7%D0%BE%D1%80&hl=ru,https://www.youtube.com/watch?v=lWFvkvm5dj0,Видео «ВИНТАЖ АНТИК КОМИССИОНТОРГ В САНКТ-ПЕТЕРБУРГЕ | АНТИКВАРИАТ КОМИССИОННЫЙ БЛОШИНЫЙ РЫНОК БАРАХОЛКА» содержит явную привязку к городу.,False,винтаж Санкт-Петербург обзор,2026-08-23T13:25:01.521002+00:00
bf366b420b8fa132aaa3,Daria Cinnamon,youtube,https://www.youtube.com/@dariacinnamon9714,dariacinnamon9714,Санкт-Петербург,12,nano,manual_only,original_profile_opened,https://www.youtube.com/@dariacinnamon9714,https://www.youtube.com/results?search_query=%D0%9C%D1%83%D1%80%D0%B8%D0%BD%D0%BE+%D0%A1%D0%B0%D0%BD%D0%BA%D1%82-%D0%9F%D0%B5%D1%82%D0%B5%D1%80%D0%B1%D1%83%D1%80%D0%B3+%D0%B1%D0%BB%D0%BE%D0%B3&hl=ru,https://www.youtube.com/watch?v=K-gYGEhMs5k,Видео «Cinnamon's blog|Поездка в Санкт-Петербург|» содержит явную привязку к городу.,False,Лахта Санкт-Петербург блог | Мурино Санкт-Петербург блог,2026-08-23T13:24:37.234817+00:00
d1041eaf4b644ec6bba3,Daria Pogadaeva,youtube,https://www.youtube.com/@dashapogadaevaa,dashapogadaevaa,Санкт-Петербург,8000,nano,manual_only,original_profile_opened,https://www.youtube.com/@dashapogadaevaa,https://www.youtube.com/results?search_query=%D0%9F%D0%B5%D1%82%D1%80%D0%BE%D0%B3%D1%80%D0%B0%D0%B4%D0%BA%D0%B0+%D0%A1%D0%B0%D0%BD%D0%BA%D1%82-%D0%9F%D0%B5%D1%82%D0%B5%D1%80%D0%B1%D1%83%D1%80%D0%B3+%D0%B1%D0%BB%D0%BE%D0%B3&hl=ru,https://www.youtube.com/watch?v=xltdT_5KFh4,Видео «VLOG. Майские выходные. Ужин Lichi в Санкт-Петербурге. Приглашение бренда Pinko » содержит явную привязку к городу.,False,Петроградка Санкт-Петербург блог,2026-08-23T13:24:44.967675+00:00
7ba59a1e4aa84ae71169,DariaKatkova,youtube,https://www.youtube.com/@dariakatkova,dariakatkova,Санкт-Петербург,14300,micro,manual_only,original_profile_opened,https://www.youtube.com/@dariakatkova,https://www.youtube.com/results?search_query=%D0%9D%D0%BE%D0%B2%D0%B0%D1%8F+%D0%93%D0%BE%D0%BB%D0%BB%D0%B0%D0%BD%D0%B4%D0%B8%D1%8F+%D0%BA%D1%83%D0%B4%D0%B0+%D1%81%D1%85%D0%BE%D0%B4%D0%B8%D1%82%D1%8C&hl=ru,https://www.youtube.com/watch?v=z2QlgeKX74s,Видео «Куда сходить в Петербурге? Новая Голландия. Никольские ряды. Севкабель порт» содержит явную привязку к городу.,False,Новая Голландия куда сходить,2026-08-23T13:24:46.597995+00:00
9b01bbec891eafd5c8df,Diana Pinaeva,youtube,https://www.youtube.com/@dipinaeva,dipinaeva,Санкт-Петербург,42600,micro,manual_only,original_profile_opened,https://www.youtube.com/@dipinaeva,https://www.youtube.com/results?search_query=%D1%80%D0%B5%D0%BC%D0%BE%D0%BD%D1%82+%D0%A1%D0%9F%D0%B1+%D0%B1%D0%BB%D0%BE%D0%B3%D0%B5%D1%80&hl=ru,https://www.youtube.com/watch?v=CdrAF3Fmmwk,"Видео «КУПИЛА КВАРТИРУ МЕЧТЫ В ПИТЕРЕ | ОБЗОР МАКЕТА ЗДАНИЯ, ОТДЕЛКА, О ПРОЕКТЕ SAAN | РАЗГОВОРЫ О ЛИЧНОМ» содержит явную привязку к городу.",False,ремонт СПб блогер,2026-08-23T13:25:01.716839+00:00
d330b6de1aceaba684cc,dima,youtube,https://www.youtube.com/@DmitrySimakov,DmitrySimakov,Санкт-Петербург,1360,nano,manual_only,original_profile_opened,https://www.youtube.com/@DmitrySimakov,https://www.youtube.com/results?search_query=%D0%A1%D0%9F%D0%B1+lifestyle+vlog&hl=ru,https://www.youtube.com/watch?v=zLEMpwiBZE8,Видео «66 ВЛОГ / САНКТ-ПЕТЕРБУРГ: гастротур / бильярд / годнота на авито с Альбиной / липецкие встречи» содержит явную привязку к городу.,False,Петроградка Санкт-Петербург блог | СПб lifestyle vlog | Шушары Санкт-Петербург блог,2026-08-23T13:24:15.252072+00:00
eb735bf171825a68ed60,DkDent Forma,youtube,https://www.youtube.com/@dkdentforma9808,dkdentforma9808,Санкт-Петербург,51,nano,manual_only,original_profile_opened,https://www.youtube.com/@dkdentforma9808,https://www.youtube.com/results?search_query=%D0%BB%D1%83%D1%87%D1%88%D0%B8%D0%B5+%D1%81%D1%82%D0%BE%D0%BC%D0%B0%D1%82%D0%BE%D0%BB%D0%BE%D0%B3%D0%B8%D0%B8+%D0%9F%D0%B5%D1%82%D0%B5%D1%80%D0%B1%D1%83%D1%80%D0%B3&hl=ru,https://www.youtube.com/watch?v=s24xovNVmB8,Видео «Стоматология в санкт-петербурге Dk Dent Чернышевская Некрасова» содержит явную привязку к городу.,False,лучшие стоматологии Петербург,2026-08-23T13:24:53.542703+00:00
6e0d59781487bcac34df,Dmitry Fedorov,youtube,https://www.youtube.com/@dmitryfedorov190,dmitryfedorov190,Санкт-Петербург,498,nano,manual_only,original_profile_opened,https://www.youtube.com/@dmitryfedorov190,https://www.youtube.com/results?search_query=%D0%9A%D1%80%D0%BE%D0%BD%D1%88%D1%82%D0%B0%D0%B4%D1%82+%D0%A1%D0%B0%D0%BD%D0%BA%D1%82-%D0%9F%D0%B5%D1%82%D0%B5%D1%80%D0%B1%D1%83%D1%80%D0%B3+%D0%B1%D0%BB%D0%BE%D0%B3&hl=ru,https://www.youtube.com/watch?v=U6q0Rl8CwRY,Видео «Осенний Санкт-Петербург. блог. Петергоф. Кронштадт. часть вторая» содержит явную привязку к городу.,False,Кронштадт Санкт-Петербург блог | Лахта Санкт-Петербург блог,2026-08-23T13:24:33.442184+00:00
a0ae6746380acd372c3c,Dmitry Novikov,youtube,https://www.youtube.com/@dmitry.novikovv,dmitry.novikovv,Санкт-Петербург,172,nano,manual_only,original_profile_opened,https://www.youtube.com/@dmitry.novikovv,https://www.youtube.com/results?search_query=%D0%9E%D0%B7%D0%B5%D1%80%D0%BA%D0%B8+%D0%BA%D1%83%D0%B4%D0%B0+%D1%81%D1%85%D0%BE%D0%B4%D0%B8%D1%82%D1%8C&hl=ru,https://www.youtube.com/watch?v=CKZzovrxBSc,"Видео «Озерки с высоты, 4К» содержит явную привязку к городу.",False,Озерки куда сходить,2026-08-23T13:24:39.606152+00:00
0f902ea957247c15ee42,do you read me?,youtube,https://www.youtube.com/@doyoureadme_booktube,doyoureadme_booktube,Санкт-Петербург,4520,nano,manual_only,original_profile_opened,https://www.youtube.com/@doyoureadme_booktube,https://www.youtube.com/results?search_query=%D0%BA%D0%BD%D0%B8%D0%B6%D0%BD%D1%8B%D0%B5+%D0%BC%D0%B0%D0%B3%D0%B0%D0%B7%D0%B8%D0%BD%D1%8B+%D0%A1%D0%B0%D0%BD%D0%BA%D1%82-%D0%9F%D0%B5%D1%82%D0%B5%D1%80%D0%B1%D1%83%D1%80%D0%B3+%D0%BE%D0%B1%D0%B7%D0%BE%D1%80&hl=ru,https://www.youtube.com/watch?v=BxHfMGGk54c,"Видео «новые книги и новый книжный магазин в Санкт-Петербурге ""Конец прекрасной эпохи""» содержит явную привязку к городу.",False,книжные магазины Санкт-Петербург обзор | лучшие книжные магазины Петербург,2026-08-23T13:25:06.565592+00:00
1a17f195410b0f1d3fb0,Domashniypunk,youtube,https://www.youtube.com/@domashniypunk,domashniypunk,Санкт-Петербург,734,nano,manual_only,original_profile_opened,https://www.youtube.com/@domashniypunk,https://www.youtube.com/results?search_query=%D0%BA%D0%BD%D0%B8%D0%B6%D0%BD%D1%8B%D0%B5+%D0%BC%D0%B0%D0%B3%D0%B0%D0%B7%D0%B8%D0%BD%D1%8B+%D0%9F%D0%B8%D1%82%D0%B5%D1%80+shorts&hl=ru,https://www.youtube.com/watch?v=TF6X38ldB2M,Видео «Мой любимый книжный магазин Петербурга | БУКВОЕД» содержит явную привязку к городу.,False,книжные магазины Питер shorts | книжные магазины СПб блогер | книжные магазины Санкт-Петербург обзор | лучшие книжные магазины Петербург,2026-08-23T13:25:05.286028+00:00
211431c290998cae2fc6,Dorogo Dostupno,youtube,https://www.youtube.com/@DorogoDostupno,DorogoDostupno,Санкт-Петербург,104000,mid,manual_only,original_profile_opened,https://www.youtube.com/@DorogoDostupno,https://www.youtube.com/results?search_query=%D0%9F%D1%80%D0%B8%D0%B1%D0%B0%D0%B2%D0%BB%D0%B5%D0%BD%D0%B8%D0%B5+%D1%82%D0%BE%D0%B2%D0%B0%D1%80%D1%8B+%D0%B4%D0%BB%D1%8F+%D0%B4%D0%B5%D1%82%D0%B5%D0%B9+%D0%A1%D0%B0%D0%BD%D0%BA%D1%82-%D0%9F%D0%B5%D1%82%D0%B5%D1%80%D0%B1%D1%83%D1%80%D0%B3+%D0%BE%D0%B1%D0%B7%D0%BE%D1%80&hl=ru,https://www.youtube.com/watch?v=whQ4EuwYdkE,Видео «Секретный Санкт-Петербург #обзор #спб #местаспб #выставка#сдетьми #дети #невскийпроспект #кудагоспб» содержит явную привязку к городу.,True,Красногвардейский район Санкт-Петербург блог | Прибавление товары для детей Санкт-Петербург обзор | детские кружки СПб блогер | детские кружки Санкт-Петербург обзор | детские праздники Санкт-Петербург обзор | детские центры СПб блогер | детские центры Санкт-Петербург обзор | лучшие городские события Петербург | лучшие детские кружки Петербург | лучшие детские центры Петербург | стоматологии СПб блогер | стоматологии Санкт-Петербург обзор,2026-08-23T13:24:18.449317+00:00
8ed501d766650d8879f9,DQL LIFESTYLE,youtube,https://www.youtube.com/@dqllifestyle6376,dqllifestyle6376,Санкт-Петербург,42,nano,manual_only,original_profile_opened,https://www.youtube.com/@dqllifestyle6376,https://www.youtube.com/results?search_query=%D0%BB%D1%83%D1%87%D1%88%D0%B8%D0%B5+%D1%81%D0%B0%D0%BB%D0%BE%D0%BD%D1%8B+%D0%BA%D1%80%D0%B0%D1%81%D0%BE%D1%82%D1%8B+%D0%9F%D0%B5%D1%82%D0%B5%D1%80%D0%B1%D1%83%D1%80%D0%B3&hl=ru,https://www.youtube.com/watch?v=3ImRFyvhBk0,Видео «НА КОГТЯХ\ САЛОНЫ КРАСОТЫ\ СПБ\ BEAUTY KITCHEN\ ЗАГОРОДНЫЙ ПР.16\ МАНИКЮР\ DQL LIFESTYLE\ 06.09.2022» содержит явную привязку к городу.,False,лучшие маникюр Петербург | лучшие салоны красоты Петербург,2026-08-23T13:24:51.217200+00:00
489dfdf700cea2068a3b,Drew Coffee Brew,youtube,https://www.youtube.com/@drewcoffeebrew,drewcoffeebrew,Санкт-Петербург,11400,micro,manual_only,original_profile_opened,https://www.youtube.com/@drewcoffeebrew,https://www.youtube.com/results?search_query=%D0%BA%D0%BE%D1%84%D0%B5%D0%B9%D0%BD%D0%B8+%D0%A1%D0%B0%D0%BD%D0%BA%D1%82-%D0%9F%D0%B5%D1%82%D0%B5%D1%80%D0%B1%D1%83%D1%80%D0%B3+%D0%BE%D0%B1%D0%B7%D0%BE%D1%80&hl=ru,https://www.youtube.com/watch?v=aW2kVpBd1U0,Видео «Обзор КОФЕЙНИ SIBARISTICA / Санкт - Петербург» содержит явную привязку к городу.,False,кофейни Санкт-Петербург обзор,2026-08-23T13:24:49.655278+00:00
6b8cf7b2ba95f729c5ee,DSS  Group недвижимость,youtube,https://www.youtube.com/@dss3333,dss3333,Санкт-Петербург,28200,micro,manual_only,original_profile_opened,https://www.youtube.com/@dss3333,https://www.youtube.com/results?search_query=%D0%9A%D1%80%D0%BE%D0%BD%D1%88%D1%82%D0%B0%D0%B4%D1%82+%D1%81%D0%B5%D0%BC%D0%B5%D0%B9%D0%BD%D1%8B%D0%B9+%D0%BE%D0%B1%D0%B7%D0%BE%D1%80&hl=ru,https://www.youtube.com/watch?v=xrVJRrnRBIo,"Видео «КРОНШТАДТ. Жить или не жить. Обзор, цены, плюсы и минусы жизни.» содержит явную привязку к городу.",False,Кронштадт кафе обзор | Кронштадт обзор мест | Кронштадт семейный обзор | Сестрорецк обзор мест | Сестрорецк семейный обзор | жилые комплексы Санкт-Петербург обзор,2026-08-23T13:24:32.308181+00:00
ffc732dd710a856c1af5,Egor Eremeev,youtube,https://www.youtube.com/@EgorEremeev,EgorEremeev,Санкт-Петербург,149000,mid,manual_only,original_profile_opened,https://www.youtube.com/@EgorEremeev,https://www.youtube.com/results?search_query=%D0%9F%D0%B8%D1%82%D0%B5%D1%80+%D0%BD%D0%B5%D0%BE%D0%B1%D1%8B%D1%87%D0%BD%D1%8B%D0%B5+%D0%BC%D0%B5%D1%81%D1%82%D0%B0&hl=ru,https://www.youtube.com/watch?v=EZlUzDwk_8U,Видео «10 неочевидных и интересных мест Санкт-Петербурга. Что посмотреть в Питере?» содержит явную привязку к городу.,False,Питер необычные места,2026-08-23T13:24:16.371617+00:00
038b1a978291b3f63d73,Egor rc,youtube,https://www.youtube.com/@egorrc8573,egorrc8573,Санкт-Петербург,146,nano,manual_only,original_profile_opened,https://www.youtube.com/@egorrc8573,https://www.youtube.com/results?search_query=%D0%A0%D1%8B%D0%B1%D0%B0%D1%86%D0%BA%D0%BE%D0%B5+%D0%A1%D0%B0%D0%BD%D0%BA%D1%82-%D0%9F%D0%B5%D1%82%D0%B5%D1%80%D0%B1%D1%83%D1%80%D0%B3+%D0%B1%D0%BB%D0%BE%D0%B3&hl=ru,https://www.youtube.com/watch?v=3CKBBFkWMcA,Видео «Рыбацкое Санкт-Петербург Россия Rybatskoe» содержит явную привязку к городу.,False,Рыбацкое Санкт-Петербург блог,2026-08-23T13:24:42.002505+00:00
b0559e4cca022ee54f10,Ekaterina Salkova,youtube,https://www.youtube.com/@ekaterinasalkova7153,ekaterinasalkova7153,Санкт-Петербург,55,nano,manual_only,original_profile_opened,https://www.youtube.com/@ekaterinasalkova7153,https://www.youtube.com/results?search_query=%D0%A1%D0%B5%D1%81%D1%82%D1%80%D0%BE%D1%80%D0%B5%D1%86%D0%BA+%D0%BE%D0%B1%D0%B7%D0%BE%D1%80+%D0%BC%D0%B5%D1%81%D1%82&hl=ru,https://www.youtube.com/watch?v=t5LXNqaciiY,Видео «Финский залив. Лето 2021. Сестрорецк» содержит явную привязку к городу.,False,Сестрорецк обзор мест,2026-08-23T13:24:44.587134+00:00
f36b85616fce2013f4fa,Ekaterina🤍,youtube,https://www.youtube.com/@Kaitivionline,Kaitivionline,Санкт-Петербург,971,nano,manual_only,original_profile_opened,https://www.youtube.com/@Kaitivionline,https://www.youtube.com/results?search_query=%D0%BC%D0%B0%D1%81%D1%81%D0%B0%D0%B6+%D0%B8+SPA+%D0%A1%D0%9F%D0%B1+%D0%B1%D0%BB%D0%BE%D0%B3%D0%B5%D1%80&hl=ru,https://www.youtube.com/watch?v=dvBoWN-4N_Q,Видео «Тайский массаж в центре Петербурга🧖🏼‍♀️ #spa #spb #reels #reelsvideo #royalthai #массаж #relaxing» содержит явную привязку к городу.,False,массаж и SPA СПб блогер,2026-08-23T13:24:52.063933+00:00
8e850e7ac5f50097f35f,Elena Skorbilina,youtube,https://www.youtube.com/@Elena_Skorbilina,Elena_Skorbilina,Санкт-Петербург,2370,nano,manual_only,original_profile_opened,https://www.youtube.com/@Elena_Skorbilina,https://www.youtube.com/results?search_query=%D0%B2%D1%8B%D1%81%D1%82%D0%B0%D0%B2%D0%BA%D0%B8+%D0%A1%D0%B0%D0%BD%D0%BA%D1%82-%D0%9F%D0%B5%D1%82%D0%B5%D1%80%D0%B1%D1%83%D1%80%D0%B3+%D0%BE%D0%B1%D0%B7%D0%BE%D1%80&hl=ru,https://www.youtube.com/watch?v=vaZawRzqTvg,Видео «ТЦ ГАЛЕРЕЯ СПБ. МАГАЗИНЫ. САМЫЙ БОЛЬШОЙ ТОРГОВЫЙ ЦЕНТР В САНКТ-ПЕТЕРБУРГЕ.» содержит явную привязку к городу.,False,выставки Санкт-Петербург обзор,2026-08-23T13:24:59.552727+00:00
0ea1a48f13357db07343,Elizaveta Kovaleva,youtube,https://www.youtube.com/@liza_kov7,liza_kov7,Санкт-Петербург,2100,nano,manual_only,original_profile_opened,https://www.youtube.com/@liza_kov7,https://www.youtube.com/results?search_query=%D0%9A%D0%BE%D0%BB%D0%BF%D0%B8%D0%BD%D1%81%D0%BA%D0%B8%D0%B9+%D1%80%D0%B0%D0%B9%D0%BE%D0%BD+%D0%BA%D1%83%D0%B4%D0%B0+%D1%81%D1%85%D0%BE%D0%B4%D0%B8%D1%82%D1%8C&hl=ru,https://www.youtube.com/watch?v=HB6TxqIndCQ,"Видео «Три места в Колпино, где можно сытно поесть до 500 рублей на человека. #спб #колпино #едаспб» содержит явную привязку к городу.",False,Колпинский район куда сходить | Лахта кафе обзор | Лахта обзор мест | детские праздники Питер shorts,2026-08-23T13:24:32.099342+00:00
a60e9b3a6891605d4866,Elizaveta Shubakova,youtube,https://www.youtube.com/@elizavetashubakova,elizavetashubakova,Санкт-Петербург,5,nano,manual_only,original_profile_opened,https://www.youtube.com/@elizavetashubakova,https://www.youtube.com/results?search_query=%D0%9A%D0%B0%D0%BB%D0%B8%D0%BD%D0%B8%D0%BD%D1%81%D0%BA%D0%B8%D0%B9+%D1%80%D0%B0%D0%B9%D0%BE%D0%BD+%D0%BE%D0%B1%D0%B7%D0%BE%D1%80+%D0%BC%D0%B5%D1%81%D1%82&hl=ru,https://www.youtube.com/watch?v=1gLTRMG8DmE,Видео «Калининский район Санкт-Петербурга» содержит явную привязку к городу.,False,Калининский район Санкт-Петербург блог | Калининский район обзор мест,2026-08-23T13:24:27.749422+00:00
cee3fc234eaadfe9af6f,elkax,youtube,https://www.youtube.com/@ellkaxv,ellkaxv,Санкт-Петербург,216,nano,manual_only,original_profile_opened,https://www.youtube.com/@ellkaxv,https://www.youtube.com/results?search_query=%D0%9F%D0%B5%D1%82%D0%B5%D1%80%D0%B3%D0%BE%D1%84+%D0%A1%D0%B0%D0%BD%D0%BA%D1%82-%D0%9F%D0%B5%D1%82%D0%B5%D1%80%D0%B1%D1%83%D1%80%D0%B3+%D0%B1%D0%BB%D0%BE%D0%B3&hl=ru,https://www.youtube.com/watch?v=K5Dit16foIc,Видео «влог из питера || посетила петергоф» содержит явную привязку к городу.,False,Петергоф Санкт-Петербург блог,2026-08-23T13:24:44.080226+00:00
1cda8bbe8148aefb2f05,Ellen Hemulen,youtube,https://www.youtube.com/@Ellen_Hemulen,Ellen_Hemulen,Санкт-Петербург,228,nano,manual_only,original_profile_opened,https://www.youtube.com/@Ellen_Hemulen,https://www.youtube.com/results?search_query=%D0%BA%D0%BD%D0%B8%D0%B6%D0%BD%D1%8B%D0%B5+%D0%BC%D0%B0%D0%B3%D0%B0%D0%B7%D0%B8%D0%BD%D1%8B+%D0%A1%D0%B0%D0%BD%D0%BA%D1%82-%D0%9F%D0%B5%D1%82%D0%B5%D1%80%D0%B1%D1%83%D1%80%D0%B3+%D0%BE%D0%B1%D0%B7%D0%BE%D1%80&hl=ru,https://www.youtube.com/watch?v=C3mrsjAylNU,Видео «ГДЕ ПОКУПАТЬ КНИГИ В СПБ» содержит явную привязку к городу.,False,книжные магазины СПб блогер | книжные магазины Санкт-Петербург обзор,2026-08-23T13:25:06.280020+00:00
eda676564ceada491260,Emili Erlagaeva,youtube,https://www.youtube.com/@emili_erl,emili_erl,Санкт-Петербург,15,nano,manual_only,original_profile_opened,https://www.youtube.com/@emili_erl,https://www.youtube.com/results?search_query=%D0%9A%D1%80%D0%BE%D0%BD%D1%88%D1%82%D0%B0%D0%B4%D1%82+%D0%A1%D0%B0%D0%BD%D0%BA%D1%82-%D0%9F%D0%B5%D1%82%D0%B5%D1%80%D0%B1%D1%83%D1%80%D0%B3+%D0%B1%D0%BB%D0%BE%D0%B3&hl=ru,https://www.youtube.com/watch?v=YNFPn5jTZCo,"Видео «2. VLOG | Санкт-Петербург: Питер, Кронштадт, друзья» содержит явную привязку к городу.",False,Кронштадт Санкт-Петербург блог,2026-08-23T13:24:33.397016+00:00
df38aa0073ef73c444bd,Enestetion K,youtube,https://www.youtube.com/@enest_k,enest_k,Санкт-Петербург,41000,micro,manual_only,original_profile_opened,https://www.youtube.com/@enest_k,https://www.youtube.com/results?search_query=%D0%B4%D0%B5%D1%82%D1%81%D0%BA%D0%B8%D0%B5+%D1%86%D0%B5%D0%BD%D1%82%D1%80%D1%8B+%D0%A1%D0%B0%D0%BD%D0%BA%D1%82-%D0%9F%D0%B5%D1%82%D0%B5%D1%80%D0%B1%D1%83%D1%80%D0%B3+%D0%BE%D0%B1%D0%B7%D0%BE%D1%80&hl=ru,https://www.youtube.com/watch?v=-H5zVUX_FXg,Видео «JOKI JOYA ПАРК РАЗВЛЕЧЕНИЙ|КУДА СХОДИТЬ С СЕМЬЕЙ В СПБ?|МИР ГЛАЗАМИ ENEST» содержит явную привязку к городу.,False,детские центры Санкт-Петербург обзор,2026-08-23T13:24:53.711017+00:00
11b6fc406f59f31ce60b,Eto bAZA,youtube,https://www.youtube.com/@ETObazaETObaza,ETObazaETObaza,Санкт-Петербург,42,nano,manual_only,original_profile_opened,https://www.youtube.com/@ETObazaETObaza,https://www.youtube.com/results?search_query=%D0%A1%D0%B5%D1%81%D1%82%D1%80%D0%BE%D1%80%D0%B5%D1%86%D0%BA+%D0%A1%D0%B0%D0%BD%D0%BA%D1%82-%D0%9F%D0%B5%D1%82%D0%B5%D1%80%D0%B1%D1%83%D1%80%D0%B3+%D0%B1%D0%BB%D0%BE%D0%B3&hl=ru,https://www.youtube.com/watch?v=Y4u9k6oKEOU,Видео «Влог из Санкт-Петербурга. В поисках искусства. Что делать в Питере?» содержит явную привязку к городу.,False,Пушкин Санкт-Петербург блог | Сестрорецк Санкт-Петербург блог,2026-08-23T13:24:42.333712+00:00
4f595daea0c89d4c1187,etoweja,youtube,https://www.youtube.com/@etoweja,etoweja,Санкт-Петербург,31,nano,manual_only,original_profile_opened,https://www.youtube.com/@etoweja,https://www.youtube.com/results?search_query=%D0%9E%D0%B7%D0%B5%D1%80%D0%BA%D0%B8+%D0%A1%D0%B0%D0%BD%D0%BA%D1%82-%D0%9F%D0%B5%D1%82%D0%B5%D1%80%D0%B1%D1%83%D1%80%D0%B3+%D0%B1%D0%BB%D0%BE%D0%B3&hl=ru,https://www.youtube.com/watch?v=toeRugV2F9g,Видео «пару дней в Санкт Петербурге | Выборг» содержит явную привязку к городу.,False,Озерки Санкт-Петербург блог,2026-08-23T13:24:38.794109+00:00
8cd4c1898486f15223f7,Event Club,youtube,https://www.youtube.com/@eventclubspb,eventclubspb,Санкт-Петербург,4,nano,manual_only,original_profile_opened,https://www.youtube.com/@eventclubspb,https://www.youtube.com/results?search_query=%D0%BB%D1%83%D1%87%D1%88%D0%B8%D0%B5+%D0%BE%D1%80%D0%B3%D0%B0%D0%BD%D0%B8%D0%B7%D0%B0%D1%82%D0%BE%D1%80%D1%8B+%D0%BC%D0%B5%D1%80%D0%BE%D0%BF%D1%80%D0%B8%D1%8F%D1%82%D0%B8%D0%B9+%D0%9F%D0%B5%D1%82%D0%B5%D1%80%D0%B1%D1%83%D1%80%D0%B3&hl=ru,https://www.youtube.com/watch?v=aOmqyaW6g4k,Видео «Event Club - Организация мероприятий в Санкт-Петербурге | Шоурил 2026» содержит явную привязку к городу.,False,лучшие организаторы мероприятий Петербург,2026-08-23T13:25:03.426397+00:00
54b488f85a8129b0ebf8,EVENT РЕВИЗОРРО. ПОДБОР ПЛОЩАДКИ И ОТЕЛЯ.,youtube,https://www.youtube.com/@ValentinaEvent,ValentinaEvent,Санкт-Петербург,26300,micro,manual_only,original_profile_opened,https://www.youtube.com/@ValentinaEvent,https://www.youtube.com/results?search_query=%D0%BB%D1%83%D1%87%D1%88%D0%B8%D0%B5+%D0%BE%D1%80%D0%B3%D0%B0%D0%BD%D0%B8%D0%B7%D0%B0%D1%82%D0%BE%D1%80%D1%8B+%D0%BC%D0%B5%D1%80%D0%BE%D0%BF%D1%80%D0%B8%D1%8F%D1%82%D0%B8%D0%B9+%D0%9F%D0%B5%D1%82%D0%B5%D1%80%D0%B1%D1%83%D1%80%D0%B3&hl=ru,https://www.youtube.com/watch?v=SxW378bDDR0,Видео «Обзор на ЛОФТ ХОЛЛ №7 в Питере. Ревизорро и организатор мероприятия Валентина Ковердяева в СПБ.» содержит явную привязку к городу.,False,лучшие организаторы мероприятий Петербург,2026-08-23T13:25:03.415012+00:00
3a5b3e2330d8b989c97c,Evromedika SPb,youtube,https://www.youtube.com/@evromedikaspb4869,evromedikaspb4869,Санкт-Петербург,4,nano,manual_only,original_profile_opened,https://www.youtube.com/@evromedikaspb4869,https://www.youtube.com/results?search_query=%D0%BB%D1%83%D1%87%D1%88%D0%B8%D0%B5+%D1%87%D0%B0%D1%81%D1%82%D0%BD%D1%8B%D0%B5+%D0%BA%D0%BB%D0%B8%D0%BD%D0%B8%D0%BA%D0%B8+%D0%9F%D0%B5%D1%82%D0%B5%D1%80%D0%B1%D1%83%D1%80%D0%B3&hl=ru,https://www.youtube.com/watch?v=dJdRODxNIqo,Видео «Медицинская клиника ЕвроМедика» содержит явную привязку к городу.,False,лучшие частные клиники Петербург,2026-08-23T13:24:53.329188+00:00
77f7b53861973d96200d,Excursions in St. Petersburg from Pasha,youtube,https://www.youtube.com/@Pacha1985,Pacha1985,Санкт-Петербург,836,nano,manual_only,original_profile_opened,https://www.youtube.com/@Pacha1985,https://www.youtube.com/results?search_query=%D0%9B%D1%8B%D0%B6%D0%BD%D1%8B%D0%B9+2+%D0%A1%D0%B0%D0%BD%D0%BA%D1%82-%D0%9F%D0%B5%D1%82%D0%B5%D1%80%D0%B1%D1%83%D1%80%D0%B3+%D0%BE%D0%B1%D0%B7%D0%BE%D1%80&hl=ru,https://www.youtube.com/watch?v=Sgn8leAyfug,"Видео «Лыжный переулок, города Санкт-Петербург» содержит явную привязку к городу.",True,Лыжный 2 Санкт-Петербург обзор,2026-08-23T13:24:23.277146+00:00
3406fbb10ad7f2ce4d18,FAMILY VENTANA,youtube,https://www.youtube.com/@familyventana6241,familyventana6241,Санкт-Петербург,7170,nano,manual_only,original_profile_opened,https://www.youtube.com/@familyventana6241,https://www.youtube.com/results?search_query=%D0%BB%D1%83%D1%87%D1%88%D0%B8%D0%B5+%D0%BA%D0%BE%D0%BD%D1%86%D0%B5%D1%80%D1%82%D1%8B+%D0%9F%D0%B5%D1%82%D0%B5%D1%80%D0%B1%D1%83%D1%80%D0%B3&hl=ru,https://www.youtube.com/watch?v=wRzJwuJNm6c,Видео «Концерт Маши Распутиной 14.09.2024 Санкт-Петербург» содержит явную привязку к городу.,False,лучшие концерты Петербург,2026-08-23T13:25:00.025995+00:00
76b6fe55e331d9dc8a6f,fanfaron.frunun,youtube,https://www.youtube.com/@fanfaron.frunun9275,fanfaron.frunun9275,Санкт-Петербург,2010,nano,manual_only,original_profile_opened,https://www.youtube.com/@fanfaron.frunun9275,https://www.youtube.com/results?search_query=%D0%BA%D0%BE%D0%BD%D1%86%D0%B5%D1%80%D1%82%D1%8B+%D0%A1%D0%B0%D0%BD%D0%BA%D1%82-%D0%9F%D0%B5%D1%82%D0%B5%D1%80%D0%B1%D1%83%D1%80%D0%B3+%D0%BE%D0%B1%D0%B7%D0%BE%D1%80&hl=ru,https://www.youtube.com/watch?v=T6p7bYlKK7A,Видео «Группа КИНО - «Невероятный концерт» 04.07.2026 г. Санкт-Петербург (СКА Арена) Весь концерт» содержит явную привязку к городу.,False,концерты Санкт-Петербург обзор,2026-08-23T13:24:57.822305+00:00
a66be873a36df15a7edd,Fisher Group,youtube,https://www.youtube.com/@FisherGroup.official,FisherGroup.official,Санкт-Петербург,479,nano,manual_only,original_profile_opened,https://www.youtube.com/@FisherGroup.official,https://www.youtube.com/results?search_query=%D0%A8%D1%83%D1%88%D0%B0%D1%80%D1%8B+%D0%A1%D0%B0%D0%BD%D0%BA%D1%82-%D0%9F%D0%B5%D1%82%D0%B5%D1%80%D0%B1%D1%83%D1%80%D0%B3+%D0%B1%D0%BB%D0%BE%D0%B3&hl=ru,https://www.youtube.com/watch?v=eKhr0Z_1JtQ,Видео «Шушары | Альтернатива города или ловушка для новичка?» содержит явную привязку к городу.,False,Шушары Санкт-Петербург блог | Шушары кафе обзор | Шушары куда сходить | Шушары обзор мест | Шушары семейный обзор,2026-08-23T13:24:44.834060+00:00
9dc937b111583194c719,Fitness House,youtube,https://www.youtube.com/@fitnessHouse6100606,fitnessHouse6100606,Санкт-Петербург,9190,nano,manual_only,original_profile_opened,https://www.youtube.com/@fitnessHouse6100606,https://www.youtube.com/results?search_query=Fitness+House+%D0%A1%D0%B0%D0%BD%D0%BA%D1%82-%D0%9F%D0%B5%D1%82%D0%B5%D1%80%D0%B1%D1%83%D1%80%D0%B3+%D0%BE%D0%B1%D0%B7%D0%BE%D1%80&hl=ru,https://www.youtube.com/watch?v=SvSRIDO3mBI,Видео «Инструкторы Fitness House - Лицом к лицу//клуб на Васильевском Санкт-Петербург» содержит явную привязку к городу.,True,Fitness House Санкт-Петербург обзор,2026-08-23T13:24:23.589145+00:00
6976b8f8efe4381a3edd,Fitness Plaza,youtube,https://www.youtube.com/@FitnessPlazaSpb,FitnessPlazaSpb,Санкт-Петербург,47,nano,manual_only,original_profile_opened,https://www.youtube.com/@FitnessPlazaSpb,https://www.youtube.com/results?search_query=%D1%84%D0%B8%D1%82%D0%BD%D0%B5%D1%81+%D0%A1%D0%B0%D0%BD%D0%BA%D1%82-%D0%9F%D0%B5%D1%82%D0%B5%D1%80%D0%B1%D1%83%D1%80%D0%B3+%D0%BE%D0%B1%D0%B7%D0%BE%D1%80&hl=ru,https://www.youtube.com/watch?v=rJ-oWY4DVIw,Видео «Полный обзор Fitness Plaza а Санкт-Петербурге» содержит явную привязку к городу.,False,фитнес Санкт-Петербург обзор,2026-08-23T13:24:52.839316+00:00
5ba46f6ce800b724fd07,FitPremium EMS,youtube,https://www.youtube.com/@fitpremiumems4367,fitpremiumems4367,Санкт-Петербург,74,nano,manual_only,original_profile_opened,https://www.youtube.com/@fitpremiumems4367,https://www.youtube.com/results?search_query=S%26b+%D1%81%D1%82%D1%83%D0%B4%D0%B8%D1%8F+EMS-%D1%84%D0%B8%D1%82%D0%BD%D0%B5%D1%81%D0%B0+%D0%A1%D0%B0%D0%BD%D0%BA%D1%82-%D0%9F%D0%B5%D1%82%D0%B5%D1%80%D0%B1%D1%83%D1%80%D0%B3+%D0%BE%D0%B1%D0%B7%D0%BE%D1%80&hl=ru,https://www.youtube.com/watch?v=-2qMsa0qU7k,Видео «EMS или обычный фитнес?» содержит явную привязку к городу.,True,S&b студия EMS-фитнеса Санкт-Петербург обзор,2026-08-23T13:24:23.522215+00:00
0a369183b38dbe9ae5e1,FIX HAUS,youtube,https://www.youtube.com/@fixhausforyou,fixhausforyou,Санкт-Петербург,277,nano,manual_only,original_profile_opened,https://www.youtube.com/@fixhausforyou,https://www.youtube.com/results?search_query=%D0%A2%D1%80%D0%B8+%D0%B2%D0%B5%D1%82%D1%80%D0%B0+%D0%B6%D0%B8%D0%BB%D0%BE%D0%B9+%D0%BA%D0%BE%D0%BC%D0%BF%D0%BB%D0%B5%D0%BA%D1%81+%D0%A1%D0%B0%D0%BD%D0%BA%D1%82-%D0%9F%D0%B5%D1%82%D0%B5%D1%80%D0%B1%D1%83%D1%80%D0%B3+%D0%BE%D0%B1%D0%B7%D0%BE%D1%80&hl=ru,https://www.youtube.com/watch?v=Y-EaDG_dUuQ,"Видео «Дизайн интерьера в ЖК ""Три Ветра""  #shorts #fixhaus  #fixhaus_триветра #стройка #дизайнинтерьера» содержит явную привязку к городу.",True,Три ветра жилой комплекс Санкт-Петербург обзор,2026-08-23T13:24:24.511273+00:00
8b72728e4a73f62a532a,FONBET Кубок России,youtube,https://www.youtube.com/@russiancup_official,russiancup_official,Санкт-Петербург,119000,mid,manual_only,original_profile_opened,https://www.youtube.com/@russiancup_official,https://www.youtube.com/results?search_query=%D1%81%D0%BF%D0%BE%D1%80%D1%82+%D0%A1%D0%B0%D0%BD%D0%BA%D1%82-%D0%9F%D0%B5%D1%82%D0%B5%D1%80%D0%B1%D1%83%D1%80%D0%B3+%D0%BE%D0%B1%D0%B7%D0%BE%D1%80&hl=ru,https://www.youtube.com/watch?v=SGNr9ZK3gvA,"Видео «ДИНАМО-СПБ – ФК10, ОБЗОР МАТЧА | FONBET Кубок России 2026/27. Путь регионов, 2-й раунд» содержит явную привязку к городу.",False,спорт Санкт-Петербург обзор,2026-08-23T13:25:05.334654+00:00
a688cc51ffc3a7735586,Fontanka Ru,youtube,https://www.youtube.com/@fontankaRU,fontankaRU,Санкт-Петербург,90600,micro,manual_only,original_profile_opened,https://www.youtube.com/@fontankaRU,https://www.youtube.com/results?search_query=%D0%BB%D1%83%D1%87%D1%88%D0%B8%D0%B5+%D1%87%D0%B0%D1%81%D1%82%D0%BD%D1%8B%D0%B5+%D0%BA%D0%BB%D0%B8%D0%BD%D0%B8%D0%BA%D0%B8+%D0%9F%D0%B5%D1%82%D0%B5%D1%80%D0%B1%D1%83%D1%80%D0%B3&hl=ru,https://www.youtube.com/watch?v=dHutULmfaqo,Видео ««Супермаркет медицинских услуг». Как работают частные многопрофильные клиники Петербурга» содержит явную привязку к городу.,False,лучшие частные клиники Петербург,2026-08-23T13:24:53.794424+00:00
cbe3b454a28d3a056610,Foveonyc,youtube,https://www.youtube.com/@foveonyc,foveonyc,Санкт-Петербург,2890,nano,manual_only,original_profile_opened,https://www.youtube.com/@foveonyc,https://www.youtube.com/results?search_query=%D0%9F%D1%80%D0%B8%D0%BC%D0%BE%D1%80%D1%81%D0%BA%D0%B8%D0%B9+%D1%80%D0%B0%D0%B9%D0%BE%D0%BD+%D0%A1%D0%B0%D0%BD%D0%BA%D1%82-%D0%9F%D0%B5%D1%82%D0%B5%D1%80%D0%B1%D1%83%D1%80%D0%B3+%D0%B1%D0%BB%D0%BE%D0%B3&hl=ru,https://www.youtube.com/watch?v=dCMQjwVU8Vc,Видео «Приморский район на авто Санкт-Петербург с @foveonyc» содержит явную привязку к городу.,False,Приморский район Санкт-Петербург блог,2026-08-23T13:24:37.240450+00:00
11df4ff2acbcb28772f2,Frankfurt Life,youtube,https://www.youtube.com/@frankfurtlife864,frankfurtlife864,Санкт-Петербург,2590,nano,manual_only,original_profile_opened,https://www.youtube.com/@frankfurtlife864,https://www.youtube.com/results?search_query=%D0%9A%D1%80%D0%B0%D1%81%D0%BD%D0%BE%D0%B3%D0%B2%D0%B0%D1%80%D0%B4%D0%B5%D0%B9%D1%81%D0%BA%D0%B8%D0%B9+%D1%80%D0%B0%D0%B9%D0%BE%D0%BD+%D0%BE%D0%B1%D0%B7%D0%BE%D1%80+%D0%BC%D0%B5%D1%81%D1%82&hl=ru,https://www.youtube.com/watch?v=tzjEyp7mlzE,"Видео «Дом и улица детства 27 лет спустя. Санкт Петербург, Красногвардейский район, улица Тухачевского» содержит явную привязку к городу.",False,Красногвардейский район Санкт-Петербург блог | Красногвардейский район куда сходить | Красногвардейский район обзор мест,2026-08-23T13:24:32.304317+00:00
d9f0d2bccf3d474d5c33,Freelance RU,youtube,https://www.youtube.com/@FreelanceRU_official,FreelanceRU_official,Санкт-Петербург,622,nano,manual_only,original_profile_opened,https://www.youtube.com/@FreelanceRU_official,https://www.youtube.com/results?search_query=%D0%BC%D0%B0%D1%80%D0%BA%D0%B5%D1%82%D0%BE%D0%BB%D0%BE%D0%B3%D0%B8+%D0%A1%D0%B0%D0%BD%D0%BA%D1%82-%D0%9F%D0%B5%D1%82%D0%B5%D1%80%D0%B1%D1%83%D1%80%D0%B3+%D0%BE%D0%B1%D0%B7%D0%BE%D1%80&hl=ru,https://www.youtube.com/watch?v=-PFsAb2dITA,Видео «В гостях у Freelance.RU Интернет-маркетолог и   SMM эксперт Елена Бахлова (Санкт-Петербург)» содержит явную привязку к городу.,False,маркетологи Санкт-Петербург обзор,2026-08-23T13:25:06.836720+00:00
f7a415c195bd9fb175d8,FrunzenskiySpb,youtube,https://www.youtube.com/@FrunzenskiySpb,FrunzenskiySpb,Санкт-Петербург,415,nano,manual_only,original_profile_opened,https://www.youtube.com/@FrunzenskiySpb,https://www.youtube.com/results?search_query=%D0%A4%D1%80%D1%83%D0%BD%D0%B7%D0%B5%D0%BD%D1%81%D0%BA%D0%B8%D0%B9+%D1%80%D0%B0%D0%B9%D0%BE%D0%BD+%D0%A1%D0%B0%D0%BD%D0%BA%D1%82-%D0%9F%D0%B5%D1%82%D0%B5%D1%80%D0%B1%D1%83%D1%80%D0%B3+%D0%B1%D0%BB%D0%BE%D0%B3&hl=ru,https://www.youtube.com/watch?v=gJMmdr-t0qY,Видео «Фрунзенский район: История развития» содержит явную привязку к городу.,False,Фрунзенский район Санкт-Петербург блог | Фрунзенский район куда сходить | Фрунзенский район обзор мест | Фрунзенский район семейный обзор,2026-08-23T13:24:36.838969+00:00
f9dc0e2b92a20de7654c,Fun City - город развлечений,youtube,https://www.youtube.com/@funcity-5938,funcity-5938,Санкт-Петербург,16,nano,manual_only,original_profile_opened,https://www.youtube.com/@funcity-5938,https://www.youtube.com/results?search_query=FunCity+%D0%A1%D0%B0%D0%BD%D0%BA%D1%82-%D0%9F%D0%B5%D1%82%D0%B5%D1%80%D0%B1%D1%83%D1%80%D0%B3+%D0%BE%D0%B1%D0%B7%D0%BE%D1%80&hl=ru,https://www.youtube.com/watch?v=QIQTWontshc,Видео «Fun City - cемейный развлекательный центр» содержит явную привязку к городу.,True,FunCity Санкт-Петербург обзор,2026-08-23T13:24:20.123176+00:00
e544dc1c467e183c3f6f,Galina Karbasova,youtube,https://www.youtube.com/@Little_Star_Liza,Little_Star_Liza,Санкт-Петербург,34,nano,manual_only,original_profile_opened,https://www.youtube.com/@Little_Star_Liza,https://www.youtube.com/results?search_query=%D0%B4%D0%B5%D1%82%D1%81%D0%BA%D0%B8%D0%B5+%D1%86%D0%B5%D0%BD%D1%82%D1%80%D1%8B+%D0%9F%D0%B8%D1%82%D0%B5%D1%80+shorts&hl=ru,https://www.youtube.com/watch?v=MuA-lUPCL54,Видео «Детский развлекательный центр в Санкт-Петербурге. Юная гонщица...» содержит явную привязку к городу.,False,детские центры Питер shorts,2026-08-23T13:24:53.145360+00:00
757a9e82a207a1cfd16a,GANIYEV_97,youtube,https://www.youtube.com/@_GANIYEV_97,_GANIYEV_97,Санкт-Петербург,8,nano,manual_only,original_profile_opened,https://www.youtube.com/@_GANIYEV_97,https://www.youtube.com/results?search_query=%D0%90%D0%B4%D0%BC%D0%B8%D1%80%D0%B0%D0%BB%D1%82%D0%B5%D0%B9%D1%81%D0%BA%D0%B8%D0%B9+%D1%80%D0%B0%D0%B9%D0%BE%D0%BD+%D0%A1%D0%B0%D0%BD%D0%BA%D1%82-%D0%9F%D0%B5%D1%82%D0%B5%D1%80%D0%B1%D1%83%D1%80%D0%B3+%D0%B1%D0%BB%D0%BE%D0%B3&hl=ru,https://www.youtube.com/watch?v=kskHiFTSKnQ,Видео «Россия Санкт-Петербург Адмиралтейский район» содержит явную привязку к городу.,False,Адмиралтейский район Санкт-Петербург блог | Адмиралтейский район куда сходить,2026-08-23T13:24:25.575210+00:00
eadc29623952e11ceddb,Garden Group: Всё о ландшафтном дизайне,youtube,https://www.youtube.com/@GardenGroup,GardenGroup,Санкт-Петербург,32600,micro,manual_only,original_profile_opened,https://www.youtube.com/@GardenGroup,https://www.youtube.com/results?search_query=%D0%9D%D0%BE%D0%B2%D0%B0%D1%8F+%D0%93%D0%BE%D0%BB%D0%BB%D0%B0%D0%BD%D0%B4%D0%B8%D1%8F+%D0%BA%D1%83%D0%B4%D0%B0+%D1%81%D1%85%D0%BE%D0%B4%D0%B8%D1%82%D1%8C&hl=ru,https://www.youtube.com/watch?v=__qHqjPQatM,Видео «Куда сходить в Петербурге? Парк Новая Голландия» содержит явную привязку к городу.,False,Новая Голландия куда сходить,2026-08-23T13:24:47.411551+00:00
f333c7a36f5434d13dff,GDX TRIP,youtube,https://www.youtube.com/@tripGDX,tripGDX,Санкт-Петербург,34,nano,manual_only,original_profile_opened,https://www.youtube.com/@tripGDX,https://www.youtube.com/results?search_query=%D0%BB%D1%83%D1%87%D1%88%D0%B8%D0%B5+%D0%BA%D0%B0%D1%84%D0%B5+%D0%9F%D0%B5%D1%82%D0%B5%D1%80%D0%B1%D1%83%D1%80%D0%B3&hl=ru,https://www.youtube.com/watch?v=IOrZm0v5Oeo,Видео «Лучшие бары и рюмочные Санкт-Петербурга 🍻 Бар-хоппинг по Питеру | Честный обзор заведений» содержит явную привязку к городу.,False,лучшие кафе Петербург,2026-08-23T13:24:49.709388+00:00
2a5fff6aa0a39e022212,GEO Vacation,youtube,https://www.youtube.com/@geovacation,geovacation,Санкт-Петербург,5420,nano,manual_only,original_profile_opened,https://www.youtube.com/@geovacation,https://www.youtube.com/results?search_query=%D0%BE%D1%82%D0%B5%D0%BB%D0%B8+%D0%A1%D0%B0%D0%BD%D0%BA%D1%82-%D0%9F%D0%B5%D1%82%D0%B5%D1%80%D0%B1%D1%83%D1%80%D0%B3+%D0%BE%D0%B1%D0%B7%D0%BE%D1%80&hl=ru,https://www.youtube.com/watch?v=0dNTRCt34XM,Видео «Отель «Санкт-Петербург» на Пироговской набережной» содержит явную привязку к городу.,False,отели СПб блогер | отели Санкт-Петербург обзор,2026-08-23T13:25:03.608168+00:00
29be312849d538afada2,giss1585,youtube,https://www.youtube.com/@giss1585,giss1585,Санкт-Петербург,489,nano,manual_only,original_profile_opened,https://www.youtube.com/@giss1585,https://www.youtube.com/results?search_query=%D0%9A%D0%BE%D0%BC%D0%B5%D0%BD%D0%B4%D0%B0%D0%BD%D1%82%D1%81%D0%BA%D0%B8%D0%B9+%D0%BF%D1%80%D0%BE%D1%81%D0%BF%D0%B5%D0%BA%D1%82+%D0%A1%D0%B0%D0%BD%D0%BA%D1%82-%D0%9F%D0%B5%D1%82%D0%B5%D1%80%D0%B1%D1%83%D1%80%D0%B3+%D0%B1%D0%BB%D0%BE%D0%B3&hl=ru,https://www.youtube.com/watch?v=yjasrRlIVC4,Видео «Санкт-Петербург. Велопргулка Дибуны-Комендантский пр. 27.07.2024г.» содержит явную привязку к городу.,False,Комендантский проспект Санкт-Петербург блог,2026-08-23T13:24:39.736950+00:00
d08f627bff06dd053d2f,good look blog,youtube,https://www.youtube.com/@goodlookblog,goodlookblog,Санкт-Петербург,4460,nano,manual_only,original_profile_opened,https://www.youtube.com/@goodlookblog,https://www.youtube.com/results?search_query=MBC+School+%D0%A1%D0%B0%D0%BD%D0%BA%D1%82-%D0%9F%D0%B5%D1%82%D0%B5%D1%80%D0%B1%D1%83%D1%80%D0%B3+%D0%BE%D0%B1%D0%B7%D0%BE%D1%80&hl=ru,https://www.youtube.com/watch?v=z3Y7ooshHCk,Видео «50. АУТЛЕТ “КАПИТОЛИЙ” // ОДЕЖДА И ОБУВЬ СО СКИДКАМИ» содержит явную привязку к городу.,True,MBC School Санкт-Петербург обзор | локальные бренды Санкт-Петербург обзор | лучшие магазины одежды Петербург | магазины одежды Санкт-Петербург обзор,2026-08-23T13:24:20.689459+00:00
c7e11c84c2eb0126b6f7,Goodstom,youtube,https://www.youtube.com/@deniss961,deniss961,Санкт-Петербург,62,nano,manual_only,original_profile_opened,https://www.youtube.com/@deniss961,https://www.youtube.com/results?search_query=%D0%BB%D1%83%D1%87%D1%88%D0%B8%D0%B5+%D1%81%D1%82%D0%BE%D0%BC%D0%B0%D1%82%D0%BE%D0%BB%D0%BE%D0%B3%D0%B8%D0%B8+%D0%9F%D0%B5%D1%82%D0%B5%D1%80%D0%B1%D1%83%D1%80%D0%B3&hl=ru,https://www.youtube.com/watch?v=DHLcLP1PaN8,Видео «Хорошая стоматология в Санкт-Петербурге» содержит явную привязку к городу.,False,лучшие стоматологии Петербург,2026-08-23T13:24:53.631707+00:00
bc3fdc41e05b4cebf651,Gorod Plus,youtube,https://www.youtube.com/@GorodPlus,GorodPlus,Санкт-Петербург,51600,micro,manual_only,original_profile_opened,https://www.youtube.com/@GorodPlus,https://www.youtube.com/results?search_query=%D0%9D%D0%BE%D0%B2%D0%B0%D1%8F+%D0%93%D0%BE%D0%BB%D0%BB%D0%B0%D0%BD%D0%B4%D0%B8%D1%8F+%D0%BE%D0%B1%D0%B7%D0%BE%D1%80+%D0%BC%D0%B5%D1%81%D1%82&hl=ru,https://www.youtube.com/watch?v=E2mBku13Bg4,Видео «Остров Новая Голландия» содержит явную привязку к городу.,False,Новая Голландия обзор мест,2026-08-23T13:24:46.787321+00:00
f864ef1bbba48f6c088b,Grand-House Недвижимость СПБ. Строительство,youtube,https://www.youtube.com/@grand-house.4505,grand-house.4505,Санкт-Петербург,4130,nano,manual_only,original_profile_opened,https://www.youtube.com/@grand-house.4505,https://www.youtube.com/results?search_query=%D0%9A%D1%80%D0%B0%D1%81%D0%BD%D0%BE%D1%81%D0%B5%D0%BB%D1%8C%D1%81%D0%BA%D0%B8%D0%B9+%D1%80%D0%B0%D0%B9%D0%BE%D0%BD+%D0%A1%D0%B0%D0%BD%D0%BA%D1%82-%D0%9F%D0%B5%D1%82%D0%B5%D1%80%D0%B1%D1%83%D1%80%D0%B3+%D0%B1%D0%BB%D0%BE%D0%B3&hl=ru,https://www.youtube.com/watch?v=83vOIOlejuk,Видео «Красносельский район СПб/Переехать жить в Питер/В Питере жить» содержит явную привязку к городу.,False,Красносельский район Санкт-Петербург блог | Красносельский район семейный обзор,2026-08-23T13:24:33.292628+00:00
5ee2a4e392681c285149,GrandExam,youtube,https://www.youtube.com/@GrandExam,GrandExam,Санкт-Петербург,190000,mid,manual_only,original_profile_opened,https://www.youtube.com/@GrandExam,https://www.youtube.com/results?search_query=%D0%BE%D0%B1%D1%80%D0%B0%D0%B7%D0%BE%D0%B2%D0%B0%D0%BD%D0%B8%D0%B5+%D0%A1%D0%B0%D0%BD%D0%BA%D1%82-%D0%9F%D0%B5%D1%82%D0%B5%D1%80%D0%B1%D1%83%D1%80%D0%B3+%D0%BE%D0%B1%D0%B7%D0%BE%D1%80&hl=ru,https://www.youtube.com/watch?v=6-82MrvdKQw,"Видео «Сколько нужно баллов и денег, чтобы поступить в вуз в Питер - аналитика по вузам Санкт-Петербурга» содержит явную привязку к городу.",False,лучшие образование Петербург | образование Санкт-Петербург обзор,2026-08-23T13:25:06.008418+00:00
a2c571e2cc841c2a7129,Green Tomato _ official,youtube,https://www.youtube.com/@vanyusha_official,vanyusha_official,Санкт-Петербург,2880,nano,manual_only,original_profile_opened,https://www.youtube.com/@vanyusha_official,https://www.youtube.com/results?search_query=%D0%92%D1%8B%D0%B1%D0%BE%D1%80%D0%B3%D1%81%D0%BA%D0%B8%D0%B9+%D1%80%D0%B0%D0%B9%D0%BE%D0%BD+%D0%A1%D0%B0%D0%BD%D0%BA%D1%82-%D0%9F%D0%B5%D1%82%D0%B5%D1%80%D0%B1%D1%83%D1%80%D0%B3+%D0%B1%D0%BB%D0%BE%D0%B3&hl=ru,https://www.youtube.com/watch?v=cWIDp4QKZaw,Видео «Краткая информация о Выборгском районе! ✦ Блог по районам Санкт-Петербурга (1 серия)» содержит явную привязку к городу.,False,Выборгский район Санкт-Петербург блог | Невский район Санкт-Петербург блог | Петродворцовый район Санкт-Петербург блог,2026-08-23T13:24:27.572225+00:00
366df18b1afd9423db9e,Grow Food,youtube,https://www.youtube.com/@growfoodrus,growfoodrus,Санкт-Петербург,1430,nano,manual_only,original_profile_opened,https://www.youtube.com/@growfoodrus,https://www.youtube.com/results?search_query=%D0%B4%D0%BE%D1%81%D1%82%D0%B0%D0%B2%D0%BA%D0%B0+%D0%B5%D0%B4%D1%8B+%D0%9F%D0%B8%D1%82%D0%B5%D1%80+shorts&hl=ru,https://www.youtube.com/watch?v=zpdMN0tiDFM,Видео «🦐🍤 #food #shorts #спб #еда #мск #factory #завод #yammy #залипашка #питер» содержит явную привязку к городу.,False,доставка еды Питер shorts,2026-08-23T13:24:50.384804+00:00
d68bbddb30155bf05bfe,HANDS студия массажа СПб,youtube,https://www.youtube.com/@hands1521,hands1521,Санкт-Петербург,526,nano,manual_only,original_profile_opened,https://www.youtube.com/@hands1521,https://www.youtube.com/results?search_query=%D0%BC%D0%B0%D1%81%D1%81%D0%B0%D0%B6+%D0%B8+SPA+%D0%A1%D0%9F%D0%B1+%D0%B1%D0%BB%D0%BE%D0%B3%D0%B5%D1%80&hl=ru,https://www.youtube.com/watch?v=FQegwtm2jHY,Видео «Спортивный массаж у Валерия — это динамичный массаж и глубокая проработка мышц 💪🏻 #массажспб» содержит явную привязку к городу.,False,лучшие массаж и SPA Петербург | массаж и SPA СПб блогер | массаж и SPA Санкт-Петербург обзор,2026-08-23T13:24:52.196348+00:00
66b04143c4f6ad5dd394,Hannibal Barbershop,youtube,https://www.youtube.com/@hannibalbarbershop6589,hannibalbarbershop6589,Санкт-Петербург,8,nano,manual_only,original_profile_opened,https://www.youtube.com/@hannibalbarbershop6589,https://www.youtube.com/results?search_query=%D0%B1%D0%B0%D1%80%D0%B1%D0%B5%D1%80%D1%88%D0%BE%D0%BF%D1%8B+%D0%A1%D0%B0%D0%BD%D0%BA%D1%82-%D0%9F%D0%B5%D1%82%D0%B5%D1%80%D0%B1%D1%83%D1%80%D0%B3+%D0%BE%D0%B1%D0%B7%D0%BE%D1%80&hl=ru,https://www.youtube.com/watch?v=xtbggANCIRE,"Видео «Что такое Барбершоп   Hannibal Barbershop в Санкт Петербурге   идея, филоофия» содержит явную привязку к городу.",False,барбершопы Санкт-Петербург обзор | лучшие барбершопы Петербург,2026-08-23T13:24:51.089474+00:00
7cb47c174e5bca5a431a,Happy Trips,youtube,https://www.youtube.com/@happytripss,happytripss,Санкт-Петербург,9430,nano,manual_only,original_profile_opened,https://www.youtube.com/@happytripss,https://www.youtube.com/results?search_query=%D0%9F%D0%B8%D1%82%D0%B5%D1%80+%D0%BE%D0%B1%D0%B7%D0%BE%D1%80%D1%89%D0%B8%D0%BA&hl=ru,https://www.youtube.com/watch?v=vrU0zbAUsUg,Видео «12 достопримечательностей Санкт-Петербурга за 3 дня!» содержит явную привязку к городу.,True,FunCity Санкт-Петербург обзор | Happy City Санкт-Петербург обзор | Адмиралтейский район куда сходить | Адмиралтейский район обзор мест | Петербург что посмотреть | Петроградский район Санкт-Петербург блог | Петроградский район куда сходить | Петроградский район обзор мест | ПироШоу СПб Санкт-Петербург обзор | Питер обзорщик | СПб куда сходить | городские прогулки Санкт-Петербург обзор | лучшие городские прогулки Петербург | лучшие музеи Петербург | лучшие туризм Петербург | лучшие экскурсии Петербург | музеи Санкт-Петербург обзор | туризм Санкт-Петербург обзор | экскурсии Санкт-Петербург обзор,2026-08-23T13:24:14.176108+00:00
80858da2b9cf67053ad7,HarMi Life,youtube,https://www.youtube.com/@HarMiLife,HarMiLife,Санкт-Петербург,7550,nano,manual_only,original_profile_opened,https://www.youtube.com/@HarMiLife,https://www.youtube.com/results?search_query=%D0%A2%D0%A0%D0%9A+%D0%90%D1%82%D0%BC%D0%BE%D1%81%D1%84%D0%B5%D1%80%D0%B0+%D0%A1%D0%B0%D0%BD%D0%BA%D1%82-%D0%9F%D0%B5%D1%82%D0%B5%D1%80%D0%B1%D1%83%D1%80%D0%B3+%D0%BE%D0%B1%D0%B7%D0%BE%D1%80&hl=ru,https://www.youtube.com/watch?v=QmlWInRJ7s4,"Видео «Обзор ТЦ Атмосфера,Санкт-Петербург» содержит явную привязку к городу.",True,ТРК Атмосфера Санкт-Петербург обзор,2026-08-23T13:24:17.345558+00:00
fa56a7b777d2c751baee,HARRY JAMES 📺TV,youtube,https://www.youtube.com/@HarryJamesTV360,HarryJamesTV360,Санкт-Петербург,58,nano,manual_only,original_profile_opened,https://www.youtube.com/@HarryJamesTV360,https://www.youtube.com/results?search_query=HIT+FITNESS+%D0%A1%D0%B0%D0%BD%D0%BA%D1%82-%D0%9F%D0%B5%D1%82%D0%B5%D1%80%D0%B1%D1%83%D1%80%D0%B3+%D0%BE%D0%B1%D0%B7%D0%BE%D1%80&hl=ru,https://www.youtube.com/watch?v=U9AvT3fHGOY,Видео «ОБЗОР DDX на НЕВСКОМ СПб | «Качалка в музее СПб»» содержит явную привязку к городу.,True,HIT FITNESS Санкт-Петербург обзор | Wonderfit Санкт-Петербург обзор | фитнес Санкт-Петербург обзор,2026-08-23T13:24:16.135993+00:00
175dacc77ca4d9665b39,HeadSuperstar,youtube,https://www.youtube.com/@HeadSuperstar,HeadSuperstar,Санкт-Петербург,62200,micro,manual_only,original_profile_opened,https://www.youtube.com/@HeadSuperstar,https://www.youtube.com/results?search_query=Borneo+Beauty+%D0%A1%D0%B0%D0%BD%D0%BA%D1%82-%D0%9F%D0%B5%D1%82%D0%B5%D1%80%D0%B1%D1%83%D1%80%D0%B3+%D0%BE%D0%B1%D0%B7%D0%BE%D1%80&hl=ru,https://www.youtube.com/watch?v=TKng9-uv2R4,Видео «ОБЗОР ТОГО САМОГО ТРЕШ-САЛОНА ИЗ ПИТЕРА. Директор подарил клинику жене ПОИГРАТЬСЯ В ДОКТОРА» содержит явную привязку к городу.,True,Borneo Beauty Санкт-Петербург обзор | Naomi beauty Санкт-Петербург обзор | косметология СПб блогер | парикмахерские СПб блогер | салоны красоты СПб блогер,2026-08-23T13:24:17.273181+00:00
de588ea92c475c3199d5,Helen,youtube,https://www.youtube.com/@Helen-ek7rm,Helen-ek7rm,Санкт-Петербург,2790,nano,manual_only,original_profile_opened,https://www.youtube.com/@Helen-ek7rm,https://www.youtube.com/results?search_query=%D0%9D%D0%BE%D0%B2%D0%B0%D1%8F+%D0%93%D0%BE%D0%BB%D0%BB%D0%B0%D0%BD%D0%B4%D0%B8%D1%8F+%D0%BA%D1%83%D0%B4%D0%B0+%D1%81%D1%85%D0%BE%D0%B4%D0%B8%D1%82%D1%8C&hl=ru,https://www.youtube.com/watch?v=KJfhnpEDvZA,Видео «Что делать на острове Новая Голландия в СПб?» содержит явную привязку к городу.,False,Новая Голландия куда сходить,2026-08-23T13:24:46.794474+00:00
2b65ab1cd135c507c47f,HelenBirk Club,youtube,https://www.youtube.com/@helenbirkclub4978,helenbirkclub4978,Санкт-Петербург,14,nano,manual_only,original_profile_opened,https://www.youtube.com/@helenbirkclub4978,https://www.youtube.com/results?search_query=%D0%BB%D1%83%D1%87%D1%88%D0%B8%D0%B5+%D0%BA%D0%BE%D1%81%D0%BC%D0%B5%D1%82%D0%BE%D0%BB%D0%BE%D0%B3%D0%B8%D1%8F+%D0%9F%D0%B5%D1%82%D0%B5%D1%80%D0%B1%D1%83%D1%80%D0%B3&hl=ru,https://www.youtube.com/watch?v=CXuXQvDgOGk,Видео «Инновационная косметология в Санкт-Петербурге - HelenBirk Club» содержит явную привязку к городу.,False,лучшие косметология Петербург,2026-08-23T13:24:51.300065+00:00
b22267b9a79bbff6725e,HelenLin1,youtube,https://www.youtube.com/@HelenLin1,HelenLin1,Санкт-Петербург,7760,nano,manual_only,original_profile_opened,https://www.youtube.com/@HelenLin1,https://www.youtube.com/results?search_query=%D0%BE%D1%82%D0%B5%D0%BB%D0%B8+%D0%9F%D0%B8%D1%82%D0%B5%D1%80+shorts&hl=ru,https://www.youtube.com/watch?v=iXDMCpqT6wQ,Видео «Где остановиться в Санкт-Петербурге? Честный обзор отеля IZZZI #shorts#hotel#izzzi#обзоротеля» содержит явную привязку к городу.,False,отели Питер shorts,2026-08-23T13:25:03.944326+00:00
58d7391e211fc6a5acb9,Hello Vladka,youtube,https://www.youtube.com/@hello.vladka.,hello.vladka.,Санкт-Петербург,7290,nano,manual_only,original_profile_opened,https://www.youtube.com/@hello.vladka.,https://www.youtube.com/results?search_query=%D0%BB%D1%83%D1%87%D1%88%D0%B8%D0%B5+%D0%BE%D1%82%D0%B5%D0%BB%D0%B8+%D0%9F%D0%B5%D1%82%D0%B5%D1%80%D0%B1%D1%83%D1%80%D0%B3&hl=ru,https://www.youtube.com/watch?v=OPjIdaby3I8,Видео «Лучшие отели Санкт-Петербурга и области. ТОП-5 мест для загородного отдыха.» содержит явную привязку к городу.,False,лучшие отели Петербург | отели СПб блогер,2026-08-23T13:25:03.921857+00:00
9368a820e32266feaf52,Hexogene 50 🇷🇺,youtube,https://www.youtube.com/@hexogene50,hexogene50,Санкт-Петербург,602,nano,manual_only,original_profile_opened,https://www.youtube.com/@hexogene50,https://www.youtube.com/results?search_query=%D0%A0%D1%8B%D0%B1%D0%B0%D1%86%D0%BA%D0%BE%D0%B5+%D0%BA%D1%83%D0%B4%D0%B0+%D1%81%D1%85%D0%BE%D0%B4%D0%B8%D1%82%D1%8C&hl=ru,https://www.youtube.com/watch?v=H_huKOZ2cTY,"Видео «Князь Александр Невский, вид с Крыши, Рыбацкое, СПБ.» содержит явную привязку к городу.",False,Рыбацкое куда сходить,2026-08-23T13:24:40.870102+00:00
de295b43213d407c8ab8,HiikiNaMore,youtube,https://www.youtube.com/@HiikiNaMore,HiikiNaMore,Санкт-Петербург,48700,micro,manual_only,original_profile_opened,https://www.youtube.com/@HiikiNaMore,https://www.youtube.com/results?search_query=%D0%9F%D0%B5%D1%82%D0%B5%D1%80%D0%B1%D1%83%D1%80%D0%B3+%D0%BC%D0%B8%D0%BA%D1%80%D0%BE%D0%B8%D0%BD%D1%84%D0%BB%D1%8E%D0%B5%D0%BD%D1%81%D0%B5%D1%80&hl=ru,https://www.youtube.com/watch?v=J-DAA4De2to,Видео «ОБЗОР НА ПЕТЕРБУРГ» содержит явную привязку к городу.,False,Петербург микроинфлюенсер | Питер обзорщик | образование Санкт-Петербург обзор,2026-08-23T13:24:13.098245+00:00
08447a7dfd2a16f8019d,HIT FITNESS,youtube,https://www.youtube.com/@HITFITNESSclub,HITFITNESSclub,Санкт-Петербург,143,nano,manual_only,original_profile_opened,https://www.youtube.com/@HITFITNESSclub,https://www.youtube.com/results?search_query=HIT+FITNESS+%D0%A1%D0%B0%D0%BD%D0%BA%D1%82-%D0%9F%D0%B5%D1%82%D0%B5%D1%80%D0%B1%D1%83%D1%80%D0%B3+%D0%BE%D0%B1%D0%B7%D0%BE%D1%80&hl=ru,https://www.youtube.com/watch?v=Bv26OiiLTKs,"Видео «HIT FITNESS, фитнес клуб в ТРК Атмосфера, Приморский район СПб, ХИТ ФИТНЕС» содержит явную привязку к городу.",True,HIT FITNESS Санкт-Петербург обзор | ТРК Атмосфера Санкт-Петербург обзор,2026-08-23T13:24:15.896321+00:00
abdf9aea94eb44ebf41e,Ilya Frogsoill,youtube,https://www.youtube.com/@Frogsoill,Frogsoill,Санкт-Петербург,914,nano,manual_only,original_profile_opened,https://www.youtube.com/@Frogsoill,https://www.youtube.com/results?search_query=%D0%BE%D0%B1%D1%80%D0%B0%D0%B7%D0%BE%D0%B2%D0%B0%D0%BD%D0%B8%D0%B5+%D0%A1%D0%9F%D0%B1+%D0%B1%D0%BB%D0%BE%D0%B3%D0%B5%D1%80&hl=ru,https://www.youtube.com/watch?v=vqyfNNDotLk,"Видео «4 ГОДА ВПУСТУЮ? СПбГУ, бизнес-информатика » содержит явную привязку к городу.",False,образование СПб блогер,2026-08-23T13:25:05.593641+00:00
754a3375b97c3ff1ba1d,im_barca life,youtube,https://www.youtube.com/@im_barca_life,im_barca_life,Санкт-Петербург,1550,nano,manual_only,original_profile_opened,https://www.youtube.com/@im_barca_life,https://www.youtube.com/results?search_query=%D0%BB%D1%83%D1%87%D1%88%D0%B8%D0%B5+%D0%B1%D0%B5%D0%B3+%D0%9F%D0%B5%D1%82%D0%B5%D1%80%D0%B1%D1%83%D1%80%D0%B3&hl=ru,https://www.youtube.com/watch?v=sSdFIzbv5gM,Видео «Одиночный забег из Санкт-Петербурга в Москву. 700 км бегом. Одиночный ультрамарафон.» содержит явную привязку к городу.,False,бег Санкт-Петербург обзор | лучшие бег Петербург,2026-08-23T13:25:04.491262+00:00
423aa703ed7e108f7ac9,INCHIK,youtube,https://www.youtube.com/@InchikBL,InchikBL,Санкт-Петербург,259,nano,manual_only,original_profile_opened,https://www.youtube.com/@InchikBL,https://www.youtube.com/results?search_query=%D0%A1%D0%9F%D0%B1+%D0%BA%D1%83%D0%B4%D0%B0+%D1%81%D1%85%D0%BE%D0%B4%D0%B8%D1%82%D1%8C&hl=ru,https://www.youtube.com/watch?v=hgULhUu1Axg,Видео «ВЛОГ с Санкт-Петербурга//Куда сходить?» содержит явную привязку к городу.,False,Кудрово куда сходить | СПб куда сходить,2026-08-23T13:24:14.845044+00:00
347a6ae8e4e4356966f4,InLife,youtube,https://www.youtube.com/@InLifeVlog,InLifeVlog,Санкт-Петербург,1940,nano,manual_only,original_profile_opened,https://www.youtube.com/@InLifeVlog,https://www.youtube.com/results?search_query=%D0%9E%D0%B7%D0%B5%D1%80%D0%BA%D0%B8+%D0%A1%D0%B0%D0%BD%D0%BA%D1%82-%D0%9F%D0%B5%D1%82%D0%B5%D1%80%D0%B1%D1%83%D1%80%D0%B3+%D0%B1%D0%BB%D0%BE%D0%B3&hl=ru,https://www.youtube.com/watch?v=0T8T4lJ7WMo,Видео «VLOG: Прогулка по Питеру | ПАРК ОЗЕРКИ» содержит явную привязку к городу.,False,Озерки Санкт-Петербург блог | Озерки куда сходить,2026-08-23T13:24:38.604479+00:00
0f587becddbed8f281aa,INNA RAPIDFLOW,youtube,https://www.youtube.com/@rapidflow6718,rapidflow6718,Санкт-Петербург,24,nano,manual_only,original_profile_opened,https://www.youtube.com/@rapidflow6718,https://www.youtube.com/results?search_query=%D0%9E%D0%B7%D0%B5%D1%80%D0%BA%D0%B8+%D0%A1%D0%B0%D0%BD%D0%BA%D1%82-%D0%9F%D0%B5%D1%82%D0%B5%D1%80%D0%B1%D1%83%D1%80%D0%B3+%D0%B1%D0%BB%D0%BE%D0%B3&hl=ru,https://www.youtube.com/watch?v=kjCLFrSBIfw,"Видео «Озерки. Санкт-Петербург, июнь 2023» содержит явную привязку к городу.",False,Озерки Санкт-Петербург блог,2026-08-23T13:24:38.546185+00:00
06c42503723b13ffc039,INTER ACTIVE,youtube,https://www.youtube.com/@interactive748,interactive748,Санкт-Петербург,22,nano,manual_only,original_profile_opened,https://www.youtube.com/@interactive748,https://www.youtube.com/results?search_query=%D0%BB%D1%83%D1%87%D1%88%D0%B8%D0%B5+%D0%BE%D1%80%D0%B3%D0%B0%D0%BD%D0%B8%D0%B7%D0%B0%D1%82%D0%BE%D1%80%D1%8B+%D0%BC%D0%B5%D1%80%D0%BE%D0%BF%D1%80%D0%B8%D1%8F%D1%82%D0%B8%D0%B9+%D0%9F%D0%B5%D1%82%D0%B5%D1%80%D0%B1%D1%83%D1%80%D0%B3&hl=ru,https://www.youtube.com/watch?v=_jWTgz4PuPI,Видео «Промо - организация праздников и мероприятий в Санкт-Петербурге» содержит явную привязку к городу.,False,лучшие организаторы мероприятий Петербург,2026-08-23T13:25:03.445399+00:00
39b82288d157ec392dbe,introvert’s notes,youtube,https://www.youtube.com/@introverts_notes,introverts_notes,Санкт-Петербург,2630,nano,manual_only,original_profile_opened,https://www.youtube.com/@introverts_notes,https://www.youtube.com/results?search_query=%D0%9F%D0%B5%D1%82%D0%B5%D1%80%D0%B1%D1%83%D1%80%D0%B3+%D0%BC%D0%B8%D0%BA%D1%80%D0%BE%D0%B8%D0%BD%D1%84%D0%BB%D1%8E%D0%B5%D0%BD%D1%81%D0%B5%D1%80&hl=ru,https://www.youtube.com/watch?v=52z7jbCiyXk,"Видео «11. Петербург глазами москвички - блошиный рынок, маркет, книжные, булки и болота» содержит явную привязку к городу.",False,Петербург микроинфлюенсер,2026-08-23T13:24:12.892931+00:00
82af7cbf6e66bcec0830,ir4ik Yar,youtube,https://www.youtube.com/@ir4ikyar,ir4ikyar,Санкт-Петербург,8650,nano,manual_only,original_profile_opened,https://www.youtube.com/@ir4ikyar,https://www.youtube.com/results?search_query=%D0%9A%D1%80%D0%BE%D0%BD%D1%88%D1%82%D0%B0%D0%B4%D1%82+%D1%81%D0%B5%D0%BC%D0%B5%D0%B9%D0%BD%D1%8B%D0%B9+%D0%BE%D0%B1%D0%B7%D0%BE%D1%80&hl=ru,https://www.youtube.com/watch?v=sKFrNjsV2LU,Видео «Кронштадт. Что посмотреть в Санкт-Петербурге за четыре дня? Путешествия по России.» содержит явную привязку к городу.,False,Кронштадт Санкт-Петербург блог | Кронштадт куда сходить | Кронштадт обзор мест | Кронштадт семейный обзор,2026-08-23T13:24:33.019133+00:00
f4e0b0d3be16fe4f625d,iraasskk,youtube,https://www.youtube.com/@iraaakqr,iraaakqr,Санкт-Петербург,247,nano,manual_only,original_profile_opened,https://www.youtube.com/@iraaakqr,https://www.youtube.com/results?search_query=%D0%A1%D0%B5%D1%81%D1%82%D1%80%D0%BE%D1%80%D0%B5%D1%86%D0%BA+%D0%A1%D0%B0%D0%BD%D0%BA%D1%82-%D0%9F%D0%B5%D1%82%D0%B5%D1%80%D0%B1%D1%83%D1%80%D0%B3+%D0%B1%D0%BB%D0%BE%D0%B3&hl=ru,https://www.youtube.com/watch?v=si1AJBiPz1g,Видео «поездка в Санкт-Петербург: туристический Питер и исторический Петербург//один город.одна любовь» содержит явную привязку к городу.,False,Сестрорецк Санкт-Петербург блог,2026-08-23T13:24:43.289213+00:00
daa00d08c0bee704269f,ITravelBlog,youtube,https://www.youtube.com/@ITBYT,ITBYT,Санкт-Петербург,1580,nano,manual_only,original_profile_opened,https://www.youtube.com/@ITBYT,https://www.youtube.com/results?search_query=%D0%A2%D0%9A+%D0%9F%D1%80%D0%BE%D0%BC%D0%B5%D0%BD%D0%B0%D0%B4+%D0%A1%D0%B0%D0%BD%D0%BA%D1%82-%D0%9F%D0%B5%D1%82%D0%B5%D1%80%D0%B1%D1%83%D1%80%D0%B3+%D0%BE%D0%B1%D0%B7%D0%BE%D1%80&hl=ru,https://www.youtube.com/watch?v=CxSELs9txNs,"Видео «САНКТ-ПЕТЕРБУРГ: ВЗГЛЯД ИЗ XXI ВЕКА | обзор ЗСД, Лахта Центра, Газпром Арены» содержит явную привязку к городу.",True,ТК Променад Санкт-Петербург обзор,2026-08-23T13:24:18.965380+00:00
d7372e7012d25207b5fd,iueidkk,youtube,https://www.youtube.com/@iueidkk14,iueidkk14,Санкт-Петербург,30,nano,manual_only,original_profile_opened,https://www.youtube.com/@iueidkk14,https://www.youtube.com/results?search_query=%D0%9B%D0%B0%D1%85%D1%82%D0%B0+%D0%A1%D0%B0%D0%BD%D0%BA%D1%82-%D0%9F%D0%B5%D1%82%D0%B5%D1%80%D0%B1%D1%83%D1%80%D0%B3+%D0%B1%D0%BB%D0%BE%D0%B3&hl=ru,https://www.youtube.com/watch?v=7KQwEtc2Dgo,"Видео «ВЛОГ:: САНКТ-ПЕТЕРБУРГ// Лахта-центр, Эрмитаж и много других интересных мест» содержит явную привязку к городу.",False,Лахта Санкт-Петербург блог,2026-08-23T13:24:46.826978+00:00
83ed117e30574dc005cb,Ivan News 24,youtube,https://www.youtube.com/@ivannews24,ivannews24,Санкт-Петербург,133000,mid,manual_only,original_profile_opened,https://www.youtube.com/@ivannews24,https://www.youtube.com/results?search_query=%D0%9F%D0%B5%D1%82%D0%B5%D1%80%D0%B1%D1%83%D1%80%D0%B3+%D0%B1%D0%BB%D0%BE%D0%B3%D0%B5%D1%80&hl=ru,https://www.youtube.com/watch?v=SQB2Y3Cv1Zw,Видео «ОЧЕРЕДНОЙ МАРКЕТПЛЕЙС СГОРЕЛ В ПИТЕРЕ! В КИЕВ СТЯНУЛИСЬ ЖЕЛАЮЩИЕ » содержит явную привязку к городу.,True,Петербург блогер | ПироШоу СПб Санкт-Петербург обзор | Питер блогер | Приморский район семейный обзор | выставки СПб блогер | городские события СПб блогер | районные новости СПб блогер,2026-08-23T13:24:13.400012+00:00
5c2445a181d6c32d70b7,Izhboldin,youtube,https://www.youtube.com/@Izhboldin,Izhboldin,Санкт-Петербург,334,nano,manual_only,original_profile_opened,https://www.youtube.com/@Izhboldin,https://www.youtube.com/results?search_query=%D0%9E%D0%B7%D0%B5%D1%80%D0%BA%D0%B8+%D0%A1%D0%B0%D0%BD%D0%BA%D1%82-%D0%9F%D0%B5%D1%82%D0%B5%D1%80%D0%B1%D1%83%D1%80%D0%B3+%D0%B1%D0%BB%D0%BE%D0%B3&hl=ru,https://www.youtube.com/watch?v=Y_iqf_eq85U,Видео «Поездка в Санкт-Петербург  \\ Vlog St.Peterburg» содержит явную привязку к городу.,False,Озерки Санкт-Петербург блог,2026-08-23T13:24:38.652021+00:00
e9635265e48db6ca195b,Jamm Fit,youtube,https://www.youtube.com/@jammfit3760,jammfit3760,Санкт-Петербург,2,nano,manual_only,original_profile_opened,https://www.youtube.com/@jammfit3760,https://www.youtube.com/results?search_query=S%26b+%D1%81%D1%82%D1%83%D0%B4%D0%B8%D1%8F+EMS-%D1%84%D0%B8%D1%82%D0%BD%D0%B5%D1%81%D0%B0+%D0%A1%D0%B0%D0%BD%D0%BA%D1%82-%D0%9F%D0%B5%D1%82%D0%B5%D1%80%D0%B1%D1%83%D1%80%D0%B3+%D0%BE%D0%B1%D0%B7%D0%BE%D1%80&hl=ru,https://www.youtube.com/watch?v=YfTQh0PjJts,Видео «EMS тренировки уже в Санкт-Петербурге!» содержит явную привязку к городу.,True,S&b студия EMS-фитнеса Санкт-Петербург обзор,2026-08-23T13:24:23.261517+00:00
0c89740f626647dd22b8,Jay Influencer - The Luxury Travel Consultant,youtube,https://www.youtube.com/@jayinfluencer,jayinfluencer,Санкт-Петербург,17600,micro,manual_only,original_profile_opened,https://www.youtube.com/@jayinfluencer,https://www.youtube.com/results?search_query=%D0%BE%D1%82%D0%B5%D0%BB%D0%B8+%D0%9F%D0%B8%D1%82%D0%B5%D1%80+shorts&hl=ru,https://www.youtube.com/watch?v=D512OrbJxmc,"Видео «Топ-20 ЛУЧШИХ (люксовых) отелей Санкт-Петербурга, Россия (2026)» содержит явную привязку к городу.",False,лучшие отели Петербург | отели Питер shorts | отели СПб блогер,2026-08-23T13:25:03.899441+00:00
0165d17d9973c85eaac4,Jelena Love Riga,youtube,https://www.youtube.com/@JelenaLoveRiga,JelenaLoveRiga,Санкт-Петербург,55200,micro,manual_only,original_profile_opened,https://www.youtube.com/@JelenaLoveRiga,https://www.youtube.com/results?search_query=%D0%B2%D0%B8%D0%BD%D1%82%D0%B0%D0%B6+%D0%A1%D0%B0%D0%BD%D0%BA%D1%82-%D0%9F%D0%B5%D1%82%D0%B5%D1%80%D0%B1%D1%83%D1%80%D0%B3+%D0%BE%D0%B1%D0%B7%D0%BE%D1%80&hl=ru,https://www.youtube.com/watch?v=PfmmUpJwhto,Видео «5.ВЛОГ..КАТЯ-ВИНТАЖ..САНКТ-ПЕТЕРБУРГ..ДЕНЬ ТРЕТИЙ..ВИНТАЖНЫЕ ШТУЧКИ...» содержит явную привязку к городу.,False,винтаж Санкт-Петербург обзор,2026-08-23T13:25:01.378680+00:00
a0e576c7b3237dfbccb3,Juris Ivanovs 🌶,youtube,https://www.youtube.com/@Pipari%C5%86%C5%A195,Pipari%C5%86%C5%A195,Санкт-Петербург,378,nano,manual_only,original_profile_opened,https://www.youtube.com/@Pipari%C5%86%C5%A195,https://www.youtube.com/results?search_query=%D0%A1%D0%B5%D1%81%D1%82%D1%80%D0%BE%D1%80%D0%B5%D1%86%D0%BA+%D0%BE%D0%B1%D0%B7%D0%BE%D1%80+%D0%BC%D0%B5%D1%81%D1%82&hl=ru,https://www.youtube.com/watch?v=t5KM5qa-PMQ,"Видео «Сестрорецк. Курортный город, входящий в состав Петербурга, пляж Дубковский. 20.06.2022 года.» содержит явную привязку к городу.",False,Сестрорецк обзор мест,2026-08-23T13:24:44.703761+00:00
5710411a5e2c98e3c5d2,JUST TANYA / ДЖАСТ ТАНЯ,youtube,https://www.youtube.com/@just_tanya1,just_tanya1,Санкт-Петербург,14000,micro,manual_only,original_profile_opened,https://www.youtube.com/@just_tanya1,https://www.youtube.com/results?search_query=%D0%9F%D0%B5%D1%82%D0%B5%D1%80%D0%B1%D1%83%D1%80%D0%B3+%D0%B1%D1%8C%D1%8E%D1%82%D0%B8+%D0%B1%D0%BB%D0%BE%D0%B3&hl=ru,https://www.youtube.com/watch?v=6EngE-3R6bo,Видео ««ТЕБЕ НУЖЕН ХАЙП!»🥵МАСТЕРА РАЗРЫВАЕТ ОТ ХАМСТВА И АГРЕССИИ🤯/ ТРЕШ-ОБЗОР САЛОНА КРАСОТЫ В ПЕТЕРБУРГЕ» содержит явную привязку к городу.,True,Borneo Beauty Санкт-Петербург обзор | Dental Place Санкт-Петербург обзор | Jadan Dental Санкт-Петербург обзор | Naomi beauty Санкт-Петербург обзор | Watsons Санкт-Петербург обзор | Джи Клиник Санкт-Петербург обзор | Лак студия маникюра Санкт-Петербург обзор | Первая семейная клиника Петербурга Санкт-Петербург обзор | Петербург бьюти блог | ветклиники Санкт-Петербург обзор | косметология СПб блогер | косметология Санкт-Петербург обзор | лучшие косметология Петербург | лучшие маникюр Петербург | лучшие салоны красоты Петербург | лучшие частные клиники Петербург | маникюр СПб блогер | маникюр Санкт-Петербург обзор | парикмахерские СПб блогер | парикмахерские Санкт-Петербург обзор | салоны красоты Питер shorts | салоны красоты СПб блогер | салоны красоты Санкт-Петербург обзор | стоматологии Санкт-Петербург обзор | частные клиники СПб блогер | частные клиники Санкт-Петербург обзор,2026-08-23T13:24:13.253347+00:00
c7c1002284defb173695,Kadian Artworks | Где Поесть,youtube,https://www.youtube.com/@KadianArtworks,KadianArtworks,Санкт-Петербург,1460,nano,manual_only,original_profile_opened,https://www.youtube.com/@KadianArtworks,https://www.youtube.com/results?search_query=%D0%9D%D0%B5%D0%B2%D1%81%D0%BA%D0%B8%D0%B9+%D1%80%D0%B0%D0%B9%D0%BE%D0%BD+%D0%BA%D0%B0%D1%84%D0%B5+%D0%BE%D0%B1%D0%B7%D0%BE%D1%80&hl=ru,https://www.youtube.com/watch?v=ZX76ip4jU2A,"Видео «Где Поесть на Невском | Секретное кафе, царские шоты и пельмени» содержит явную привязку к городу.",False,Невский район кафе обзор | Новая Голландия кафе обзор,2026-08-23T13:24:34.812911+00:00
90e9daa3a05d990490ae,Kate Makar,youtube,https://www.youtube.com/@kate_makar,kate_makar,Санкт-Петербург,225,nano,manual_only,original_profile_opened,https://www.youtube.com/@kate_makar,https://www.youtube.com/results?search_query=%D0%BA%D0%BE%D1%84%D0%B5%D0%B9%D0%BD%D0%B8+%D0%A1%D0%B0%D0%BD%D0%BA%D1%82-%D0%9F%D0%B5%D1%82%D0%B5%D1%80%D0%B1%D1%83%D1%80%D0%B3+%D0%BE%D0%B1%D0%B7%D0%BE%D1%80&hl=ru,https://www.youtube.com/watch?v=Jg_fi1jwrbg,Видео «Coffee Vlog Санкт-Петербург | Где пить спешелти кофе в Питере?» содержит явную привязку к городу.,False,кофейни Санкт-Петербург обзор | лучшие кофейни Петербург,2026-08-23T13:24:49.586532+00:00
d84e26b1d78b37466d72,Katerina Abat,youtube,https://www.youtube.com/@katerinaabat,katerinaabat,Санкт-Петербург,5560,nano,manual_only,original_profile_opened,https://www.youtube.com/@katerinaabat,https://www.youtube.com/results?search_query=%D0%9E%D0%B7%D0%B5%D1%80%D0%BA%D0%B8+%D0%BA%D1%83%D0%B4%D0%B0+%D1%81%D1%85%D0%BE%D0%B4%D0%B8%D1%82%D1%8C&hl=ru,https://www.youtube.com/watch?v=kp1t35lwd_4,"Видео «Санкт-Петербург. От метро ""Озерки"" до Шуваловского парка.» содержит явную привязку к городу.",False,Озерки куда сходить | Озерки обзор мест,2026-08-23T13:24:39.882441+00:00
6960cb0ef1b6b420af15,Katigoroh- это образ ЖИЗНИ 💓🌟,youtube,https://www.youtube.com/@Katigoroh,Katigoroh,Санкт-Петербург,878,nano,manual_only,original_profile_opened,https://www.youtube.com/@Katigoroh,https://www.youtube.com/results?search_query=%D0%9D%D0%BE%D0%B2%D0%B0%D1%8F+%D0%93%D0%BE%D0%BB%D0%BB%D0%B0%D0%BD%D0%B4%D0%B8%D1%8F+%D0%BE%D0%B1%D0%B7%D0%BE%D1%80+%D0%BC%D0%B5%D1%81%D1%82&hl=ru,https://www.youtube.com/watch?v=p622OYBC2og,Видео «НОВАЯ ГОЛЛАНДИЯ #спб #кудапойтиспб #прогулка #обзор #путешествия  » содержит явную привязку к городу.,False,Новая Голландия обзор мест,2026-08-23T13:24:45.824990+00:00
aefdce14001dd6d74478,KATYA travel (KATRIN travel),youtube,https://www.youtube.com/@KATYAtravel,KATYAtravel,Санкт-Петербург,10100,micro,manual_only,original_profile_opened,https://www.youtube.com/@KATYAtravel,https://www.youtube.com/results?search_query=%D0%BB%D1%83%D1%87%D1%88%D0%B8%D0%B5+%D0%BE%D1%82%D0%B5%D0%BB%D0%B8+%D0%9F%D0%B5%D1%82%D0%B5%D1%80%D0%B1%D1%83%D1%80%D0%B3&hl=ru,https://www.youtube.com/watch?v=qzfSjth0cgU,Видео «Гостиница Октябрьская Санкт-Петербург. Отели Питер в центре » содержит явную привязку к городу.,False,лучшие отели Петербург,2026-08-23T13:25:04.377595+00:00
3dc457c9ff5b99c1ad1f,KIDIARYZ,youtube,https://www.youtube.com/@kidiaryz,kidiaryz,Санкт-Петербург,307,nano,manual_only,original_profile_opened,https://www.youtube.com/@kidiaryz,https://www.youtube.com/results?search_query=%D0%9F%D0%B8%D1%82%D0%B5%D1%80+%D0%BF%D0%B0%D0%BF%D0%B0+%D0%B1%D0%BB%D0%BE%D0%B3&hl=ru,https://www.youtube.com/watch?v=n4WnNC7y-IQ,Видео «Питер и папа/ злюсь на клиенток/ машут руками» содержит явную привязку к городу.,False,Питер папа блог,2026-08-23T13:24:12.503325+00:00
cbb8f00e65a6f2e91991,Kids Will,youtube,https://www.youtube.com/@kidswill1070,kidswill1070,Санкт-Петербург,46,nano,manual_only,original_profile_opened,https://www.youtube.com/@kidswill1070,https://www.youtube.com/results?search_query=%D0%B4%D0%B5%D1%82%D1%81%D0%BA%D0%B8%D0%B5+%D0%BF%D1%80%D0%B0%D0%B7%D0%B4%D0%BD%D0%B8%D0%BA%D0%B8+%D0%9F%D0%B8%D1%82%D0%B5%D1%80+shorts&hl=ru,https://www.youtube.com/watch?v=oTMqu90HPNg,"Видео «В Питере льет дождь, а ты прихода праздновать детский праздник в Kids Will🥳» содержит явную привязку к городу.",False,детские праздники Питер shorts,2026-08-23T13:24:55.209791+00:00
4634c24987619d5c1dec,Kira Art,youtube,https://www.youtube.com/@kira_art04,kira_art04,Санкт-Петербург,276,nano,manual_only,original_profile_opened,https://www.youtube.com/@kira_art04,https://www.youtube.com/results?search_query=%D0%9A%D1%83%D0%B4%D1%80%D0%BE%D0%B2%D0%BE+%D0%A1%D0%B0%D0%BD%D0%BA%D1%82-%D0%9F%D0%B5%D1%82%D0%B5%D1%80%D0%B1%D1%83%D1%80%D0%B3+%D0%B1%D0%BB%D0%BE%D0%B3&hl=ru,https://www.youtube.com/watch?v=nQLTOyjnocY,Видео «Тревел блог по Санкт-Петербургу 2024 год #санктпетербург #лето2024  #путешествия» содержит явную привязку к городу.,False,Кудрово Санкт-Петербург блог | Лахта Санкт-Петербург блог | Пушкин Санкт-Петербург блог | Сестрорецк Санкт-Петербург блог | Шушары Санкт-Петербург блог,2026-08-23T13:24:37.767883+00:00
dcba79813fb4c0852a7c,kitila Ծ‸Ծ,youtube,https://www.youtube.com/@kitila1876,kitila1876,Санкт-Петербург,22,nano,manual_only,original_profile_opened,https://www.youtube.com/@kitila1876,https://www.youtube.com/results?search_query=%D0%9B%D0%B0%D1%85%D1%82%D0%B0+%D0%A1%D0%B0%D0%BD%D0%BA%D1%82-%D0%9F%D0%B5%D1%82%D0%B5%D1%80%D0%B1%D1%83%D1%80%D0%B3+%D0%B1%D0%BB%D0%BE%D0%B3&hl=ru,https://www.youtube.com/watch?v=uhGl7TvcOXM,Видео «Влог из Питера с парнем» содержит явную привязку к городу.,False,Лахта Санкт-Петербург блог,2026-08-23T13:24:46.875257+00:00
040aecc7c42651eab4f8,KIVA,youtube,https://www.youtube.com/@ki_vaa,ki_vaa,Санкт-Петербург,5120,nano,manual_only,original_profile_opened,https://www.youtube.com/@ki_vaa,https://www.youtube.com/results?search_query=%D0%BC%D0%B0%D0%B3%D0%B0%D0%B7%D0%B8%D0%BD%D1%8B+%D0%BE%D0%B4%D0%B5%D0%B6%D0%B4%D1%8B+%D0%A1%D0%B0%D0%BD%D0%BA%D1%82-%D0%9F%D0%B5%D1%82%D0%B5%D1%80%D0%B1%D1%83%D1%80%D0%B3+%D0%BE%D0%B1%D0%B7%D0%BE%D1%80&hl=ru,https://www.youtube.com/watch?v=u21vXP3HVGk,Видео «ГДЕ В ПИТЕРЕ САМЫЕ ДЕШЁВЫЕ СЕКОНД-ХЕНДЫ? Честный разбор секондов Санкт-Петербурга» содержит явную привязку к городу.,False,магазины одежды Санкт-Петербург обзор,2026-08-23T13:25:00.886542+00:00
9cb948a608c93891244c,KONTUR TRAVEL,youtube,https://www.youtube.com/@konturtravel,konturtravel,Санкт-Петербург,9730,nano,manual_only,original_profile_opened,https://www.youtube.com/@konturtravel,https://www.youtube.com/results?search_query=Viva+mare+%D0%A1%D0%B0%D0%BD%D0%BA%D1%82-%D0%9F%D0%B5%D1%82%D0%B5%D1%80%D0%B1%D1%83%D1%80%D0%B3+%D0%BE%D0%B1%D0%B7%D0%BE%D1%80&hl=ru,https://www.youtube.com/watch?v=ootDpNdj8Fw,"Видео «ПИТЕР ЗА НЕДЕЛЮ | Что Посмотреть ? | Места, Еда, Экскурсии в Санкт-Петербурге #питер #санктпетербург» содержит явную привязку к городу.",True,Viva mare Санкт-Петербург обзор,2026-08-23T13:24:19.615026+00:00
8fcb6e2c62d480adad8b,KOSA COLOUR STUDIO,youtube,https://www.youtube.com/@Kosa.colour.studio,Kosa.colour.studio,Санкт-Петербург,1750,nano,manual_only,original_profile_opened,https://www.youtube.com/@Kosa.colour.studio,https://www.youtube.com/results?search_query=%D0%BB%D1%83%D1%87%D1%88%D0%B8%D0%B5+%D1%81%D0%B0%D0%BB%D0%BE%D0%BD%D1%8B+%D0%BA%D1%80%D0%B0%D1%81%D0%BE%D1%82%D1%8B+%D0%9F%D0%B5%D1%82%D0%B5%D1%80%D0%B1%D1%83%D1%80%D0%B3&hl=ru,https://www.youtube.com/watch?v=aRclA2kJQlY,Видео «Лучший салон красоты Санкт- Петербург KOSA Colour Studio» содержит явную привязку к городу.,False,лучшие салоны красоты Петербург,2026-08-23T13:24:51.203648+00:00
f363510285e202821a56,Krause House,youtube,https://www.youtube.com/@krausehouse78,krausehouse78,Санкт-Петербург,62400,micro,manual_only,original_profile_opened,https://www.youtube.com/@krausehouse78,https://www.youtube.com/results?search_query=Lotos+Tower+%D0%A1%D0%B0%D0%BD%D0%BA%D1%82-%D0%9F%D0%B5%D1%82%D0%B5%D1%80%D0%B1%D1%83%D1%80%D0%B3+%D0%BE%D0%B1%D0%B7%D0%BE%D1%80&hl=ru,https://www.youtube.com/watch?v=8PA164bc4oc,Видео «Разбираем планировки с дизайнером и агентом по недвижимости. Обзор элитных ЖК в г. Санкт-Петербург» содержит явную привязку к городу.,True,Lotos Tower Санкт-Петербург обзор | ремонт СПб блогер | ремонт Санкт-Петербург обзор,2026-08-23T13:24:25.449561+00:00
dd4559ee3fb7d47a1f70,Kristina Kolosova,youtube,https://www.youtube.com/@KristinaKolosova,KristinaKolosova,Санкт-Петербург,21700,micro,manual_only,original_profile_opened,https://www.youtube.com/@KristinaKolosova,https://www.youtube.com/results?search_query=%D0%9F%D0%B5%D1%82%D0%B5%D1%80%D0%B1%D1%83%D1%80%D0%B3+%D0%B1%D1%8C%D1%8E%D1%82%D0%B8+%D0%B1%D0%BB%D0%BE%D0%B3&hl=ru,https://www.youtube.com/watch?v=NG3LCK48w4Q,Видео «Моя бьюти рутина и новые места в Питере для прогулок | ВЛОГ» содержит явную привязку к городу.,True,Watsons Санкт-Петербург обзор | Петербург бьюти блог | СПб lifestyle vlog,2026-08-23T13:24:13.220531+00:00
0ba43f7250b8cfb0256d,Kroshka Ru,youtube,https://www.youtube.com/@RuKroshkaRu,RuKroshkaRu,Санкт-Петербург,17,nano,manual_only,original_profile_opened,https://www.youtube.com/@RuKroshkaRu,https://www.youtube.com/results?search_query=%D0%B4%D0%B5%D1%82%D1%81%D0%BA%D0%B8%D0%B5+%D1%86%D0%B5%D0%BD%D1%82%D1%80%D1%8B+%D0%9F%D0%B8%D1%82%D0%B5%D1%80+shorts&hl=ru,https://www.youtube.com/watch?v=dd0i29fHYik,Видео «Детские центры Санкт-Петербурга» содержит явную привязку к городу.,False,детские центры Питер shorts,2026-08-23T13:24:53.205992+00:00
877d4a0c5a6e3d769fb2,Ks Atn Vibes,youtube,https://www.youtube.com/@k.atnukova,k.atnukova,Санкт-Петербург,490,nano,manual_only,original_profile_opened,https://www.youtube.com/@k.atnukova,https://www.youtube.com/results?search_query=%D0%A6%D0%B5%D0%BD%D1%82%D1%80%D0%B0%D0%BB%D1%8C%D0%BD%D1%8B%D0%B9+%D1%80%D0%B0%D0%B9%D0%BE%D0%BD+%D0%A1%D0%B0%D0%BD%D0%BA%D1%82-%D0%9F%D0%B5%D1%82%D0%B5%D1%80%D0%B1%D1%83%D1%80%D0%B3+%D0%B1%D0%BB%D0%BE%D0%B3&hl=ru,https://www.youtube.com/watch?v=aYDioA7Hmv4,"Видео «VLOG | САНКТ-ПЕТЕРБУРГ: локации, вкусные заведения, шоппинг и любимые места» содержит явную привязку к городу.",False,Кудрово Санкт-Петербург блог | Купчино Санкт-Петербург блог | Центральный район Санкт-Петербург блог,2026-08-23T13:24:37.536530+00:00
e36f379b8fc97e3c5fc1,KudaGo: куда сходить?,youtube,https://www.youtube.com/@KudagoRussia,KudagoRussia,Санкт-Петербург,9350,nano,manual_only,original_profile_opened,https://www.youtube.com/@KudagoRussia,https://www.youtube.com/results?search_query=%D0%9F%D1%83%D1%88%D0%BA%D0%B8%D0%BD+%D0%BA%D1%83%D0%B4%D0%B0+%D1%81%D1%85%D0%BE%D0%B4%D0%B8%D1%82%D1%8C&hl=ru,https://www.youtube.com/watch?v=9poOs5GaYbE,Видео «225 лет со дня рождения Александра Пушкина» содержит явную привязку к городу.,False,Пушкин куда сходить,2026-08-23T13:24:44.699947+00:00
f752526aaa8a75ffdc97,Kultour - Экскурсии по Санкт-Петербургу,youtube,https://www.youtube.com/@kultour--1200,kultour--1200,Санкт-Петербург,59,nano,manual_only,original_profile_opened,https://www.youtube.com/@kultour--1200,https://www.youtube.com/results?search_query=%D0%9D%D0%BE%D0%B2%D0%B0%D1%8F+%D0%93%D0%BE%D0%BB%D0%BB%D0%B0%D0%BD%D0%B4%D0%B8%D1%8F+%D0%BE%D0%B1%D0%B7%D0%BE%D1%80+%D0%BC%D0%B5%D1%81%D1%82&hl=ru,https://www.youtube.com/watch?v=4X-mSNPFlrs,Видео «НОВАЯ ГОЛЛАНДИЯ. Что посмотреть» содержит явную привязку к городу.,False,Новая Голландия куда сходить | Новая Голландия обзор мест | Новая Голландия семейный обзор,2026-08-23T13:24:45.696401+00:00
a8452814e19afa7e0402,Kurochkin's blog,youtube,https://www.youtube.com/@kurochkinsblog,kurochkinsblog,Санкт-Петербург,41900,micro,manual_only,original_profile_opened,https://www.youtube.com/@kurochkinsblog,https://www.youtube.com/results?search_query=%D0%9A%D1%80%D0%B0%D1%81%D0%BD%D0%BE%D0%B3%D0%B2%D0%B0%D1%80%D0%B4%D0%B5%D0%B9%D1%81%D0%BA%D0%B8%D0%B9+%D1%80%D0%B0%D0%B9%D0%BE%D0%BD+%D0%A1%D0%B0%D0%BD%D0%BA%D1%82-%D0%9F%D0%B5%D1%82%D0%B5%D1%80%D0%B1%D1%83%D1%80%D0%B3+%D0%B1%D0%BB%D0%BE%D0%B3&hl=ru,https://www.youtube.com/watch?v=KXZYJyMBl8E,"Видео «О районах Санкт-Петербурга, куда лучше переехать» содержит явную привязку к городу.",False,Красногвардейский район Санкт-Петербург блог | лучшие городские события Петербург | образование СПб блогер,2026-08-23T13:24:32.746750+00:00
aa2e18c680b37f07e864,LANAILSSTUDIO,youtube,https://www.youtube.com/@LaNailsStudio,LaNailsStudio,Санкт-Петербург,73,nano,manual_only,original_profile_opened,https://www.youtube.com/@LaNailsStudio,https://www.youtube.com/results?search_query=%D0%9B%D0%B0%D0%BA+%D1%81%D1%82%D1%83%D0%B4%D0%B8%D1%8F+%D0%BC%D0%B0%D0%BD%D0%B8%D0%BA%D1%8E%D1%80%D0%B0+%D0%A1%D0%B0%D0%BD%D0%BA%D1%82-%D0%9F%D0%B5%D1%82%D0%B5%D1%80%D0%B1%D1%83%D1%80%D0%B3+%D0%BE%D0%B1%D0%B7%D0%BE%D1%80&hl=ru,https://www.youtube.com/watch?v=lkxBKeGChmY,Видео «Курсы маникюра в Санкт - Петербурге LANAILSSTUDIO» содержит явную привязку к городу.,True,Лак студия маникюра Санкт-Петербург обзор,2026-08-23T13:24:19.576890+00:00
7e47ba823e80e7c8f1b2,LAR Development,youtube,https://www.youtube.com/@LAR_Development,LAR_Development,Санкт-Петербург,4260,nano,manual_only,original_profile_opened,https://www.youtube.com/@LAR_Development,https://www.youtube.com/results?search_query=%D0%9A%D1%83%D1%80%D0%BE%D1%80%D1%82%D0%BD%D1%8B%D0%B9+%D1%80%D0%B0%D0%B9%D0%BE%D0%BD+%D0%A1%D0%B0%D0%BD%D0%BA%D1%82-%D0%9F%D0%B5%D1%82%D0%B5%D1%80%D0%B1%D1%83%D1%80%D0%B3+%D0%B1%D0%BB%D0%BE%D0%B3&hl=ru,https://www.youtube.com/watch?v=g-AS-YE063s,Видео «Курортный район Санкт-Петербурга: где лучше жить? Плюсы и минусы | Голос LAR Development» содержит явную привязку к городу.,False,Курортный район Санкт-Петербург блог,2026-08-23T13:24:33.529009+00:00
f4a3c056c233fe388d2b,LaraMed Spb,youtube,https://www.youtube.com/@laramedspb2432,laramedspb2432,Санкт-Петербург,171,nano,manual_only,original_profile_opened,https://www.youtube.com/@laramedspb2432,https://www.youtube.com/results?search_query=%D0%BB%D1%83%D1%87%D1%88%D0%B8%D0%B5+%D0%BC%D0%B0%D1%81%D1%81%D0%B0%D0%B6+%D0%B8+SPA+%D0%9F%D0%B5%D1%82%D0%B5%D1%80%D0%B1%D1%83%D1%80%D0%B3&hl=ru,https://www.youtube.com/watch?v=KJVqNqkQVd4,Видео «Лучший SPA в Санкт Петербурге ЛараМедСпа» содержит явную привязку к городу.,False,лучшие массаж и SPA Петербург,2026-08-23T13:24:52.153836+00:00
ad79a30d4dccd5d1d16d,LEGENDA Intelligent Development,youtube,https://www.youtube.com/@LegendaIntelligentDevelopment,LegendaIntelligentDevelopment,Санкт-Петербург,2300,nano,manual_only,original_profile_opened,https://www.youtube.com/@LegendaIntelligentDevelopment,https://www.youtube.com/results?search_query=Legenda+%D0%9E%D0%BF%D1%82%D0%B8%D0%BA%D0%BE%D0%B2+%D0%A1%D0%B0%D0%BD%D0%BA%D1%82-%D0%9F%D0%B5%D1%82%D0%B5%D1%80%D0%B1%D1%83%D1%80%D0%B3+%D0%BE%D0%B1%D0%B7%D0%BE%D1%80&hl=ru,https://www.youtube.com/watch?v=lfzt_9kIqrI,"Видео «Экскурсия по готовому smart-кварталу «LEGENDA на Оптиков, 34»» содержит явную привязку к городу.",True,Legenda Оптиков Санкт-Петербург обзор | Черная речка Санкт-Петербург блог | Черная речка куда сходить,2026-08-23T13:24:23.158108+00:00
8e9507f0fad1d159b937,LenaTF,youtube,https://www.youtube.com/@lenatf2933,lenatf2933,Санкт-Петербург,272,nano,manual_only,original_profile_opened,https://www.youtube.com/@lenatf2933,https://www.youtube.com/results?search_query=FunCity+%D0%A1%D0%B0%D0%BD%D0%BA%D1%82-%D0%9F%D0%B5%D1%82%D0%B5%D1%80%D0%B1%D1%83%D1%80%D0%B3+%D0%BE%D0%B1%D0%B7%D0%BE%D1%80&hl=ru,https://www.youtube.com/watch?v=wAugpbFhnWk,Видео «FUN CITY 2023 Санкт-Петербург» содержит явную привязку к городу.,True,FunCity Санкт-Петербург обзор,2026-08-23T13:24:19.802391+00:00
9ec42e23b552e496e92e,lerchk,youtube,https://www.youtube.com/@lerchk6342,lerchk6342,Санкт-Петербург,50,nano,manual_only,original_profile_opened,https://www.youtube.com/@lerchk6342,https://www.youtube.com/results?search_query=%D0%9F%D1%80%D0%BE%D1%81%D0%BF%D0%B5%D0%BA%D1%82+%D0%9F%D1%80%D0%BE%D1%81%D0%B2%D0%B5%D1%89%D0%B5%D0%BD%D0%B8%D1%8F+%D0%BA%D1%83%D0%B4%D0%B0+%D1%81%D1%85%D0%BE%D0%B4%D0%B8%D1%82%D1%8C&hl=ru,https://www.youtube.com/watch?v=UK3Mlw0puxU,Видео «питерский влог.путешествие с лизой от просвещения до невского» содержит явную привязку к городу.,False,Проспект Просвещения Санкт-Петербург блог | Проспект Просвещения куда сходить,2026-08-23T13:24:39.215627+00:00
739f446f7615897b7b86,lesha,youtube,https://www.youtube.com/@AlexUnyamin,AlexUnyamin,Санкт-Петербург,1220,nano,manual_only,original_profile_opened,https://www.youtube.com/@AlexUnyamin,https://www.youtube.com/results?search_query=%D0%9F%D1%83%D1%88%D0%BA%D0%B8%D0%BD%D1%81%D0%BA%D0%B8%D0%B9+%D1%80%D0%B0%D0%B9%D0%BE%D0%BD+%D0%A1%D0%B0%D0%BD%D0%BA%D1%82-%D0%9F%D0%B5%D1%82%D0%B5%D1%80%D0%B1%D1%83%D1%80%D0%B3+%D0%B1%D0%BB%D0%BE%D0%B3&hl=ru,https://www.youtube.com/watch?v=5ApriA79A3g,Видео «С любовью Санкт-Петербург. Места. Мысли. Воспоминания. #питер» содержит явную привязку к городу.,False,Пушкинский район Санкт-Петербург блог | Центральный район Санкт-Петербург блог,2026-08-23T13:24:37.515952+00:00
22d67237146a82027309,Level UP Школа IT-Профессий,youtube,https://www.youtube.com/@LevelUpInnovation,LevelUpInnovation,Санкт-Петербург,122,nano,manual_only,original_profile_opened,https://www.youtube.com/@LevelUpInnovation,https://www.youtube.com/results?search_query=Level+UP+%D0%A1%D0%B0%D0%BD%D0%BA%D1%82-%D0%9F%D0%B5%D1%82%D0%B5%D1%80%D0%B1%D1%83%D1%80%D0%B3+%D0%BE%D0%B1%D0%B7%D0%BE%D1%80&hl=ru,https://www.youtube.com/watch?v=uDmOBXj3QSw,Видео «Level UP - школа IT-технологий в Санкт-Петербурге» содержит явную привязку к городу.,True,Level UP Санкт-Петербург обзор,2026-08-23T13:24:16.830675+00:00
e16f212ab83f760c678a,Life is wonderful,youtube,https://www.youtube.com/@lifeiswonderful8797,lifeiswonderful8797,Санкт-Петербург,,unknown,manual_only,original_profile_opened,https://www.youtube.com/@lifeiswonderful8797,https://www.youtube.com/results?search_query=%D0%94%D0%BE%D0%BC+%D1%81+%D0%BA%D1%83%D1%80%D0%B0%D0%BD%D1%82%D0%B0%D0%BC%D0%B8+%D0%A1%D0%B0%D0%BD%D0%BA%D1%82-%D0%9F%D0%B5%D1%82%D0%B5%D1%80%D0%B1%D1%83%D1%80%D0%B3+%D0%BE%D0%B1%D0%B7%D0%BE%D1%80&hl=ru,https://www.youtube.com/watch?v=OLNnLbKeWXY,"Видео «ЖК ""Дом с курантами""  г. СПб, ул. Мебельная, 19/2» содержит явную привязку к городу.",True,Дом с курантами Санкт-Петербург обзор,2026-08-23T13:24:25.134173+00:00
62b14dee5b50cbe3e2ff,LIFE Петербург,youtube,https://www.youtube.com/@LIFE78spb,LIFE78spb,Санкт-Петербург,26000,micro,manual_only,original_profile_opened,https://www.youtube.com/@LIFE78spb,https://www.youtube.com/results?search_query=%D1%84%D0%BE%D1%82%D0%BE%D0%B3%D1%80%D0%B0%D1%84%D1%8B+%D0%A1%D0%9F%D0%B1+%D0%B1%D0%BB%D0%BE%D0%B3%D0%B5%D1%80&hl=ru,https://www.youtube.com/watch?v=ZWWvsLDimdM,Видео «Петербургский фотограф и блогер выпускает книгу со своим проектом» содержит явную привязку к городу.,False,лучшие фотографы Петербург | фотографы СПб блогер,2026-08-23T13:25:03.383992+00:00
040b9ecb40b45c931af8,lilaaa,youtube,https://www.youtube.com/@Lilaaa03,Lilaaa03,Санкт-Петербург,610,nano,manual_only,original_profile_opened,https://www.youtube.com/@Lilaaa03,https://www.youtube.com/results?search_query=%D0%9F%D0%B5%D1%82%D0%B5%D1%80%D0%B3%D0%BE%D1%84+%D0%A1%D0%B0%D0%BD%D0%BA%D1%82-%D0%9F%D0%B5%D1%82%D0%B5%D1%80%D0%B1%D1%83%D1%80%D0%B3+%D0%B1%D0%BB%D0%BE%D0%B3&hl=ru,https://www.youtube.com/watch?v=elf2EONz7hk,"Видео «VLOG из Санкт-Петербурга | Saint Petersburg | Петергоф, Дворцовая площадь, Водная прогулка» содержит явную привязку к городу.",False,Петергоф Санкт-Петербург блог,2026-08-23T13:24:43.877915+00:00
8371712c898df43a6e14,Lime Estate Channel,youtube,https://www.youtube.com/@limeestatechannel9497,limeestatechannel9497,Санкт-Петербург,32,nano,manual_only,original_profile_opened,https://www.youtube.com/@limeestatechannel9497,https://www.youtube.com/results?search_query=Stockholm+%D0%B6%D0%B8%D0%BB%D0%BE%D0%B9+%D0%BA%D0%BE%D0%BC%D0%BF%D0%BB%D0%B5%D0%BA%D1%81+%D0%A1%D0%B0%D0%BD%D0%BA%D1%82-%D0%9F%D0%B5%D1%82%D0%B5%D1%80%D0%B1%D1%83%D1%80%D0%B3+%D0%BE%D0%B1%D0%B7%D0%BE%D1%80&hl=ru,https://www.youtube.com/watch?v=91MQNR27RXY,Видео «Жилой Комплекс Stockholm в Санкт-Петербурге» содержит явную привязку к городу.,True,Stockholm жилой комплекс Санкт-Петербург обзор,2026-08-23T13:24:22.103651+00:00
c737e73997f69d681891,Lina life,youtube,https://www.youtube.com/@Lin_na21,Lin_na21,Санкт-Петербург,3,nano,manual_only,original_profile_opened,https://www.youtube.com/@Lin_na21,https://www.youtube.com/results?search_query=%D0%A1%D0%9F%D0%B1+lifestyle+vlog&hl=ru,https://www.youtube.com/watch?v=WinrHndCpIs,Видео «Поездка в Санкт-Петербург | VLOG | Аквапарк Питерлэнд |» содержит явную привязку к городу.,False,СПб lifestyle vlog,2026-08-23T13:24:15.567175+00:00
cd135ace460c306bb31f,LISSOV VLOG,youtube,https://www.youtube.com/@lissoff,lissoff,Санкт-Петербург,149000,mid,manual_only,original_profile_opened,https://www.youtube.com/@lissoff,https://www.youtube.com/results?search_query=%D0%9F%D0%B5%D1%82%D0%B5%D1%80%D0%B3%D0%BE%D1%84+%D0%A1%D0%B0%D0%BD%D0%BA%D1%82-%D0%9F%D0%B5%D1%82%D0%B5%D1%80%D0%B1%D1%83%D1%80%D0%B3+%D0%B1%D0%BB%D0%BE%D0%B3&hl=ru,https://www.youtube.com/watch?v=TWD6xLhmip0,Видео «ОДНИМ ДНЁМ — ПЕТЕРГОФ» содержит явную привязку к городу.,False,Петергоф Санкт-Петербург блог,2026-08-23T13:24:44.231608+00:00
e3972341c1f6ddd56397,liu zakh,youtube,https://www.youtube.com/@liuzakh,liuzakh,Санкт-Петербург,6040,nano,manual_only,original_profile_opened,https://www.youtube.com/@liuzakh,https://www.youtube.com/results?search_query=%D0%BB%D1%83%D1%87%D1%88%D0%B8%D0%B5+%D0%B2%D0%B8%D0%BD%D1%82%D0%B0%D0%B6+%D0%9F%D0%B5%D1%82%D0%B5%D1%80%D0%B1%D1%83%D1%80%D0%B3&hl=ru,https://www.youtube.com/watch?v=Q2wm3gPpqHc,Видео «лучшие винтажные магазины и секонд-хенды Петербурга! 🧣💫 | показываю покупки 🧚‍♂️» содержит явную привязку к городу.,False,лучшие винтаж Петербург,2026-08-23T13:25:01.445622+00:00
310c5aa76679e4364e6d,Living • Онлайн помощник покупки квартиры,youtube,https://www.youtube.com/@LivingRu,LivingRu,Санкт-Петербург,9180,nano,manual_only,original_profile_opened,https://www.youtube.com/@LivingRu,https://www.youtube.com/results?search_query=Stockholm+%D0%B6%D0%B8%D0%BB%D0%BE%D0%B9+%D0%BA%D0%BE%D0%BC%D0%BF%D0%BB%D0%B5%D0%BA%D1%81+%D0%A1%D0%B0%D0%BD%D0%BA%D1%82-%D0%9F%D0%B5%D1%82%D0%B5%D1%80%D0%B1%D1%83%D1%80%D0%B3+%D0%BE%D0%B1%D0%B7%D0%BE%D1%80&hl=ru,https://www.youtube.com/watch?v=c-ORmxpJIlY,Видео «ЖК «Stockholm» отзыв Тайного Покупателя. Setl City. Новостройки Санкт-Петербурга» содержит явную привязку к городу.,True,LIFE Приморский Санкт-Петербург обзор | Stockholm жилой комплекс Санкт-Петербург обзор | Три ветра жилой комплекс Санкт-Петербург обзор | йога Санкт-Петербург обзор,2026-08-23T13:24:23.190702+00:00
e46c7a3c7de152209156,Liza Ermolaeva,youtube,https://www.youtube.com/@lizaveta05,lizaveta05,Санкт-Петербург,2010,nano,manual_only,original_profile_opened,https://www.youtube.com/@lizaveta05,https://www.youtube.com/results?search_query=%D0%9F%D0%B5%D1%82%D1%80%D0%BE%D0%B4%D0%B2%D0%BE%D1%80%D1%86%D0%BE%D0%B2%D1%8B%D0%B9+%D1%80%D0%B0%D0%B9%D0%BE%D0%BD+%D0%A1%D0%B0%D0%BD%D0%BA%D1%82-%D0%9F%D0%B5%D1%82%D0%B5%D1%80%D0%B1%D1%83%D1%80%D0%B3+%D0%B1%D0%BB%D0%BE%D0%B3&hl=ru,https://www.youtube.com/watch?v=Td6_caXBWlo,Видео «Как Изменилась Моя Жизнь После Переезда В Санкт-Петербург» содержит явную привязку к городу.,False,Петродворцовый район Санкт-Петербург блог,2026-08-23T13:24:35.582027+00:00
c3f2a073b67ebe39deb1,Liza Lvova,youtube,https://www.youtube.com/@lizalvova6225,lizalvova6225,Санкт-Петербург,2390,nano,manual_only,original_profile_opened,https://www.youtube.com/@lizalvova6225,https://www.youtube.com/results?search_query=%D0%BE%D0%B1%D1%80%D0%B0%D0%B7%D0%BE%D0%B2%D0%B0%D0%BD%D0%B8%D0%B5+%D0%A1%D0%9F%D0%B1+%D0%B1%D0%BB%D0%BE%D0%B3%D0%B5%D1%80&hl=ru,https://www.youtube.com/watch?v=vfCUPfWr8v8,Видео «Поступление на Дизайнера Одежды - Что Нужно Знать?/ Плюсы и Минусы/ СПБ» содержит явную привязку к городу.,False,образование СПб блогер,2026-08-23T13:25:05.687426+00:00
6441a12c9199c194ae51,LizaTheFirst,youtube,https://www.youtube.com/@LizaTheFirst,LizaTheFirst,Санкт-Петербург,1220,nano,manual_only,original_profile_opened,https://www.youtube.com/@LizaTheFirst,https://www.youtube.com/results?search_query=%D0%9D%D0%BE%D0%B2%D0%B0%D1%8F+%D0%93%D0%BE%D0%BB%D0%BB%D0%B0%D0%BD%D0%B4%D0%B8%D1%8F+%D1%81%D0%B5%D0%BC%D0%B5%D0%B9%D0%BD%D1%8B%D0%B9+%D0%BE%D0%B1%D0%B7%D0%BE%D1%80&hl=ru,https://www.youtube.com/watch?v=5jJ-MG9WREA,Видео «Куда сходить с детьми. Остров Новая Голландия Санкт-Петербург. Лиза Где Серия 11 || LizaTheFirst ||» содержит явную привязку к городу.,False,Новая Голландия семейный обзор,2026-08-23T13:24:47.267258+00:00
711f0e3e35b0682dcf5d,Lizok Rudik,youtube,https://www.youtube.com/@lizok.rudik2008,lizok.rudik2008,Санкт-Петербург,7720,nano,manual_only,original_profile_opened,https://www.youtube.com/@lizok.rudik2008,https://www.youtube.com/results?search_query=%D0%9F%D1%80%D0%B8%D0%B1%D0%B0%D0%B2%D0%BB%D0%B5%D0%BD%D0%B8%D0%B5+%D1%82%D0%BE%D0%B2%D0%B0%D1%80%D1%8B+%D0%B4%D0%BB%D1%8F+%D0%B4%D0%B5%D1%82%D0%B5%D0%B9+%D0%A1%D0%B0%D0%BD%D0%BA%D1%82-%D0%9F%D0%B5%D1%82%D0%B5%D1%80%D0%B1%D1%83%D1%80%D0%B3+%D0%BE%D0%B1%D0%B7%D0%BE%D1%80&hl=ru,https://www.youtube.com/watch?v=TM77OyzmIwI,Видео «МОИ СУВЕНИРЫ ИЗ ПИТЕРА😍 #обзор #сувениры #питер #спб #обзореды #обзорпокупок #покупки #чтокупить» содержит явную привязку к городу.,True,Прибавление товары для детей Санкт-Петербург обзор,2026-08-23T13:24:18.525399+00:00
ffda31a8ad5232a40f7a,lizussha,youtube,https://www.youtube.com/@lizussha00,lizussha00,Санкт-Петербург,8,nano,manual_only,original_profile_opened,https://www.youtube.com/@lizussha00,https://www.youtube.com/results?search_query=%D0%92%D1%8B%D0%B1%D0%BE%D1%80%D0%B3%D1%81%D0%BA%D0%B8%D0%B9+%D1%80%D0%B0%D0%B9%D0%BE%D0%BD+%D0%A1%D0%B0%D0%BD%D0%BA%D1%82-%D0%9F%D0%B5%D1%82%D0%B5%D1%80%D0%B1%D1%83%D1%80%D0%B3+%D0%B1%D0%BB%D0%BE%D0%B3&hl=ru,https://www.youtube.com/watch?v=RAh2iRRRDlw,Видео «VLOG | Питер & Выборг» содержит явную привязку к городу.,False,Выборгский район Санкт-Петербург блог,2026-08-23T13:24:26.432404+00:00
8f0c9b479266b81179ed,LonelyStar,youtube,https://www.youtube.com/@lonelystarvlogs,lonelystarvlogs,Санкт-Петербург,73,nano,manual_only,original_profile_opened,https://www.youtube.com/@lonelystarvlogs,https://www.youtube.com/results?search_query=%D1%84%D0%BE%D1%82%D0%BE%D0%B3%D1%80%D0%B0%D1%84%D1%8B+%D0%A1%D0%9F%D0%B1+%D0%B1%D0%BB%D0%BE%D0%B3%D0%B5%D1%80&hl=ru,https://www.youtube.com/watch?v=FiSv9HWtGlg,Видео «Неделя из жизни фотографа в СПБ | LONELYSTAR VLOG» содержит явную привязку к городу.,False,фотографы СПб блогер,2026-08-23T13:25:03.207221+00:00
9a38d9fea97f95bfc584,M N,youtube,https://www.youtube.com/@13thPodge,13thPodge,Санкт-Петербург,92,nano,manual_only,original_profile_opened,https://www.youtube.com/@13thPodge,https://www.youtube.com/results?search_query=LIFE+%D0%9F%D1%80%D0%B8%D0%BC%D0%BE%D1%80%D1%81%D0%BA%D0%B8%D0%B9+%D0%A1%D0%B0%D0%BD%D0%BA%D1%82-%D0%9F%D0%B5%D1%82%D0%B5%D1%80%D0%B1%D1%83%D1%80%D0%B3+%D0%BE%D0%B1%D0%B7%D0%BE%D1%80&hl=ru,https://www.youtube.com/watch?v=3htiI83ms4Q,Видео «ЖК Life Приморский. Санкт-Петербург» содержит явную привязку к городу.,True,LIFE Приморский Санкт-Петербург обзор,2026-08-23T13:24:25.536339+00:00
5f064d4937077c51ff7d,M2TV - Недвижимость с экспертами,youtube,https://www.youtube.com/@m2tv-exp,m2tv-exp,Санкт-Петербург,73800,micro,manual_only,original_profile_opened,https://www.youtube.com/@m2tv-exp,https://www.youtube.com/results?search_query=Legenda+%D0%9E%D0%BF%D1%82%D0%B8%D0%BA%D0%BE%D0%B2+%D0%A1%D0%B0%D0%BD%D0%BA%D1%82-%D0%9F%D0%B5%D1%82%D0%B5%D1%80%D0%B1%D1%83%D1%80%D0%B3+%D0%BE%D0%B1%D0%B7%D0%BE%D1%80&hl=ru,https://www.youtube.com/watch?v=x1u_FWuu_9E,"Видео «Обзор новостройки ЖК «Легенда» на улице Оптиков от застройщика «Легенда», Санкт-Петербург» содержит явную привязку к городу.",True,Legenda Оптиков Санкт-Петербург обзор,2026-08-23T13:24:23.134139+00:00
085ed788e6ef8a4b4c6f,Makarov_acro_trener,youtube,https://www.youtube.com/@makarov_acro_trener,makarov_acro_trener,Санкт-Петербург,43,nano,manual_only,original_profile_opened,https://www.youtube.com/@makarov_acro_trener,https://www.youtube.com/results?search_query=%D1%81%D0%BF%D0%BE%D1%80%D1%82+%D0%9F%D0%B8%D1%82%D0%B5%D1%80+shorts&hl=ru,https://www.youtube.com/watch?v=i7F5SyVRCwI,Видео «Что будет если слушать тренера ? 😉 #shorts #спб #акробатика #спорт #питер» содержит явную привязку к городу.,False,спорт Питер shorts,2026-08-23T13:25:04.283467+00:00
34524078594bab8c9756,Marat Vafin,youtube,https://www.youtube.com/@maratvafin1288,maratvafin1288,Санкт-Петербург,8,nano,manual_only,original_profile_opened,https://www.youtube.com/@maratvafin1288,https://www.youtube.com/results?search_query=%D0%BB%D1%83%D1%87%D1%88%D0%B8%D0%B5+%D0%B4%D0%B5%D1%82%D1%81%D0%BA%D0%B8%D0%B5+%D0%BF%D1%80%D0%B0%D0%B7%D0%B4%D0%BD%D0%B8%D0%BA%D0%B8+%D0%9F%D0%B5%D1%82%D0%B5%D1%80%D0%B1%D1%83%D1%80%D0%B3&hl=ru,https://www.youtube.com/watch?v=NRodltFLCuA,Видео «Детские праздники в Спб» содержит явную привязку к городу.,False,лучшие детские праздники Петербург,2026-08-23T13:24:55.121889+00:00
806a9e1a60047010a0bb,Maria Kharina,youtube,https://www.youtube.com/@marylimerence,marylimerence,Санкт-Петербург,17300,micro,manual_only,original_profile_opened,https://www.youtube.com/@marylimerence,https://www.youtube.com/results?search_query=%D0%9F%D0%B5%D1%82%D0%B5%D1%80%D0%B1%D1%83%D1%80%D0%B3+%D0%B3%D0%BE%D1%80%D0%BE%D0%B4%D1%81%D0%BA%D0%BE%D0%B9+%D0%B1%D0%BB%D0%BE%D0%B3&hl=ru,https://www.youtube.com/watch?v=N6MhZGQLvRo,"Видео «САНКТ-ПЕТЕРБУРГ. Гайд по красивым местам. Рестораны, Новая Голландия, Эрмитаж, Достопримечательности» содержит явную привязку к городу.",False,Новая Голландия Санкт-Петербург блог | Новая Голландия кафе обзор | Новая Голландия куда сходить | Новая Голландия обзор мест | Петербург городской блог | Петергоф куда сходить | лучшие афиша Петербург,2026-08-23T13:24:14.311640+00:00
b55429762990f21daaaf,Maria Nefedova,youtube,https://www.youtube.com/@maria7nd,maria7nd,Санкт-Петербург,14100,micro,manual_only,original_profile_opened,https://www.youtube.com/@maria7nd,https://www.youtube.com/results?search_query=%D0%BB%D1%83%D1%87%D1%88%D0%B8%D0%B5+%D0%B4%D0%B5%D1%82%D1%81%D0%BA%D0%B8%D0%B5+%D1%86%D0%B5%D0%BD%D1%82%D1%80%D1%8B+%D0%9F%D0%B5%D1%82%D0%B5%D1%80%D0%B1%D1%83%D1%80%D0%B3&hl=ru,https://www.youtube.com/watch?v=TYSnhGmz8dk,Видео «Самый сказочный музей в Петербурге 😍 Куда сходить в СПб? #питер» содержит явную привязку к городу.,False,детские кружки Санкт-Петербург обзор | лучшие детские центры Петербург,2026-08-23T13:24:53.779010+00:00
670dbceb23dd0c95e8d4,Maria Sklezneva,youtube,https://www.youtube.com/@maria_sklezneva,maria_sklezneva,Санкт-Петербург,3880,nano,manual_only,original_profile_opened,https://www.youtube.com/@maria_sklezneva,https://www.youtube.com/results?search_query=%D0%9F%D0%B5%D1%82%D0%B5%D1%80%D0%B1%D1%83%D1%80%D0%B3+%D0%BC%D0%B0%D0%BC%D0%B0+%D0%B1%D0%BB%D0%BE%D0%B3&hl=ru,https://www.youtube.com/watch?v=BaHDMVbPmwQ,Видео «Одна с ребенком в Петербурге 🌊» содержит явную привязку к городу.,False,Петербург мама блог | СПб семейный блог,2026-08-23T13:24:13.268201+00:00
c0bede778d95fbe2f4fc,Martin Toomr,youtube,https://www.youtube.com/@martintoomr5755,martintoomr5755,Санкт-Петербург,22,nano,manual_only,original_profile_opened,https://www.youtube.com/@martintoomr5755,https://www.youtube.com/results?search_query=%D0%9A%D0%BE%D0%BC%D0%B5%D0%BD%D0%B4%D0%B0%D0%BD%D1%82%D1%81%D0%BA%D0%B8%D0%B9+%D0%BF%D1%80%D0%BE%D1%81%D0%BF%D0%B5%D0%BA%D1%82+%D0%BA%D1%83%D0%B4%D0%B0+%D1%81%D1%85%D0%BE%D0%B4%D0%B8%D1%82%D1%8C&hl=ru,https://www.youtube.com/watch?v=C_lxb7rmRiA,Видео «Два такси не поделили Комендантский проспект ночью» содержит явную привязку к городу.,False,Комендантский проспект куда сходить,2026-08-23T13:24:39.185316+00:00
4fcf728742e7165bed2d,Masha Family Days,youtube,https://www.youtube.com/@Izrailityanka,Izrailityanka,Санкт-Петербург,3390,nano,manual_only,original_profile_opened,https://www.youtube.com/@Izrailityanka,https://www.youtube.com/results?search_query=%D0%9F%D0%B5%D1%82%D0%B5%D1%80%D0%B1%D1%83%D1%80%D0%B3+%D0%BC%D0%B0%D0%BC%D0%B0+%D0%B1%D0%BB%D0%BE%D0%B3&hl=ru,https://www.youtube.com/watch?v=5h012RreVzU,Видео «Не туристический Петербург глазами израильтянки ✈️ Мои любимые места и кафе | Masha Family Days» содержит явную привязку к городу.,False,Петербург мама блог | Питер фуд блог | СПб семейный блог | лучшие кофейни Петербург | лучшие отели Петербург | семейный досуг СПб блогер,2026-08-23T13:24:13.285805+00:00
c12bea547b747bf4b643,mashafilms,youtube,https://www.youtube.com/@mashafilms,mashafilms,Санкт-Петербург,3430,nano,manual_only,original_profile_opened,https://www.youtube.com/@mashafilms,https://www.youtube.com/results?search_query=%D0%9F%D0%B5%D1%82%D0%B5%D1%80%D0%B1%D1%83%D1%80%D0%B3+%D0%BC%D0%B8%D0%BA%D1%80%D0%BE%D0%B8%D0%BD%D1%84%D0%BB%D1%8E%D0%B5%D0%BD%D1%81%D0%B5%D1%80&hl=ru,https://www.youtube.com/watch?v=omnk3ri9i1c,Видео «как интроверт проводит лето в петербурге» содержит явную привязку к городу.,False,Петербург микроинфлюенсер,2026-08-23T13:24:12.473495+00:00
c0577933bec71c1bff49,max malyshev Life and Travel,youtube,https://www.youtube.com/@maxmalyshev,maxmalyshev,Санкт-Петербург,11700,micro,manual_only,original_profile_opened,https://www.youtube.com/@maxmalyshev,https://www.youtube.com/results?search_query=%D0%9C%D0%BE%D1%81%D0%BA%D0%BE%D0%B2%D1%81%D0%BA%D0%B8%D0%B9+%D1%80%D0%B0%D0%B9%D0%BE%D0%BD+%D0%A1%D0%B0%D0%BD%D0%BA%D1%82-%D0%9F%D0%B5%D1%82%D0%B5%D1%80%D0%B1%D1%83%D1%80%D0%B3+%D0%B1%D0%BB%D0%BE%D0%B3&hl=ru,https://www.youtube.com/watch?v=k8QcUOZyf4g,Видео «В поисках Жилья Московский район Санкт-Петербург» содержит явную привязку к городу.,False,Московский район Санкт-Петербург блог | Новая Голландия кафе обзор,2026-08-23T13:24:34.837609+00:00
d91c9c9bff34606cee7d,MAXIMUM | Онлайн-школа,youtube,https://www.youtube.com/@MaximumtestRutop,MaximumtestRutop,Санкт-Петербург,26900,micro,manual_only,original_profile_opened,https://www.youtube.com/@MaximumtestRutop,https://www.youtube.com/results?search_query=%D1%88%D0%BA%D0%BE%D0%BB%D1%8B+%D0%A1%D0%9F%D0%B1+%D0%B1%D0%BB%D0%BE%D0%B3%D0%B5%D1%80&hl=ru,https://www.youtube.com/watch?v=GrjNORYBei0,Видео «ШколОбзор | Отзывы на школы Санкт-Петербурга» содержит явную привязку к городу.,False,лучшие школы Петербург | школы СПб блогер | школы Санкт-Петербург обзор,2026-08-23T13:24:54.519746+00:00
3883cc7843e0129a22b4,MegaAgent | Недвижимость в Санкт-Петербурге,youtube,https://www.youtube.com/@MegaAgent,MegaAgent,Санкт-Петербург,1700,nano,manual_only,original_profile_opened,https://www.youtube.com/@MegaAgent,https://www.youtube.com/results?search_query=%D0%9F%D1%80%D0%B8%D0%BC%D0%BE%D1%80%D1%81%D0%BA%D0%B8%D0%B9+%D1%80%D0%B0%D0%B9%D0%BE%D0%BD+%D0%BE%D0%B1%D0%B7%D0%BE%D1%80+%D0%BC%D0%B5%D1%81%D1%82&hl=ru,https://www.youtube.com/watch?v=2aeIfpJjVME,Видео «Где лучше ЖИТЬ В ПРИМОРСКОМ районе Петербурга?» содержит явную привязку к городу.,False,Приморский район обзор мест,2026-08-23T13:24:36.493449+00:00
c04fa17d1c6f7ef936ac,Mehli🍂,youtube,https://www.youtube.com/@meefli,meefli,Санкт-Петербург,16300,micro,manual_only,original_profile_opened,https://www.youtube.com/@meefli,https://www.youtube.com/results?search_query=%D0%9F%D0%B8%D1%82%D0%B5%D1%80+%D0%BB%D0%BE%D0%BA%D0%B0%D0%BB%D1%8C%D0%BD%D1%8B%D0%B9+%D0%B0%D0%B2%D1%82%D0%BE%D1%80&hl=ru,https://www.youtube.com/watch?v=_p2yXN_b8nc,Видео «𐙚 Питер — город криминала | клип | gacha life2 | by Mehh» содержит явную привязку к городу.,False,Питер локальный автор,2026-08-23T13:24:14.074629+00:00
59128b6b10033f79eb42,mirosophya,youtube,https://www.youtube.com/@mirosophya,mirosophya,Санкт-Петербург,187,nano,manual_only,original_profile_opened,https://www.youtube.com/@mirosophya,https://www.youtube.com/results?search_query=%D1%84%D0%BE%D1%82%D0%BE%D0%B3%D1%80%D0%B0%D1%84%D1%8B+%D0%A1%D0%9F%D0%B1+%D0%B1%D0%BB%D0%BE%D0%B3%D0%B5%D1%80&hl=ru,https://www.youtube.com/watch?v=SExXe9v11P8,Видео «vlog / 001 будни фотографа в Петербурге» содержит явную привязку к городу.,False,фотографы СПб блогер,2026-08-23T13:25:03.320169+00:00
d4c304cf402e808e05ad,Mirray78,youtube,https://www.youtube.com/@mirray78,mirray78,Санкт-Петербург,4480,nano,manual_only,original_profile_opened,https://www.youtube.com/@mirray78,https://www.youtube.com/results?search_query=%D0%9F%D1%80%D0%B8%D0%B1%D0%B0%D0%B2%D0%BB%D0%B5%D0%BD%D0%B8%D0%B5+%D1%82%D0%BE%D0%B2%D0%B0%D1%80%D1%8B+%D0%B4%D0%BB%D1%8F+%D0%B4%D0%B5%D1%82%D0%B5%D0%B9+%D0%A1%D0%B0%D0%BD%D0%BA%D1%82-%D0%9F%D0%B5%D1%82%D0%B5%D1%80%D0%B1%D1%83%D1%80%D0%B3+%D0%BE%D0%B1%D0%B7%D0%BE%D1%80&hl=ru,https://www.youtube.com/watch?v=p_63Iu1EF-M,Видео «Коробка Беглова - Подарочный набор для новорожденного петербуржца ❤️ #роддом #санктпетербург #беглов» содержит явную привязку к городу.,True,Прибавление товары для детей Санкт-Петербург обзор,2026-08-23T13:24:18.287562+00:00
01921b0c7193811099d2,MisterMatveyka,youtube,https://www.youtube.com/@MisterMatveyka,MisterMatveyka,Санкт-Петербург,11,nano,manual_only,original_profile_opened,https://www.youtube.com/@MisterMatveyka,https://www.youtube.com/results?search_query=%D0%A2%D0%A0%D0%9A+%D0%90%D1%82%D0%BC%D0%BE%D1%81%D1%84%D0%B5%D1%80%D0%B0+%D0%A1%D0%B0%D0%BD%D0%BA%D1%82-%D0%9F%D0%B5%D1%82%D0%B5%D1%80%D0%B1%D1%83%D1%80%D0%B3+%D0%BE%D0%B1%D0%B7%D0%BE%D1%80&hl=ru,https://www.youtube.com/watch?v=eql69_OXN3E,"Видео «Фестиваль ""Звездный час""   в трк ""Атмосфера""» содержит явную привязку к городу.",True,ТРК Атмосфера Санкт-Петербург обзор,2026-08-23T13:24:17.989599+00:00
59993381011ef6bcab27,Mnogo Prazdnikov,youtube,https://www.youtube.com/@mnogoprazdnikov4850,mnogoprazdnikov4850,Санкт-Петербург,1390,nano,manual_only,original_profile_opened,https://www.youtube.com/@mnogoprazdnikov4850,https://www.youtube.com/results?search_query=%D0%B4%D0%B5%D1%82%D1%81%D0%BA%D0%B8%D0%B5+%D0%BF%D1%80%D0%B0%D0%B7%D0%B4%D0%BD%D0%B8%D0%BA%D0%B8+%D0%A1%D0%9F%D0%B1+%D0%B1%D0%BB%D0%BE%D0%B3%D0%B5%D1%80&hl=ru,https://www.youtube.com/watch?v=w9uxmmOvspk,Видео «ЛУЧШИЕ АНИМАТОРЫ В САНКТ-ПЕТЕРБУРГЕ!!!ДЕТСКИЕ ПРАЗДНИКИ» содержит явную привязку к городу.,False,детские праздники Питер shorts | детские праздники СПб блогер | лучшие детские праздники Петербург,2026-08-23T13:24:54.504174+00:00
d6e221e63863766a9d91,Mobotix Webcams Russia | Marathon to 100k,youtube,https://www.youtube.com/@msbud2,msbud2,Санкт-Петербург,97600,micro,manual_only,original_profile_opened,https://www.youtube.com/@msbud2,https://www.youtube.com/results?search_query=%D0%9F%D0%B5%D1%82%D0%B5%D1%80%D0%B1%D1%83%D1%80%D0%B3+%D0%BC%D0%B8%D0%BA%D1%80%D0%BE%D0%B8%D0%BD%D1%84%D0%BB%D1%8E%D0%B5%D0%BD%D1%81%D0%B5%D1%80&hl=ru,https://www.youtube.com/watch?v=h1wly909BYw,"Видео «LIVE CAM Zagorodny avenue, St. Petersburg. Веб-камера онлайн Загородный проспект, Санкт-Петербург» содержит явную привязку к городу.",False,Петербург микроинфлюенсер | Проспект Просвещения обзор мест,2026-08-23T13:24:12.765975+00:00
b6118305156f368aa8be,monitoringtvnews - Новости Петербурга,youtube,https://www.youtube.com/@monitoringtvnews,monitoringtvnews,Санкт-Петербург,1880,nano,manual_only,original_profile_opened,https://www.youtube.com/@monitoringtvnews,https://www.youtube.com/results?search_query=%D0%BB%D1%83%D1%87%D1%88%D0%B8%D0%B5+%D1%87%D0%B0%D1%81%D1%82%D0%BD%D1%8B%D0%B5+%D0%BA%D0%BB%D0%B8%D0%BD%D0%B8%D0%BA%D0%B8+%D0%9F%D0%B5%D1%82%D0%B5%D1%80%D0%B1%D1%83%D1%80%D0%B3&hl=ru,https://www.youtube.com/watch?v=nPifDbGPRVI,Видео «31-больница Санкт-Петербурга» содержит явную привязку к городу.,False,лучшие частные клиники Петербург,2026-08-23T13:24:53.486846+00:00
c596ef33354fbd57e658,Monokesha,youtube,https://www.youtube.com/@Monokesha,Monokesha,Санкт-Петербург,29200,micro,manual_only,original_profile_opened,https://www.youtube.com/@Monokesha,https://www.youtube.com/results?search_query=%D0%A3%D0%B4%D0%B5%D0%BB%D1%8C%D0%BD%D0%B0%D1%8F+%D0%A1%D0%B0%D0%BD%D0%BA%D1%82-%D0%9F%D0%B5%D1%82%D0%B5%D1%80%D0%B1%D1%83%D1%80%D0%B3+%D0%B1%D0%BB%D0%BE%D0%B3&hl=ru,https://www.youtube.com/watch?v=QdEV1g5k_2M,Видео «Блошиный рынок в Санкт-Петербурге (м. Удельная)» содержит явную привязку к городу.,False,Удельная Санкт-Петербург блог,2026-08-23T13:24:50.422463+00:00
cf5512e4220a67491a9e,Mosha_moshosha,youtube,https://www.youtube.com/@mosha_moshosha6921,mosha_moshosha6921,Санкт-Петербург,48800,micro,manual_only,original_profile_opened,https://www.youtube.com/@mosha_moshosha6921,https://www.youtube.com/results?search_query=%D0%9F%D0%B5%D1%82%D1%80%D0%BE%D0%B4%D0%B2%D0%BE%D1%80%D1%86%D0%BE%D0%B2%D1%8B%D0%B9+%D1%80%D0%B0%D0%B9%D0%BE%D0%BD+%D0%A1%D0%B0%D0%BD%D0%BA%D1%82-%D0%9F%D0%B5%D1%82%D0%B5%D1%80%D0%B1%D1%83%D1%80%D0%B3+%D0%B1%D0%BB%D0%BE%D0%B3&hl=ru,https://www.youtube.com/watch?v=dbcg7-VwHdk,Видео «Поездка в Питер 🌃 | Румтур | Что мне подарил любимый? 🎁 #румтур #путешествия #санктпетербург» содержит явную привязку к городу.,False,Петродворцовый район Санкт-Петербург блог | Центральный район Санкт-Петербург блог,2026-08-23T13:24:35.596259+00:00
67d40a1fa1e453d9dee1,Mr.RodionToyWorld,youtube,https://www.youtube.com/@mr.rodiontoyworld7140,mr.rodiontoyworld7140,Санкт-Петербург,18,nano,manual_only,original_profile_opened,https://www.youtube.com/@mr.rodiontoyworld7140,https://www.youtube.com/results?search_query=%D0%B4%D0%B5%D1%82%D1%81%D0%BA%D0%B8%D0%B5+%D1%86%D0%B5%D0%BD%D1%82%D1%80%D1%8B+%D0%A1%D0%9F%D0%B1+%D0%B1%D0%BB%D0%BE%D0%B3%D0%B5%D1%80&hl=ru,https://www.youtube.com/watch?v=WQuJrVl6wMU,Видео «Поход в детский центр joki joya Санкт Петербурга.» содержит явную привязку к городу.,False,детские центры СПб блогер,2026-08-23T13:24:54.189062+00:00
6dd341fe76a6311691cf,MrPoeros,youtube,https://www.youtube.com/@MrPoeros,MrPoeros,Санкт-Петербург,198,nano,manual_only,original_profile_opened,https://www.youtube.com/@MrPoeros,https://www.youtube.com/results?search_query=%D0%9A%D0%B0%D0%BB%D0%B8%D0%BD%D0%B8%D0%BD%D1%81%D0%BA%D0%B8%D0%B9+%D1%80%D0%B0%D0%B9%D0%BE%D0%BD+%D0%A1%D0%B0%D0%BD%D0%BA%D1%82-%D0%9F%D0%B5%D1%82%D0%B5%D1%80%D0%B1%D1%83%D1%80%D0%B3+%D0%B1%D0%BB%D0%BE%D0%B3&hl=ru,https://www.youtube.com/watch?v=EzmZtVz4RJc,Видео «#Санкт-Петербург каким вы его не видели ⚡Калининский район⚡» содержит явную привязку к городу.,False,Калининский район Санкт-Петербург блог | Сестрорецк обзор мест,2026-08-23T13:24:31.011416+00:00
0dbb2a2cecc72211dae4,mrvalikoff,youtube,https://www.youtube.com/@mrvalikoff,mrvalikoff,Санкт-Петербург,3070,nano,manual_only,original_profile_opened,https://www.youtube.com/@mrvalikoff,https://www.youtube.com/results?search_query=%D0%92%D1%8B%D0%B1%D0%BE%D1%80%D0%B3%D1%81%D0%BA%D0%B8%D0%B9+%D1%80%D0%B0%D0%B9%D0%BE%D0%BD+%D0%BA%D1%83%D0%B4%D0%B0+%D1%81%D1%85%D0%BE%D0%B4%D0%B8%D1%82%D1%8C&hl=ru,https://www.youtube.com/watch?v=3UaHBRhLqsw,Видео «Выборг – жаркий северный город» содержит явную привязку к городу.,False,Выборгский район куда сходить,2026-08-23T13:24:31.467666+00:00
e22993d77ad2c316a504,museumlen,youtube,https://www.youtube.com/@museumlen,museumlen,Санкт-Петербург,30,nano,manual_only,original_profile_opened,https://www.youtube.com/@museumlen,https://www.youtube.com/results?search_query=%D0%9A%D1%80%D0%B0%D1%81%D0%BD%D0%BE%D0%B3%D0%B2%D0%B0%D1%80%D0%B4%D0%B5%D0%B9%D1%81%D0%BA%D0%B8%D0%B9+%D1%80%D0%B0%D0%B9%D0%BE%D0%BD+%D0%BA%D1%83%D0%B4%D0%B0+%D1%81%D1%85%D0%BE%D0%B4%D0%B8%D1%82%D1%8C&hl=ru,https://www.youtube.com/watch?v=zmS9MXQj5G4,Видео «Санкт-Петербург. Красногвардейский район.» содержит явную привязку к городу.,False,Красногвардейский район куда сходить,2026-08-23T13:24:32.317770+00:00
3ecc38f31298d167cb79,Museums and interesting locations,youtube,https://www.youtube.com/@Museumsandinterestinglocations,Museumsandinterestinglocations,Санкт-Петербург,1400,nano,manual_only,original_profile_opened,https://www.youtube.com/@Museumsandinterestinglocations,https://www.youtube.com/results?search_query=%D0%9F%D1%80%D0%B8%D0%B1%D0%B0%D0%B2%D0%BB%D0%B5%D0%BD%D0%B8%D0%B5+%D1%82%D0%BE%D0%B2%D0%B0%D1%80%D1%8B+%D0%B4%D0%BB%D1%8F+%D0%B4%D0%B5%D1%82%D0%B5%D0%B9+%D0%A1%D0%B0%D0%BD%D0%BA%D1%82-%D0%9F%D0%B5%D1%82%D0%B5%D1%80%D0%B1%D1%83%D1%80%D0%B3+%D0%BE%D0%B1%D0%B7%D0%BE%D1%80&hl=ru,https://www.youtube.com/watch?v=oaLpsR1i2oA,Видео «Детский магазин. ТЦ Галерея. СПБ. Children's store. Gallery Shopping center. SPB.» содержит явную привязку к городу.,True,Прибавление товары для детей Санкт-Петербург обзор,2026-08-23T13:24:18.489615+00:00
620ff0db77d7c6fda96c,Must Anna,youtube,https://www.youtube.com/@must_anna,must_anna,Санкт-Петербург,16300,micro,manual_only,original_profile_opened,https://www.youtube.com/@must_anna,https://www.youtube.com/results?search_query=%D0%9B%D0%B0%D1%85%D1%82%D0%B0+%D0%BA%D1%83%D0%B4%D0%B0+%D1%81%D1%85%D0%BE%D0%B4%D0%B8%D1%82%D1%8C&hl=ru,https://www.youtube.com/watch?v=GJqokVUmvTk,"Видео «Куда сходить в Питере? Стильный отель, бассейн напротив Лахты и любимые места» содержит явную привязку к городу.",False,Лахта куда сходить,2026-08-23T13:24:47.962648+00:00
d23487fae67590ca3650,Muzalevsky Photo,youtube,https://www.youtube.com/@Muzalevsky_Photo,Muzalevsky_Photo,Санкт-Петербург,15100,micro,manual_only,original_profile_opened,https://www.youtube.com/@Muzalevsky_Photo,https://www.youtube.com/results?search_query=%D0%9D%D0%BE%D0%B2%D0%B0%D1%8F+%D0%93%D0%BE%D0%BB%D0%BB%D0%B0%D0%BD%D0%B4%D0%B8%D1%8F+%D0%BE%D0%B1%D0%B7%D0%BE%D1%80+%D0%BC%D0%B5%D1%81%D1%82&hl=ru,https://www.youtube.com/watch?v=e1uOxxCf-i4,Видео «Экскурсия Новая Голландия. Петербург» содержит явную привязку к городу.,False,Новая Голландия обзор мест,2026-08-23T13:24:45.821649+00:00
f582c36e4a4685e9e05d,MY RETRO DAYS,youtube,https://www.youtube.com/@myretrodays,myretrodays,Санкт-Петербург,6460,nano,manual_only,original_profile_opened,https://www.youtube.com/@myretrodays,https://www.youtube.com/results?search_query=%D0%9A%D0%BE%D0%BC%D0%B5%D0%BD%D0%B4%D0%B0%D0%BD%D1%82%D1%81%D0%BA%D0%B8%D0%B9+%D0%BF%D1%80%D0%BE%D1%81%D0%BF%D0%B5%D0%BA%D1%82+%D0%BE%D0%B1%D0%B7%D0%BE%D1%80+%D0%BC%D0%B5%D1%81%D1%82&hl=ru,https://www.youtube.com/watch?v=HSZeulyXoH0,Видео «GAME HUNTING # 20 Комендантский проспект.Ночью.» содержит явную привязку к городу.,False,Комендантский проспект обзор мест,2026-08-23T13:24:39.444986+00:00
a33352d635f03907c018,mytimefitness chanel,youtube,https://www.youtube.com/@mytimefitnesschanel197,mytimefitnesschanel197,Санкт-Петербург,20,nano,manual_only,original_profile_opened,https://www.youtube.com/@mytimefitnesschanel197,https://www.youtube.com/results?search_query=%D0%BB%D1%83%D1%87%D1%88%D0%B8%D0%B5+%D1%84%D0%B8%D1%82%D0%BD%D0%B5%D1%81+%D0%9F%D0%B5%D1%82%D0%B5%D1%80%D0%B1%D1%83%D1%80%D0%B3&hl=ru,https://www.youtube.com/watch?v=u1kYwIZx6t8,Видео «MYTIMEFINESS - СЕТЬ СОВРЕМЕННЫХ ФИТНЕС-КЛУБОВ В САНКТ-ПЕТЕРБУРГЕ» содержит явную привязку к городу.,False,лучшие фитнес Петербург,2026-08-23T13:24:52.464342+00:00
220c4242927cb685b7bd,Mятный orbit,youtube,https://www.youtube.com/@mintorbit93,mintorbit93,Санкт-Петербург,176,nano,manual_only,original_profile_opened,https://www.youtube.com/@mintorbit93,https://www.youtube.com/results?search_query=%D0%9D%D0%BE%D0%B2%D0%B0%D1%8F+%D0%93%D0%BE%D0%BB%D0%BB%D0%B0%D0%BD%D0%B4%D0%B8%D1%8F+%D0%BA%D0%B0%D1%84%D0%B5+%D0%BE%D0%B1%D0%B7%D0%BE%D1%80&hl=ru,https://www.youtube.com/watch?v=Q4RpNBetoIM,"Видео «Россия, г. С.-Петербург ✔️Новая Голландия, Цены в кафе и ресторане» содержит явную привязку к городу.",False,Новая Голландия кафе обзор,2026-08-23T13:24:47.007629+00:00
8c8e03012f83d2ade489,Nadezhda Owl Kulakova,youtube,https://www.youtube.com/@nadezhdaOwlKulakova,nadezhdaOwlKulakova,Санкт-Петербург,83700,micro,manual_only,original_profile_opened,https://www.youtube.com/@nadezhdaOwlKulakova,https://www.youtube.com/results?search_query=%D0%9F%D0%B5%D1%82%D0%B5%D1%80%D0%B1%D1%83%D1%80%D0%B3+%D0%BC%D0%B0%D0%BC%D0%B0+%D0%B1%D0%BB%D0%BE%D0%B3&hl=ru,https://www.youtube.com/watch?v=trxUu4X7uiM,Видео «✈️ VLOG-ПУТЕШЕСТВИЕ: уехала в Петербург на выходные😊 Покажу красивые и вкусные места👍🏻» содержит явную привязку к городу.,False,Петербург мама блог,2026-08-23T13:24:13.239614+00:00
bb8dfc1c911e1662f4fe,Nadya SPB LIVE,youtube,https://www.youtube.com/@nadyaspblive,nadyaspblive,Санкт-Петербург,169,nano,manual_only,original_profile_opened,https://www.youtube.com/@nadyaspblive,https://www.youtube.com/results?search_query=%D0%90%D0%B4%D0%BC%D0%B8%D1%80%D0%B0%D0%BB%D1%82%D0%B5%D0%B9%D1%81%D0%BA%D0%B8%D0%B9+%D1%80%D0%B0%D0%B9%D0%BE%D0%BD+%D0%A1%D0%B0%D0%BD%D0%BA%D1%82-%D0%9F%D0%B5%D1%82%D0%B5%D1%80%D0%B1%D1%83%D1%80%D0%B3+%D0%B1%D0%BB%D0%BE%D0%B3&hl=ru,https://www.youtube.com/watch?v=KPXnxGHe0yI,Видео «Пойдём покажу Адмиралтейский район/Для чего я езжу сюда» содержит явную привязку к городу.,False,Адмиралтейский район Санкт-Петербург блог | Адмиралтейский район обзор мест | Васильевский остров семейный обзор | Мурино Санкт-Петербург блог | Мурино куда сходить | Мурино обзор мест | Мурино семейный обзор | Фрунзенский район Санкт-Петербург блог | Фрунзенский район куда сходить | Фрунзенский район обзор мест | Фрунзенский район семейный обзор | Шушары Санкт-Петербург блог | Шушары куда сходить | Шушары обзор мест,2026-08-23T13:24:25.634609+00:00
31913c2346038b8b22e8,Narwise,youtube,https://www.youtube.com/@Narwise,Narwise,Санкт-Петербург,420,nano,manual_only,original_profile_opened,https://www.youtube.com/@Narwise,https://www.youtube.com/results?search_query=HIT+FITNESS+%D0%A1%D0%B0%D0%BD%D0%BA%D1%82-%D0%9F%D0%B5%D1%82%D0%B5%D1%80%D0%B1%D1%83%D1%80%D0%B3+%D0%BE%D0%B1%D0%B7%D0%BE%D1%80&hl=ru,https://www.youtube.com/watch?v=UUSfuVkrT1w,Видео «ФИТНЕС ПУТРУЛЬ HIT FITNESS» содержит явную привязку к городу.,True,HIT FITNESS Санкт-Петербург обзор,2026-08-23T13:24:16.064989+00:00
542b0b9f7b3a635ab8e1,nastaysie,youtube,https://www.youtube.com/@nastaysie,nastaysie,Санкт-Петербург,800,nano,manual_only,original_profile_opened,https://www.youtube.com/@nastaysie,https://www.youtube.com/results?search_query=%D0%9B%D0%B0%D0%BA+%D1%81%D1%82%D1%83%D0%B4%D0%B8%D1%8F+%D0%BC%D0%B0%D0%BD%D0%B8%D0%BA%D1%8E%D1%80%D0%B0+%D0%A1%D0%B0%D0%BD%D0%BA%D1%82-%D0%9F%D0%B5%D1%82%D0%B5%D1%80%D0%B1%D1%83%D1%80%D0%B3+%D0%BE%D0%B1%D0%B7%D0%BE%D1%80&hl=ru,https://www.youtube.com/watch?v=yzKL5GU_YlA,Видео «Проверка студии «Пилки»  | обзор на студию в Питере» содержит явную привязку к городу.,True,Лак студия маникюра Санкт-Петербург обзор | лучшие маникюр Петербург | маникюр Санкт-Петербург обзор | парикмахерские Санкт-Петербург обзор | салоны красоты СПб блогер | салоны красоты Санкт-Петербург обзор,2026-08-23T13:24:19.666238+00:00
ded22eb3c7edba06cddb,nastya nakolen,youtube,https://www.youtube.com/@nakolen,nakolen,Санкт-Петербург,16700,micro,manual_only,original_profile_opened,https://www.youtube.com/@nakolen,https://www.youtube.com/results?search_query=%D0%A1%D0%9F%D0%B1+%D0%BF%D0%BE%D0%BB%D0%B5%D0%B7%D0%BD%D1%8B%D0%B9+%D0%B1%D0%BB%D0%BE%D0%B3&hl=ru,https://www.youtube.com/watch?v=etBaZ6SBcpI,"Видео «уютный влог | петербург: кофейни, спорт, прогулки по городу и домашняя рутина» содержит явную привязку к городу.",False,СПб lifestyle vlog | СПб полезный блог | СПб семейный блог,2026-08-23T13:24:12.351512+00:00
c0f927dfa1bea173304b,nataalinka26,youtube,https://www.youtube.com/@nataalinka26,nataalinka26,Санкт-Петербург,1,nano,manual_only,original_profile_opened,https://www.youtube.com/@nataalinka26,https://www.youtube.com/results?search_query=Stockholm+%D0%B6%D0%B8%D0%BB%D0%BE%D0%B9+%D0%BA%D0%BE%D0%BC%D0%BF%D0%BB%D0%B5%D0%BA%D1%81+%D0%A1%D0%B0%D0%BD%D0%BA%D1%82-%D0%9F%D0%B5%D1%82%D0%B5%D1%80%D0%B1%D1%83%D1%80%D0%B3+%D0%BE%D0%B1%D0%B7%D0%BE%D1%80&hl=ru,https://www.youtube.com/watch?v=LHHWxrVEebA,"Видео «Стокгольм, ЖК» содержит явную привязку к городу.",True,Stockholm жилой комплекс Санкт-Петербург обзор,2026-08-23T13:24:21.917997+00:00
214a2ef2bdbce8140d20,Natalia Mint,youtube,https://www.youtube.com/@NataliaMint,NataliaMint,Санкт-Петербург,3950,nano,manual_only,original_profile_opened,https://www.youtube.com/@NataliaMint,https://www.youtube.com/results?search_query=%D0%BC%D0%B0%D0%B3%D0%B0%D0%B7%D0%B8%D0%BD%D1%8B+%D0%BE%D0%B4%D0%B5%D0%B6%D0%B4%D1%8B+%D0%9F%D0%B8%D1%82%D0%B5%D1%80+shorts&hl=ru,https://www.youtube.com/watch?v=f7fsK8HAxoQ,"Видео «ШОПИНГ в Питере! ТРЦ ""Галерея"" || Как я выбирала шорты 😄» содержит явную привязку к городу.",False,магазины одежды Питер shorts,2026-08-23T13:25:00.883678+00:00
1cd4c81c1691cad967aa,Natalia Nesterova,youtube,https://www.youtube.com/@NataliaArtBis,NataliaArtBis,Санкт-Петербург,4,nano,manual_only,original_profile_opened,https://www.youtube.com/@NataliaArtBis,https://www.youtube.com/results?search_query=%D0%A7%D0%B5%D1%80%D0%BD%D0%B0%D1%8F+%D1%80%D0%B5%D1%87%D0%BA%D0%B0+%D0%BE%D0%B1%D0%B7%D0%BE%D1%80+%D0%BC%D0%B5%D1%81%D1%82&hl=ru,https://www.youtube.com/watch?v=Q0qexmKWT9E,"Видео «обзор ЖК "" Чёрная речка "" г.Санкт-Петербург» содержит явную привязку к городу.",False,Черная речка обзор мест,2026-08-23T13:24:48.417141+00:00
4d64aec74734f73b5a93,Natasha Bekker,youtube,https://www.youtube.com/@natashabekker,natashabekker,Санкт-Петербург,2210,nano,manual_only,original_profile_opened,https://www.youtube.com/@natashabekker,https://www.youtube.com/results?search_query=%D0%A1%D0%9F%D0%B1+lifestyle+vlog&hl=ru,https://www.youtube.com/watch?v=FLCJ8Fy2IF8,Видео «Влог из Санкт-Петербурга|7 часов пешком|Красивые места #влог #lifestyle #vlog #лайфстайл #vlogs» содержит явную привязку к городу.,False,СПб lifestyle vlog,2026-08-23T13:24:15.286907+00:00
b6ab6fc08322d8f0cc6a,Ne Travel Life,youtube,https://www.youtube.com/@NeTravelLife,NeTravelLife,Санкт-Петербург,2800,nano,manual_only,original_profile_opened,https://www.youtube.com/@NeTravelLife,https://www.youtube.com/results?search_query=%D0%A1%D0%B5%D1%81%D1%82%D1%80%D0%BE%D1%80%D0%B5%D1%86%D0%BA+%D0%BE%D0%B1%D0%B7%D0%BE%D1%80+%D0%BC%D0%B5%D1%81%D1%82&hl=ru,https://www.youtube.com/watch?v=5r3mqNVsJ0Y,Видео «Замедляемся в Сестрорецке | Экотропа Сестрорецкое болото | Обзор жилья в Bereg Курортный» содержит явную привязку к городу.,False,Сестрорецк обзор мест,2026-08-23T13:24:44.904388+00:00
eab7a986ae8f1534033a,NewDoG.TV,youtube,https://www.youtube.com/@NewDoGTV,NewDoGTV,Санкт-Петербург,2280,nano,manual_only,original_profile_opened,https://www.youtube.com/@NewDoGTV,https://www.youtube.com/results?search_query=%D0%BA%D0%BE%D0%BD%D1%86%D0%B5%D1%80%D1%82%D1%8B+%D0%A1%D0%B0%D0%BD%D0%BA%D1%82-%D0%9F%D0%B5%D1%82%D0%B5%D1%80%D0%B1%D1%83%D1%80%D0%B3+%D0%BE%D0%B1%D0%B7%D0%BE%D1%80&hl=ru,https://www.youtube.com/watch?v=wuem9PSfv8o,Видео «Новый концерт «КИНО» в 60-летие Виктора Цоя! Санкт-Петербург 21.06.2022 г.» содержит явную привязку к городу.,False,концерты Санкт-Петербург обзор,2026-08-23T13:24:57.335300+00:00
ddf75808b77575091c09,NEWFITSTUDIO Студия растяжки и фитнеса,youtube,https://www.youtube.com/@newfitstudio5147,newfitstudio5147,Санкт-Петербург,7,nano,manual_only,original_profile_opened,https://www.youtube.com/@newfitstudio5147,https://www.youtube.com/results?search_query=Newfit+%D0%A1%D0%B0%D0%BD%D0%BA%D1%82-%D0%9F%D0%B5%D1%82%D0%B5%D1%80%D0%B1%D1%83%D1%80%D0%B3+%D0%BE%D0%B1%D0%B7%D0%BE%D1%80&hl=ru,https://www.youtube.com/watch?v=7XJ1pkF6MmI,Видео «BUNGEE FITNESS. Репортаж телеканала Санкт-Петербург.» содержит явную привязку к городу.,True,Newfit Санкт-Петербург обзор,2026-08-23T13:24:16.360978+00:00
1d459acfba1a7b8f9014,Newia Ru,youtube,https://www.youtube.com/@newiaru4949,newiaru4949,Санкт-Петербург,74,nano,manual_only,original_profile_opened,https://www.youtube.com/@newiaru4949,https://www.youtube.com/results?search_query=%D0%90%D0%B4%D0%BC%D0%B8%D1%80%D0%B0%D0%BB%D1%82%D0%B5%D0%B9%D1%81%D0%BA%D0%B8%D0%B9+%D1%80%D0%B0%D0%B9%D0%BE%D0%BD+%D0%BA%D0%B0%D1%84%D0%B5+%D0%BE%D0%B1%D0%B7%D0%BE%D1%80&hl=ru,https://www.youtube.com/watch?v=gHSu8LGK9CE,Видео «Рейд петербургской полиции в кафе в Адмиралтейском районе» содержит явную привязку к городу.,False,Адмиралтейский район кафе обзор,2026-08-23T13:24:31.180949+00:00
ce530d7d63c0cb03e52b,NEWдвижимость,youtube,https://www.youtube.com/@NEWdviz,NEWdviz,Санкт-Петербург,94400,micro,manual_only,original_profile_opened,https://www.youtube.com/@NEWdviz,https://www.youtube.com/results?search_query=%D0%A1%D0%9F%D0%B1+%D0%BF%D0%BE%D0%BB%D0%B5%D0%B7%D0%BD%D1%8B%D0%B9+%D0%B1%D0%BB%D0%BE%D0%B3&hl=ru,https://www.youtube.com/watch?v=KDs3DkdD74o,Видео «ЛУЧШИЕ СТАРТЫ ПРОДАЖ 2026 на юге в Питере! / Обзор ТОП-3 новостройки» содержит явную привязку к городу.,True,DESALU Санкт-Петербург обзор | Dental Place Санкт-Петербург обзор | Happy City Санкт-Петербург обзор | LIFE Приморский Санкт-Петербург обзор | Level UP Санкт-Петербург обзор | Lotos Tower Санкт-Петербург обзор | MedSwiss Санкт-Петербург обзор | Naomi beauty Санкт-Петербург обзор | Newfit Санкт-Петербург обзор | Oceankid Санкт-Петербург обзор | Адмиралтейский район семейный обзор | Василеостровский район Санкт-Петербург блог | Василеостровский район кафе обзор | Василеостровский район куда сходить | Василеостровский район обзор мест | Василеостровский район семейный обзор | Васильевский остров куда сходить | Васильевский остров обзор мест | Выборгский район Санкт-Петербург блог | Выборгский район семейный обзор | Джи Клиник Санкт-Петербург обзор | Интан Санкт-Петербург обзор | Калининский район семейный обзор | Комендантский проспект Санкт-Петербург блог | Комендантский проспект кафе обзор | Комендантский проспект куда сходить | Комендантский проспект обзор мест | Комендантский проспект семейный обзор | Красногвардейский район Санкт-Петербург блог | Красногвардейский район кафе обзор | Красногвардейский район куда сходить | Красногвардейский район обзор мест | Красногвардейский район семейный обзор | Красносельский район Санкт-Петербург блог | Красносельский район куда сходить | Красносельский район обзор мест | Красносельский район семейный обзор | Кудрово Санкт-Петербург блог | Кудрово кафе обзор | Кудрово куда сходить | Кудрово обзор мест | Кудрово семейный обзор | Купчино Санкт-Петербург блог | Купчино куда сходить | Купчино обзор мест | Купчино семейный обзор | Курортный район Санкт-Петербург блог | Курортный район кафе обзор | Курортный район куда сходить | Курортный район обзор мест | Курортный район семейный обзор | Мурино семейный обзор | Невский район Санкт-Петербург блог | Невский район кафе обзор | Невский район куда сходить | Невский район обзор мест | Невский район семейный обзор | Парнас Санкт-Петербург блог | Парнас кафе обзор | Парнас куда сходить | Парнас обзор мест | Парнас семейный обзор | Петроградка Санкт-Петербург блог | Петроградка семейный обзор | Петроградский район Санкт-Петербург блог | Петроградский район куда сходить | Петроградский район обзор мест | Петроградский район семейный обзор | Петродворцовый район обзор мест | Петродворцовый район семейный обзор | ПироШоу СПб Санкт-Петербург обзор | Питер блогер | Приморский район Санкт-Петербург блог | Приморский район кафе обзор | Приморский район куда сходить | Приморский район обзор мест | Приморский район семейный обзор | Проспект Просвещения Санкт-Петербург блог | Проспект Просвещения кафе обзор | Проспект Просвещения куда сходить | Проспект Просвещения обзор мест | Проспект Просвещения семейный обзор | Пушкин Санкт-Петербург блог | Пушкин куда сходить | Пушкин обзор мест | Пушкин семейный обзор | Пушкинский район Санкт-Петербург блог | Пушкинский район куда сходить | Пушкинский район обзор мест | Пушкинский район семейный обзор | РениДент Санкт-Петербург обзор | Рыбацкое Санкт-Петербург блог | Рыбацкое куда сходить | Рыбацкое обзор мест | Рыбацкое семейный обзор | СПб авторский канал | СПб новые места | СПб полезный блог | ТК Променад Санкт-Петербург обзор | Черная речка Санкт-Петербург блог | Черная речка кафе обзор | Черная речка куда сходить | Черная речка обзор мест | Черная речка семейный обзор | Шушары Санкт-Петербург блог | Шушары кафе обзор | Шушары куда сходить | Шушары обзор мест | Шушары семейный обзор | бег Санкт-Петербург обзор | жилые комплексы СПб блогер | жилые комплексы Санкт-Петербург обзор | локальные бренды Санкт-Петербург обзор | лучшие бег Петербург | лучшие городские события Петербург | лучшие жилые комплексы Петербург | лучшие йога Петербург | лучшие локальная мода Петербург | лучшие малый бизнес Петербург | лучшие маркетологи Петербург | лучшие новостройки Петербург | лучшие образование Петербург | лучшие отели Петербург | лучшие районные новости Петербург | лучшие ремонт Петербург | новостройки Питер shorts | новостройки СПб блогер | новостройки Санкт-Петербург обзор | отели СПб блогер | отели Санкт-Петербург обзор | спорт Санкт-Петербург обзор,2026-08-23T13:24:12.519370+00:00
78ede4b4bcd8d77bd0ac,NFFL,youtube,https://www.youtube.com/@NFFL_official,NFFL_official,Санкт-Петербург,2600,nano,manual_only,original_profile_opened,https://www.youtube.com/@NFFL_official,https://www.youtube.com/results?search_query=%D0%9A%D1%80%D0%BE%D0%BD%D1%88%D1%82%D0%B0%D0%B4%D1%82+%D1%81%D0%B5%D0%BC%D0%B5%D0%B9%D0%BD%D1%8B%D0%B9+%D0%BE%D0%B1%D0%B7%D0%BE%D1%80&hl=ru,https://www.youtube.com/watch?v=ECEKhjEp9AQ,Видео «В Питер Всей Семьёй на Машине. часть 2. КРОНШТАДТ» содержит явную привязку к городу.,False,Кронштадт семейный обзор,2026-08-23T13:24:32.433772+00:00
4a6a9151a87a5b0ea9c6,Nikonorov,youtube,https://www.youtube.com/@Nikonorovbooks,Nikonorovbooks,Санкт-Петербург,3470,nano,manual_only,original_profile_opened,https://www.youtube.com/@Nikonorovbooks,https://www.youtube.com/results?search_query=%D0%BB%D1%83%D1%87%D1%88%D0%B8%D0%B5+%D0%BA%D0%BD%D0%B8%D0%B6%D0%BD%D1%8B%D0%B5+%D0%BC%D0%B0%D0%B3%D0%B0%D0%B7%D0%B8%D0%BD%D1%8B+%D0%9F%D0%B5%D1%82%D0%B5%D1%80%D0%B1%D1%83%D1%80%D0%B3&hl=ru,https://www.youtube.com/watch?v=D5H3rv1jAUE,"Видео «РЕЙД ПО КНИЖНОМУ / ""ПОДПИСНЫЕ ИЗДАНИЯ"", г. САНКТ-ПЕТЕРБУРГ / ЛУЧШИЙ КНИЖНЫЙ, УЮТНЫЙ И ДРУЖЕЛЮБНЫЙ» содержит явную привязку к городу.",False,лучшие книжные магазины Петербург,2026-08-23T13:25:06.931232+00:00
7178378753d1f3b126c6,Nina,youtube,https://www.youtube.com/@nina__spb,nina__spb,Санкт-Петербург,183,nano,manual_only,original_profile_opened,https://www.youtube.com/@nina__spb,https://www.youtube.com/results?search_query=%D0%BB%D1%83%D1%87%D1%88%D0%B8%D0%B5+%D0%BC%D0%B0%D1%81%D1%81%D0%B0%D0%B6+%D0%B8+SPA+%D0%9F%D0%B5%D1%82%D0%B5%D1%80%D0%B1%D1%83%D1%80%D0%B3&hl=ru,https://www.youtube.com/watch?v=E3HBG-4Mg0A,Видео «Роскошный спа-комплекс в Ленинградской области (Санкт-Петербург) Охтакай Ohtakai» содержит явную привязку к городу.,False,лучшие массаж и SPA Петербург,2026-08-23T13:24:52.159287+00:00
1f813b0eb432285fd994,NORD BARBERS,youtube,https://www.youtube.com/@nordbarbers,nordbarbers,Санкт-Петербург,71,nano,manual_only,original_profile_opened,https://www.youtube.com/@nordbarbers,https://www.youtube.com/results?search_query=%D0%B1%D0%B0%D1%80%D0%B1%D0%B5%D1%80%D1%88%D0%BE%D0%BF%D1%8B+%D0%A1%D0%B0%D0%BD%D0%BA%D1%82-%D0%9F%D0%B5%D1%82%D0%B5%D1%80%D0%B1%D1%83%D1%80%D0%B3+%D0%BE%D0%B1%D0%B7%D0%BE%D1%80&hl=ru,https://www.youtube.com/watch?v=LODWX_66xN0,Видео «Central Barbershop – Санкт-Петербург» содержит явную привязку к городу.,False,барбершопы Санкт-Петербург обзор | лучшие барбершопы Петербург,2026-08-23T13:24:51.031124+00:00
4061ba355fa62356349f,Novostroy-Gid.ru,youtube,https://www.youtube.com/@Novostroy-Gidru,Novostroy-Gidru,Санкт-Петербург,59,nano,manual_only,original_profile_opened,https://www.youtube.com/@Novostroy-Gidru,https://www.youtube.com/results?search_query=%D0%9C%D0%B5%D0%B4%D0%BD%D1%8B%D0%B9+%D0%92%D1%81%D0%B0%D0%B4%D0%BD%D0%B8%D0%BA+%D0%B6%D0%B8%D0%BB%D0%BE%D0%B9+%D0%BA%D0%BE%D0%BC%D0%BF%D0%BB%D0%B5%D0%BA%D1%81+%D0%A1%D0%B0%D0%BD%D0%BA%D1%82-%D0%9F%D0%B5%D1%82%D0%B5%D1%80%D0%B1%D1%83%D1%80%D0%B3+%D0%BE%D0%B1%D0%B7%D0%BE%D1%80&hl=ru,https://www.youtube.com/watch?v=N0UOX-E_wec,"Видео «ЖК «Медный всадник», декабрь 2014 г.» содержит явную привязку к городу.",True,Lotos Tower Санкт-Петербург обзор | Дом с курантами Санкт-Петербург обзор | Медный Всадник жилой комплекс Санкт-Петербург обзор,2026-08-23T13:24:24.655099+00:00
67c368a9e7ee4becab9b,OBZORNED | всё о недвижимости,youtube,https://www.youtube.com/@OBZORNED2,OBZORNED2,Санкт-Петербург,123,nano,manual_only,original_profile_opened,https://www.youtube.com/@OBZORNED2,https://www.youtube.com/results?search_query=%D0%9C%D0%BE%D1%81%D0%BA%D0%BE%D0%B2%D1%81%D0%BA%D0%B8%D0%B9+%D1%80%D0%B0%D0%B9%D0%BE%D0%BD+%D0%A1%D0%B0%D0%BD%D0%BA%D1%82-%D0%9F%D0%B5%D1%82%D0%B5%D1%80%D0%B1%D1%83%D1%80%D0%B3+%D0%B1%D0%BB%D0%BE%D0%B3&hl=ru,https://www.youtube.com/watch?v=Y0_AaTaapek,Видео «Экскурсия| Московский район| Санкт-Петербург| новостройка» содержит явную привязку к городу.,False,Московский район Санкт-Петербург блог,2026-08-23T13:24:34.943290+00:00
ebbe429852481a14fadb,OFFLINE CROKI,youtube,https://www.youtube.com/@offline_croki,offline_croki,Санкт-Петербург,16100,micro,manual_only,original_profile_opened,https://www.youtube.com/@offline_croki,https://www.youtube.com/results?search_query=%D0%BB%D1%83%D1%87%D1%88%D0%B8%D0%B5+%D0%BB%D0%BE%D0%BA%D0%B0%D0%BB%D1%8C%D0%BD%D0%B0%D1%8F+%D0%BC%D0%BE%D0%B4%D0%B0+%D0%9F%D0%B5%D1%82%D0%B5%D1%80%D0%B1%D1%83%D1%80%D0%B3&hl=ru,https://www.youtube.com/watch?v=0ZKh867rhDQ,"Видео «Фэшн-тур в CROKI, в гостях в сказочном Петербурге | Стилизация образов, тренды вне времени» содержит явную привязку к городу.",False,лучшие локальная мода Петербург,2026-08-23T13:25:00.832052+00:00
8ce15331effa8433f545,Oleg S,youtube,https://www.youtube.com/@olegs7201,olegs7201,Санкт-Петербург,7,nano,manual_only,original_profile_opened,https://www.youtube.com/@olegs7201,https://www.youtube.com/results?search_query=%D0%9F%D1%80%D0%BE%D1%81%D0%BF%D0%B5%D0%BA%D1%82+%D0%9F%D1%80%D0%BE%D1%81%D0%B2%D0%B5%D1%89%D0%B5%D0%BD%D0%B8%D1%8F+%D0%BA%D1%83%D0%B4%D0%B0+%D1%81%D1%85%D0%BE%D0%B4%D0%B8%D1%82%D1%8C&hl=ru,https://www.youtube.com/watch?v=0rAIdu8-IbU,Видео «СПб Просвещения пр 15» содержит явную привязку к городу.,False,Проспект Просвещения куда сходить,2026-08-23T13:24:39.154936+00:00
3e75a2b9d8a82055cc15,Oleg Semenov,youtube,https://www.youtube.com/@olesemenov,olesemenov,Санкт-Петербург,143,nano,manual_only,original_profile_opened,https://www.youtube.com/@olesemenov,https://www.youtube.com/results?search_query=%D0%A1%D0%9F%D0%B1+%D0%BA%D1%83%D0%B4%D0%B0+%D1%81%D1%85%D0%BE%D0%B4%D0%B8%D1%82%D1%8C&hl=ru,https://www.youtube.com/watch?v=F-ixuuYXRP8,"Видео «Санкт-Петербург: куда сходить, что посмотреть, где поесть» содержит явную привязку к городу.",False,Мурино куда сходить | Петербург что посмотреть | СПб куда сходить,2026-08-23T13:24:14.975112+00:00
6ddd51e002f48dae0317,Oleg Zaitsev,youtube,https://www.youtube.com/@OlegZaitsev-t5u,OlegZaitsev-t5u,Санкт-Петербург,163,nano,manual_only,original_profile_opened,https://www.youtube.com/@OlegZaitsev-t5u,https://www.youtube.com/results?search_query=%D0%B1%D0%B5%D0%B3+%D0%A1%D0%B0%D0%BD%D0%BA%D1%82-%D0%9F%D0%B5%D1%82%D0%B5%D1%80%D0%B1%D1%83%D1%80%D0%B3+%D0%BE%D0%B1%D0%B7%D0%BE%D1%80&hl=ru,https://www.youtube.com/watch?v=oJHGkpCf5r0,"Видео «Санкт-Петербург: 2 забега, по ТЦ и ""Белые Ночи, обзор новой 6 линии метро. #064» содержит явную привязку к городу.",False,бег Санкт-Петербург обзор,2026-08-23T13:25:05.615527+00:00
b1aee3093e63d28ffe44,Olesia on Film,youtube,https://www.youtube.com/@olesiaonfilm,olesiaonfilm,Санкт-Петербург,1350,nano,manual_only,original_profile_opened,https://www.youtube.com/@olesiaonfilm,https://www.youtube.com/results?search_query=%D0%BA%D0%BE%D1%84%D0%B5%D0%B9%D0%BD%D0%B8+%D0%A1%D0%B0%D0%BD%D0%BA%D1%82-%D0%9F%D0%B5%D1%82%D0%B5%D1%80%D0%B1%D1%83%D1%80%D0%B3+%D0%BE%D0%B1%D0%B7%D0%BE%D1%80&hl=ru,https://www.youtube.com/watch?v=c6qURPv7n8s,Видео «Гид по Петербургу: где вкусно поесть и выпить кофе» содержит явную привязку к городу.,False,кофейни Санкт-Петербург обзор,2026-08-23T13:24:49.892588+00:00
d0ccba74f9483687a301,Olesya Kuprin,youtube,https://www.youtube.com/@okuprin,okuprin,Санкт-Петербург,17200,micro,manual_only,original_profile_opened,https://www.youtube.com/@okuprin,https://www.youtube.com/results?search_query=%D1%82%D0%B5%D0%B0%D1%82%D1%80%D1%8B+%D0%A1%D0%9F%D0%B1+%D0%B1%D0%BB%D0%BE%D0%B3%D0%B5%D1%80&hl=ru,https://www.youtube.com/watch?v=w5R073HrYuY,"Видео «Влог из Петербурга: Где поесть? Мариинский театр, встреча с читателями в Доме Книги.» содержит явную привязку к городу.",False,театры СПб блогер,2026-08-23T13:24:55.415259+00:00
2f3cceb3ed0071349ef0,Olga Balashova live,youtube,https://www.youtube.com/@OlgaBalashovalive,OlgaBalashovalive,Санкт-Петербург,33100,micro,manual_only,original_profile_opened,https://www.youtube.com/@OlgaBalashovalive,https://www.youtube.com/results?search_query=%D0%A3%D0%B4%D0%B5%D0%BB%D1%8C%D0%BD%D0%B0%D1%8F+%D0%A1%D0%B0%D0%BD%D0%BA%D1%82-%D0%9F%D0%B5%D1%82%D0%B5%D1%80%D0%B1%D1%83%D1%80%D0%B3+%D0%B1%D0%BB%D0%BE%D0%B3&hl=ru,https://www.youtube.com/watch?v=QjGSW2vw7p4,Видео «Блошиный рынок на Удельной. Санкт-Петербург» содержит явную привязку к городу.,False,Удельная Санкт-Петербург блог,2026-08-23T13:24:49.418520+00:00
55caaa89aa6e7dbe5698,Olga Evdokimenko,youtube,https://www.youtube.com/@OlgaEvdokimenko,OlgaEvdokimenko,Санкт-Петербург,1430,nano,manual_only,original_profile_opened,https://www.youtube.com/@OlgaEvdokimenko,https://www.youtube.com/results?search_query=%D0%9F%D1%80%D0%B8%D0%B1%D0%B0%D0%B2%D0%BB%D0%B5%D0%BD%D0%B8%D0%B5+%D1%82%D0%BE%D0%B2%D0%B0%D1%80%D1%8B+%D0%B4%D0%BB%D1%8F+%D0%B4%D0%B5%D1%82%D0%B5%D0%B9+%D0%A1%D0%B0%D0%BD%D0%BA%D1%82-%D0%9F%D0%B5%D1%82%D0%B5%D1%80%D0%B1%D1%83%D1%80%D0%B3+%D0%BE%D0%B1%D0%B7%D0%BE%D1%80&hl=ru,https://www.youtube.com/watch?v=A7xiV2qwVcU,Видео «Подарок новорождённому от Петербурга 2025!😍» содержит явную привязку к городу.,True,Прибавление товары для детей Санкт-Петербург обзор,2026-08-23T13:24:18.339649+00:00
910e79c42d098c8e46dd,Olga Polik Way,youtube,https://www.youtube.com/@olgapolikway,olgapolikway,Санкт-Петербург,13500,micro,manual_only,original_profile_opened,https://www.youtube.com/@olgapolikway,https://www.youtube.com/results?search_query=%D0%9A%D1%83%D0%BF%D1%87%D0%B8%D0%BD%D0%BE+%D0%BE%D0%B1%D0%B7%D0%BE%D1%80+%D0%BC%D0%B5%D1%81%D1%82&hl=ru,https://www.youtube.com/watch?v=uafoDS6TSQk,Видео «Ольга Полик в Купчино. Санкт-Петербург. История  и знаменитые жители Купчино.» содержит явную привязку к городу.,False,Купчино обзор мест,2026-08-23T13:24:42.906634+00:00
3bab983d780c0c55690e,Olya Romanova,youtube,https://www.youtube.com/@olgaromanova_spb,olgaromanova_spb,Санкт-Петербург,1470,nano,manual_only,original_profile_opened,https://www.youtube.com/@olgaromanova_spb,https://www.youtube.com/results?search_query=%D0%9F%D1%80%D0%B8%D0%B1%D0%B0%D0%B2%D0%BB%D0%B5%D0%BD%D0%B8%D0%B5+%D1%82%D0%BE%D0%B2%D0%B0%D1%80%D1%8B+%D0%B4%D0%BB%D1%8F+%D0%B4%D0%B5%D1%82%D0%B5%D0%B9+%D0%A1%D0%B0%D0%BD%D0%BA%D1%82-%D0%9F%D0%B5%D1%82%D0%B5%D1%80%D0%B1%D1%83%D1%80%D0%B3+%D0%BE%D0%B1%D0%B7%D0%BE%D1%80&hl=ru,https://www.youtube.com/watch?v=gIKjs3O6Q8g,Видео «Что в коробке новорожденного | Подарок мамочкам от Санкт-Петербурга | Обзор детских товаров» содержит явную привязку к городу.,True,Прибавление товары для детей Санкт-Петербург обзор,2026-08-23T13:24:18.370920+00:00
65377f166af4604ccd35,ON-BIKE (kocherguk),youtube,https://www.youtube.com/@ONBIKEBelarus,ONBIKEBelarus,Санкт-Петербург,16800,micro,manual_only,original_profile_opened,https://www.youtube.com/@ONBIKEBelarus,https://www.youtube.com/results?search_query=%D0%9C%D0%B5%D0%B4%D0%BD%D1%8B%D0%B9+%D0%92%D1%81%D0%B0%D0%B4%D0%BD%D0%B8%D0%BA+%D0%B6%D0%B8%D0%BB%D0%BE%D0%B9+%D0%BA%D0%BE%D0%BC%D0%BF%D0%BB%D0%B5%D0%BA%D1%81+%D0%A1%D0%B0%D0%BD%D0%BA%D1%82-%D0%9F%D0%B5%D1%82%D0%B5%D1%80%D0%B1%D1%83%D1%80%D0%B3+%D0%BE%D0%B1%D0%B7%D0%BE%D1%80&hl=ru,https://www.youtube.com/watch?v=sdrQgRoqbFU,Видео «Медный всадник 2025 // Мои впечатления» содержит явную привязку к городу.,True,Медный Всадник жилой комплекс Санкт-Петербург обзор,2026-08-23T13:24:24.643948+00:00
9d887b88c4deabc7e3f9,ONWAY by Aleksei,youtube,https://www.youtube.com/@junewind,junewind,Санкт-Петербург,981,nano,manual_only,original_profile_opened,https://www.youtube.com/@junewind,https://www.youtube.com/results?search_query=%D0%A4%D1%80%D1%83%D0%BD%D0%B7%D0%B5%D0%BD%D1%81%D0%BA%D0%B8%D0%B9+%D1%80%D0%B0%D0%B9%D0%BE%D0%BD+%D0%BA%D1%83%D0%B4%D0%B0+%D1%81%D1%85%D0%BE%D0%B4%D0%B8%D1%82%D1%8C&hl=ru,https://www.youtube.com/watch?v=dTBv_nGLv9s,Видео «Прогулка по Фрунзенскому району - 21  tv42rus14.02.2017.21» содержит явную привязку к городу.,False,Фрунзенский район куда сходить,2026-08-23T13:24:37.820576+00:00
75aa26264091555636a1,ORTEAM,youtube,https://www.youtube.com/@orteamm,orteamm,Санкт-Петербург,26900,micro,manual_only,original_profile_opened,https://www.youtube.com/@orteamm,https://www.youtube.com/results?search_query=%D1%81%D1%82%D0%BE%D0%BC%D0%B0%D1%82%D0%BE%D0%BB%D0%BE%D0%B3%D0%B8%D0%B8+%D0%A1%D0%B0%D0%BD%D0%BA%D1%82-%D0%9F%D0%B5%D1%82%D0%B5%D1%80%D0%B1%D1%83%D1%80%D0%B3+%D0%BE%D0%B1%D0%B7%D0%BE%D1%80&hl=ru,https://www.youtube.com/watch?v=eq8mhVUgYAc,Видео «Сколько стоят брекеты #спб #стоматология  #брекеты» содержит явную привязку к городу.,False,стоматологии Санкт-Петербург обзор,2026-08-23T13:24:52.987943+00:00
3c8134139cc49ce60395,paktnews,youtube,https://www.youtube.com/@paktnews,paktnews,Санкт-Петербург,817,nano,manual_only,original_profile_opened,https://www.youtube.com/@paktnews,https://www.youtube.com/results?search_query=%D0%9A%D0%B0%D0%BB%D0%B8%D0%BD%D0%B8%D0%BD%D1%81%D0%BA%D0%B8%D0%B9+%D1%80%D0%B0%D0%B9%D0%BE%D0%BD+%D0%A1%D0%B0%D0%BD%D0%BA%D1%82-%D0%9F%D0%B5%D1%82%D0%B5%D1%80%D0%B1%D1%83%D1%80%D0%B3+%D0%B1%D0%BB%D0%BE%D0%B3&hl=ru,https://www.youtube.com/watch?v=mmkOzmJFH64,Видео «Калининский район Санкт-Петербурга» содержит явную привязку к городу.,False,Калининский район Санкт-Петербург блог | Красногвардейский район Санкт-Петербург блог | Красногвардейский район обзор мест,2026-08-23T13:24:30.856187+00:00
e86b497357b25474b1d1,Paporotno,youtube,https://www.youtube.com/@Paporotno,Paporotno,Санкт-Петербург,28800,micro,manual_only,original_profile_opened,https://www.youtube.com/@Paporotno,https://www.youtube.com/results?search_query=%D0%9A%D1%83%D0%BF%D1%87%D0%B8%D0%BD%D0%BE+%D0%BA%D0%B0%D1%84%D0%B5+%D0%BE%D0%B1%D0%B7%D0%BE%D1%80&hl=ru,https://www.youtube.com/watch?v=wk-WcAMGP40,Видео «КОФЕ БАРЫ САНКТ ПЕТЕРБУРГА В КУПЧИНО ЭТЛОН БУШЕ.....» содержит явную привязку к городу.,False,Купчино кафе обзор,2026-08-23T13:24:41.728441+00:00
4fb4f309a13ee956b4c7,Pavel Efimov,youtube,https://www.youtube.com/@EfimovPavel,EfimovPavel,Санкт-Петербург,5140,nano,manual_only,original_profile_opened,https://www.youtube.com/@EfimovPavel,https://www.youtube.com/results?search_query=%D0%9F%D0%B5%D1%82%D1%80%D0%BE%D0%B3%D1%80%D0%B0%D0%B4%D1%81%D0%BA%D0%B8%D0%B9+%D1%80%D0%B0%D0%B9%D0%BE%D0%BD+%D0%A1%D0%B0%D0%BD%D0%BA%D1%82-%D0%9F%D0%B5%D1%82%D0%B5%D1%80%D0%B1%D1%83%D1%80%D0%B3+%D0%B1%D0%BB%D0%BE%D0%B3&hl=ru,https://www.youtube.com/watch?v=i9fKzEYTVF0,Видео «ПРОГУЛКА по Петербургу - Петроградский район | Осенний город» содержит явную привязку к городу.,False,Лахта куда сходить | Лахта обзор мест | Петроградский район Санкт-Петербург блог | Петроградский район куда сходить,2026-08-23T13:24:35.244727+00:00
3bb6139a506fc802d149,perfect days in st. petersburg 🌧️,youtube,https://www.youtube.com/@saintplog,saintplog,Санкт-Петербург,15,nano,manual_only,original_profile_opened,https://www.youtube.com/@saintplog,https://www.youtube.com/results?search_query=%D0%92%D0%B0%D1%81%D0%B8%D0%BB%D1%8C%D0%B5%D0%B2%D1%81%D0%BA%D0%B8%D0%B9+%D0%BE%D1%81%D1%82%D1%80%D0%BE%D0%B2+%D0%A1%D0%B0%D0%BD%D0%BA%D1%82-%D0%9F%D0%B5%D1%82%D0%B5%D1%80%D0%B1%D1%83%D1%80%D0%B3+%D0%B1%D0%BB%D0%BE%D0%B3&hl=ru,https://www.youtube.com/watch?v=JF4lTDPmY14,"Видео «Выходные в Петербурге: ИТ-будни, Васильевский остров, Новая Голландия и Лахта Центр ☕️ (без голоса)» содержит явную привязку к городу.",False,Васильевский остров Санкт-Петербург блог,2026-08-23T13:24:44.864444+00:00
8ae4b01165eb318666e9,Peterhof Museum,youtube,https://www.youtube.com/@PeterhofMuseumOnline,PeterhofMuseumOnline,Санкт-Петербург,30600,micro,manual_only,original_profile_opened,https://www.youtube.com/@PeterhofMuseumOnline,https://www.youtube.com/results?search_query=%D0%9F%D0%B5%D1%82%D0%B5%D1%80%D0%B3%D0%BE%D1%84+%D0%BA%D1%83%D0%B4%D0%B0+%D1%81%D1%85%D0%BE%D0%B4%D0%B8%D1%82%D1%8C&hl=ru,https://www.youtube.com/watch?v=xtVutTCSFCY,Видео «Петергоф» содержит явную привязку к городу.,False,Петергоф куда сходить | Петергоф обзор мест | Петергоф семейный обзор,2026-08-23T13:24:43.610347+00:00
bd0f4997c9761a355349,Piter LiveVideo,youtube,https://www.youtube.com/@piterlivevideo9420,piterlivevideo9420,Санкт-Петербург,12,nano,manual_only,original_profile_opened,https://www.youtube.com/@piterlivevideo9420,https://www.youtube.com/results?search_query=%D0%9F%D1%80%D0%BE%D1%81%D0%BF%D0%B5%D0%BA%D1%82+%D0%9F%D1%80%D0%BE%D1%81%D0%B2%D0%B5%D1%89%D0%B5%D0%BD%D0%B8%D1%8F+%D0%BE%D0%B1%D0%B7%D0%BE%D1%80+%D0%BC%D0%B5%D1%81%D1%82&hl=ru,https://www.youtube.com/watch?v=KaxEzgxAsG8,Видео «Санкт Петербург  проспект Просвещения и ул Шостаковича   YouTube 1080p» содержит явную привязку к городу.,False,Проспект Просвещения обзор мест,2026-08-23T13:24:39.681226+00:00
52b942f278257df1e234,Piter TV,youtube,https://www.youtube.com/@PiterTV_NEWS,PiterTV_NEWS,Санкт-Петербург,10400,micro,manual_only,original_profile_opened,https://www.youtube.com/@PiterTV_NEWS,https://www.youtube.com/results?search_query=%D0%A0%D1%8B%D0%B1%D0%B0%D1%86%D0%BA%D0%BE%D0%B5+%D0%A1%D0%B0%D0%BD%D0%BA%D1%82-%D0%9F%D0%B5%D1%82%D0%B5%D1%80%D0%B1%D1%83%D1%80%D0%B3+%D0%B1%D0%BB%D0%BE%D0%B3&hl=ru,https://www.youtube.com/watch?v=iWWQuWNvxS8,"Видео «Рыбацкое: как зеленый район превращается в спальник с ""человейниками""» содержит явную привязку к городу.",False,Рыбацкое Санкт-Петербург блог | театры СПб блогер,2026-08-23T13:24:42.482981+00:00
7346933e021aaf5b7a68,PITERland,youtube,https://www.youtube.com/@PITERland_spb,PITERland_spb,Санкт-Петербург,10000,micro,manual_only,original_profile_opened,https://www.youtube.com/@PITERland_spb,https://www.youtube.com/results?search_query=%D0%9A%D0%B8%D1%80%D0%BE%D0%B2%D1%81%D0%BA%D0%B8%D0%B9+%D1%80%D0%B0%D0%B9%D0%BE%D0%BD+%D0%A1%D0%B0%D0%BD%D0%BA%D1%82-%D0%9F%D0%B5%D1%82%D0%B5%D1%80%D0%B1%D1%83%D1%80%D0%B3+%D0%B1%D0%BB%D0%BE%D0%B3&hl=ru,https://www.youtube.com/watch?v=ujUcnJQsa68,Видео «Санкт-Петербург: Пожар на складах в Кировском районе 13 мая 2024» содержит явную привязку к городу.,False,Кировский район Санкт-Петербург блог,2026-08-23T13:24:31.970944+00:00
0e5471999599f829b9c6,PiterNovostroy.ru - Новостройки Санкт-Петербурга и Ленобласти,youtube,https://www.youtube.com/@piternovostroyru,piternovostroyru,Санкт-Петербург,35,nano,manual_only,original_profile_opened,https://www.youtube.com/@piternovostroyru,https://www.youtube.com/results?search_query=Legenda+%D0%AF%D1%85%D1%82%D0%B5%D0%BD%D0%BD%D0%B0%D1%8F+%D0%A1%D0%B0%D0%BD%D0%BA%D1%82-%D0%9F%D0%B5%D1%82%D0%B5%D1%80%D0%B1%D1%83%D1%80%D0%B3+%D0%BE%D0%B1%D0%B7%D0%BE%D1%80&hl=ru,https://www.youtube.com/watch?v=TyRA9riJqZs,"Видео «Жилой комплекс «Legenda на Яхтенной, 24» СПб от «Legenda Intelligent Development»» содержит явную привязку к городу.",True,Legenda Яхтенная Санкт-Петербург обзор,2026-08-23T13:24:21.818143+00:00
4094af1432e2a875e858,Platon Channel,youtube,https://www.youtube.com/@PlatonChannel,PlatonChannel,Санкт-Петербург,479,nano,manual_only,original_profile_opened,https://www.youtube.com/@PlatonChannel,https://www.youtube.com/results?search_query=%D0%94%D0%B5%D1%82%D1%81%D0%BA%D0%B8%D0%B9+%D0%BC%D0%B8%D1%80+%D0%A1%D0%B0%D0%BD%D0%BA%D1%82-%D0%9F%D0%B5%D1%82%D0%B5%D1%80%D0%B1%D1%83%D1%80%D0%B3+%D0%BE%D0%B1%D0%B7%D0%BE%D1%80&hl=ru,https://www.youtube.com/watch?v=4DkN0rt2r9g,Видео «Платон в Санкт-Петербурге день 1 Игрушки Детский Мир Platon Channel» содержит явную привязку к городу.,True,Детский мир Санкт-Петербург обзор,2026-08-23T13:24:16.987980+00:00
0003a0756c7907ee154e,PoeDki,youtube,https://www.youtube.com/@PoeDki,PoeDki,Санкт-Петербург,3640,nano,manual_only,original_profile_opened,https://www.youtube.com/@PoeDki,https://www.youtube.com/results?search_query=%D1%80%D0%B0%D0%B9%D0%BE%D0%BD%D0%BD%D1%8B%D0%B5+%D0%BD%D0%BE%D0%B2%D0%BE%D1%81%D1%82%D0%B8+%D0%9F%D0%B8%D1%82%D0%B5%D1%80+shorts&hl=ru,https://www.youtube.com/watch?v=-rj-feF8yxs,Видео «ВСЁ САМОЕ ИНТЕРЕСНОЕ НАЧИНАЕТСЯ СЕЙЧАС | РАСПОЛАГАЙСЯ ПОУДОБНЕЕ! #стрим #шорты #россия #ру_снг_стрим» содержит явную привязку к городу.,False,районные новости Питер shorts,2026-08-23T13:25:02.576262+00:00
7c7edeba314715eb5c01,polina adueva,youtube,https://www.youtube.com/@polina55adueva,polina55adueva,Санкт-Петербург,9,nano,manual_only,original_profile_opened,https://www.youtube.com/@polina55adueva,https://www.youtube.com/results?search_query=%D0%9F%D0%B5%D1%82%D0%B5%D1%80%D0%B3%D0%BE%D1%84+%D0%A1%D0%B0%D0%BD%D0%BA%D1%82-%D0%9F%D0%B5%D1%82%D0%B5%D1%80%D0%B1%D1%83%D1%80%D0%B3+%D0%B1%D0%BB%D0%BE%D0%B3&hl=ru,https://www.youtube.com/watch?v=rrakBdjpWRU,"Видео «~ неделя в санкт-петербурге, влог ~» содержит явную привязку к городу.",False,Петергоф Санкт-Петербург блог,2026-08-23T13:24:44.054477+00:00
da337bb7abfd65558a41,POP TRAVEL,youtube,https://www.youtube.com/@POPTRAVELofficial,POPTRAVELofficial,Санкт-Петербург,14400,micro,manual_only,original_profile_opened,https://www.youtube.com/@POPTRAVELofficial,https://www.youtube.com/results?search_query=%D0%9F%D0%B8%D1%82%D0%B5%D1%80+%D0%BD%D0%B5%D0%BE%D0%B1%D1%8B%D1%87%D0%BD%D1%8B%D0%B5+%D0%BC%D0%B5%D1%81%D1%82%D0%B0&hl=ru,https://www.youtube.com/watch?v=RTySGIBTURE,"Видео «Питер: места, о которых знают только местные (Санкт-Петербург)» содержит явную привязку к городу.",False,Питер необычные места,2026-08-23T13:24:16.105672+00:00
77963050c7100b2fc661,PoSitive CaChe,youtube,https://www.youtube.com/@PoSitiveCaChe,PoSitiveCaChe,Санкт-Петербург,76800,micro,manual_only,original_profile_opened,https://www.youtube.com/@PoSitiveCaChe,https://www.youtube.com/results?search_query=%D0%B2%D1%8B%D1%81%D1%82%D0%B0%D0%B2%D0%BA%D0%B8+%D0%A1%D0%B0%D0%BD%D0%BA%D1%82-%D0%9F%D0%B5%D1%82%D0%B5%D1%80%D0%B1%D1%83%D1%80%D0%B3+%D0%BE%D0%B1%D0%B7%D0%BE%D1%80&hl=ru,https://www.youtube.com/watch?v=H3s82dvhoG4,Видео «Исаакиевский собор в Санкт Петербурге обзор внутри часть 3» содержит явную привязку к городу.,False,выставки Санкт-Петербург обзор,2026-08-23T13:24:58.445628+00:00
ff9b2c4f9e9e5415beb0,PremiumClubMajesty,youtube,https://www.youtube.com/@PremiumClubMajesty,PremiumClubMajesty,Санкт-Петербург,545,nano,manual_only,original_profile_opened,https://www.youtube.com/@PremiumClubMajesty,https://www.youtube.com/results?search_query=%D0%BB%D1%83%D1%87%D1%88%D0%B8%D0%B5+%D0%BF%D0%B0%D1%80%D0%B8%D0%BA%D0%BC%D0%B0%D1%85%D0%B5%D1%80%D1%81%D0%BA%D0%B8%D0%B5+%D0%9F%D0%B5%D1%82%D0%B5%D1%80%D0%B1%D1%83%D1%80%D0%B3&hl=ru,https://www.youtube.com/watch?v=MTlEh7TZbd0,Видео «Majesty. Лучший салон красоты в Санкт-Петербурге» содержит явную привязку к городу.,False,лучшие парикмахерские Петербург | лучшие салоны красоты Петербург,2026-08-23T13:24:50.970465+00:00
054caa40c4cf06e9048d,privet.beauty,youtube,https://www.youtube.com/@privet.beauty,privet.beauty,Санкт-Петербург,4130,nano,manual_only,original_profile_opened,https://www.youtube.com/@privet.beauty,https://www.youtube.com/results?search_query=%D0%9F%D0%B5%D1%82%D0%B5%D1%80%D0%B1%D1%83%D1%80%D0%B3+%D0%B1%D1%8C%D1%8E%D1%82%D0%B8+%D0%B1%D0%BB%D0%BE%D0%B3&hl=ru,https://www.youtube.com/watch?v=tMV3CgyUc-4,"Видео «Жизнь в центре Петербурга, Выборг, утрата » содержит явную привязку к городу.",False,Петербург бьюти блог,2026-08-23T13:24:13.175611+00:00
7000fd284b843dc36796,PrKsushka / Ksenia Protasenya,youtube,https://www.youtube.com/@pr.ksushka,pr.ksushka,Санкт-Петербург,1680,nano,manual_only,original_profile_opened,https://www.youtube.com/@pr.ksushka,https://www.youtube.com/results?search_query=%D0%9F%D0%B5%D1%82%D1%80%D0%BE%D0%B3%D1%80%D0%B0%D0%B4%D1%81%D0%BA%D0%B8%D0%B9+%D1%80%D0%B0%D0%B9%D0%BE%D0%BD+%D0%BA%D0%B0%D1%84%D0%B5+%D0%BE%D0%B1%D0%B7%D0%BE%D1%80&hl=ru,https://www.youtube.com/watch?v=kYHuRBPj2ic,Видео «ЭТО ЧТО ЗА ЦЕНЫ? | где ПОЕСТЬ в Петербурге | обзор заведений» содержит явную привязку к городу.,False,Петроградка кафе обзор | Петроградский район кафе обзор | Петродворцовый район кафе обзор | Сестрорецк кафе обзор | кафе Санкт-Петербург обзор | кондитерские Санкт-Петербург обзор | кофейни Санкт-Петербург обзор | лучшие кафе Петербург | лучшие кофейни Петербург | лучшие рестораны Петербург | рестораны Санкт-Петербург обзор | стритфуд Санкт-Петербург обзор,2026-08-23T13:24:35.980087+00:00
db090ed77e1404565e77,PRO Архитектуру | Бюро ARHITEC,youtube,https://www.youtube.com/@arhitecpro,arhitecpro,Санкт-Петербург,37300,micro,manual_only,original_profile_opened,https://www.youtube.com/@arhitecpro,https://www.youtube.com/results?search_query=%D0%9B%D0%B0%D1%85%D1%82%D0%B0+%D0%BA%D1%83%D0%B4%D0%B0+%D1%81%D1%85%D0%BE%D0%B4%D0%B8%D1%82%D1%8C&hl=ru,https://www.youtube.com/watch?v=nJSIIrNAAo0,"Видео «Лахта-центр. Проект, который мы не просили» содержит явную привязку к городу.",False,Лахта кафе обзор | Лахта куда сходить | Лахта обзор мест | Лахта семейный обзор,2026-08-23T13:24:47.421422+00:00
2d34b82f021cbc1947ab,Pro_testim,youtube,https://www.youtube.com/@pro_testim3567,pro_testim3567,Санкт-Петербург,891,nano,manual_only,original_profile_opened,https://www.youtube.com/@pro_testim3567,https://www.youtube.com/results?search_query=%D0%BC%D0%B0%D1%81%D1%81%D0%B0%D0%B6+%D0%B8+SPA+%D0%A1%D0%9F%D0%B1+%D0%B1%D0%BB%D0%BE%D0%B3%D0%B5%D1%80&hl=ru,https://www.youtube.com/watch?v=oDD3VGy6RhE,Видео «Гречишный массаж. Spa-салон Время Спа (Time Spa) Санкт-Петербург» содержит явную привязку к городу.,False,лучшие массаж и SPA Петербург | массаж и SPA Питер shorts | массаж и SPA СПб блогер | массаж и SPA Санкт-Петербург обзор,2026-08-23T13:24:51.308359+00:00
f0dc0db42bb087d0f0e4,ProNovostroy-SPB,youtube,https://www.youtube.com/@pronovostroy-spb2528,pronovostroy-spb2528,Санкт-Петербург,1810,nano,manual_only,original_profile_opened,https://www.youtube.com/@pronovostroy-spb2528,https://www.youtube.com/results?search_query=%D0%9C%D0%B5%D0%B4%D0%BD%D1%8B%D0%B9+%D0%92%D1%81%D0%B0%D0%B4%D0%BD%D0%B8%D0%BA+%D0%B6%D0%B8%D0%BB%D0%BE%D0%B9+%D0%BA%D0%BE%D0%BC%D0%BF%D0%BB%D0%B5%D0%BA%D1%81+%D0%A1%D0%B0%D0%BD%D0%BA%D1%82-%D0%9F%D0%B5%D1%82%D0%B5%D1%80%D0%B1%D1%83%D1%80%D0%B3+%D0%BE%D0%B1%D0%B7%D0%BE%D1%80&hl=ru,https://www.youtube.com/watch?v=eIqa-vpwgfg,"Видео «ЖК ""Медный Всадник"" [Ход строительства от 26.05.2017]» содержит явную привязку к городу.",True,Lotos Tower Санкт-Петербург обзор | Медный Всадник жилой комплекс Санкт-Петербург обзор,2026-08-23T13:24:24.624252+00:00
004eb8575658a9967dbf,PRosto Channel,youtube,https://www.youtube.com/@PRostoEda,PRostoEda,Санкт-Петербург,25400,micro,manual_only,original_profile_opened,https://www.youtube.com/@PRostoEda,https://www.youtube.com/results?search_query=%D0%B4%D0%BE%D1%81%D1%82%D0%B0%D0%B2%D0%BA%D0%B0+%D0%B5%D0%B4%D1%8B+%D0%A1%D0%B0%D0%BD%D0%BA%D1%82-%D0%9F%D0%B5%D1%82%D0%B5%D1%80%D0%B1%D1%83%D1%80%D0%B3+%D0%BE%D0%B1%D0%B7%D0%BE%D1%80&hl=ru,https://www.youtube.com/watch?v=ZiAJuc22EDA,Видео «PRosto Обжорик. Обзор доставки Вкусные Суши Санкт-Петербург. Пройдемся по топам)» содержит явную привязку к городу.,False,доставка еды Санкт-Петербург обзор,2026-08-23T13:24:50.479458+00:00
b11d27a7724f5f50f239,QVEDO – путешествия на каждый день,youtube,https://www.youtube.com/@QVEDO,QVEDO,Санкт-Петербург,7350,nano,manual_only,original_profile_opened,https://www.youtube.com/@QVEDO,https://www.youtube.com/results?search_query=%D0%BC%D1%83%D0%B7%D0%B5%D0%B8+%D0%A1%D0%9F%D0%B1+%D0%B1%D0%BB%D0%BE%D0%B3%D0%B5%D1%80&hl=ru,https://www.youtube.com/watch?v=9Te1PjO_hJA,"Видео «Питер музейный. Изучаем культуру Санкт-Петербурга: музеи, искусство и развлечения. QVEDO Travel Show» содержит явную привязку к городу.",False,лучшие выставки Петербург | лучшие музеи Петербург | музеи СПб блогер,2026-08-23T13:24:55.418506+00:00
2b819c9edd47ee34996d,Randelpap,youtube,https://www.youtube.com/@Randelpap,Randelpap,Санкт-Петербург,642,nano,manual_only,original_profile_opened,https://www.youtube.com/@Randelpap,https://www.youtube.com/results?search_query=%D0%90%D0%B4%D0%BC%D0%B8%D1%80%D0%B0%D0%BB%D1%82%D0%B5%D0%B9%D1%81%D0%BA%D0%B8%D0%B9+%D1%80%D0%B0%D0%B9%D0%BE%D0%BD+%D0%BE%D0%B1%D0%B7%D0%BE%D1%80+%D0%BC%D0%B5%D1%81%D1%82&hl=ru,https://www.youtube.com/watch?v=fkqjSHxAEZo,Видео «Места для прогулок в МО Семеновский Адмиралтейского района Санкт-Петербурга» содержит явную привязку к городу.,False,Адмиралтейский район куда сходить | Адмиралтейский район обзор мест,2026-08-23T13:24:27.773253+00:00
8df44efd2c94e63531d0,RAQNEDA,youtube,https://www.youtube.com/@raqneda,raqneda,Санкт-Петербург,5360,nano,manual_only,original_profile_opened,https://www.youtube.com/@raqneda,https://www.youtube.com/results?search_query=%D0%9A%D1%83%D0%BF%D1%87%D0%B8%D0%BD%D0%BE+%D0%BA%D1%83%D0%B4%D0%B0+%D1%81%D1%85%D0%BE%D0%B4%D0%B8%D1%82%D1%8C&hl=ru,https://www.youtube.com/watch?v=4iCqQkbNgqo,Видео «как живет молодежь в петербурге - купчино - жизнь студента в россии - румтур спальный жизнь других в» содержит явную привязку к городу.,False,Купчино куда сходить,2026-08-23T13:24:42.740337+00:00
20d9573992beda65cfa9,Ray History Channel,youtube,https://www.youtube.com/@RayHistoryChannel,RayHistoryChannel,Санкт-Петербург,18500,micro,manual_only,original_profile_opened,https://www.youtube.com/@RayHistoryChannel,https://www.youtube.com/results?search_query=%D0%9F%D1%80%D0%BE%D1%81%D0%BF%D0%B5%D0%BA%D1%82+%D0%9F%D1%80%D0%BE%D1%81%D0%B2%D0%B5%D1%89%D0%B5%D0%BD%D0%B8%D1%8F+%D0%BA%D1%83%D0%B4%D0%B0+%D1%81%D1%85%D0%BE%D0%B4%D0%B8%D1%82%D1%8C&hl=ru,https://www.youtube.com/watch?v=_qAPGWEtffQ,Видео «Станции Петербургского метрополитена | Проспект Просвещения» содержит явную привязку к городу.,False,Проспект Просвещения куда сходить | Проспект Просвещения обзор мест,2026-08-23T13:24:39.264255+00:00
6b896461ebbf0dbfb3e7,REAL LIFE,youtube,https://www.youtube.com/@reallife114,reallife114,Санкт-Петербург,790,nano,manual_only,original_profile_opened,https://www.youtube.com/@reallife114,https://www.youtube.com/results?search_query=%D0%90%D0%B4%D0%BC%D0%B8%D1%80%D0%B0%D0%BB%D1%82%D0%B5%D0%B9%D1%81%D0%BA%D0%B8%D0%B9+%D1%80%D0%B0%D0%B9%D0%BE%D0%BD+%D0%A1%D0%B0%D0%BD%D0%BA%D1%82-%D0%9F%D0%B5%D1%82%D0%B5%D1%80%D0%B1%D1%83%D1%80%D0%B3+%D0%B1%D0%BB%D0%BE%D0%B3&hl=ru,https://www.youtube.com/watch?v=PHuTbfpaBFs,Видео «Адмиралтейский район. Санкт-Петербург.» содержит явную привязку к городу.,False,Адмиралтейский район Санкт-Петербург блог | Адмиралтейский район обзор мест | Красногвардейский район Санкт-Петербург блог | Красногвардейский район обзор мест | Красносельский район обзор мест | Красносельский район семейный обзор | Невский район обзор мест,2026-08-23T13:24:25.726748+00:00
7b38c961da0933a5391e,Regem,youtube,https://www.youtube.com/@regem6368,regem6368,Санкт-Петербург,364,nano,manual_only,original_profile_opened,https://www.youtube.com/@regem6368,https://www.youtube.com/results?search_query=%D0%BC%D0%B0%D0%B3%D0%B0%D0%B7%D0%B8%D0%BD%D1%8B+%D0%BE%D0%B4%D0%B5%D0%B6%D0%B4%D1%8B+%D0%A1%D0%9F%D0%B1+%D0%B1%D0%BB%D0%BE%D0%B3%D0%B5%D1%80&hl=ru,https://www.youtube.com/watch?v=mdRa8qsG02w,"Видео «Магазин модной одежды в СПб - бутик ""Дань Моде""» содержит явную привязку к городу.",False,лучшие магазины одежды Петербург | магазины одежды СПб блогер,2026-08-23T13:25:00.759330+00:00
ac452e5d8b76e00ec3b7,Reizer,youtube,https://www.youtube.com/@reizer9261,reizer9261,Санкт-Петербург,13800,micro,manual_only,original_profile_opened,https://www.youtube.com/@reizer9261,https://www.youtube.com/results?search_query=%D0%B4%D0%B5%D1%82%D1%81%D0%BA%D0%B8%D0%B5+%D1%86%D0%B5%D0%BD%D1%82%D1%80%D1%8B+%D0%9F%D0%B8%D1%82%D0%B5%D1%80+shorts&hl=ru,https://www.youtube.com/watch?v=dGopBHaO0O0,Видео «лопнул трос в Питере #shorts» содержит явную привязку к городу.,False,детские центры Питер shorts | детские центры СПб блогер,2026-08-23T13:24:53.161131+00:00
ab03f546b25047abf164,RESTOPARK PR (Рестопарк),youtube,https://www.youtube.com/@funcity_1,funcity_1,Санкт-Петербург,88,nano,manual_only,original_profile_opened,https://www.youtube.com/@funcity_1,https://www.youtube.com/results?search_query=FunCity+%D0%A1%D0%B0%D0%BD%D0%BA%D1%82-%D0%9F%D0%B5%D1%82%D0%B5%D1%80%D0%B1%D1%83%D1%80%D0%B3+%D0%BE%D0%B1%D0%B7%D0%BE%D1%80&hl=ru,https://www.youtube.com/watch?v=a1h7dKG0gsE,"Видео «FUN CITY в ТРК ""Континент"" (Санкт-Петербург)» содержит явную привязку к городу.",True,FunCity Санкт-Петербург обзор,2026-08-23T13:24:20.006909+00:00
38bb73cf343dfd0363fd,RETAILER,youtube,https://www.youtube.com/@RETAILERvideo,RETAILERvideo,Санкт-Петербург,1500,nano,manual_only,original_profile_opened,https://www.youtube.com/@RETAILERvideo,https://www.youtube.com/results?search_query=Gulliver+%D0%A1%D0%B0%D0%BD%D0%BA%D1%82-%D0%9F%D0%B5%D1%82%D0%B5%D1%80%D0%B1%D1%83%D1%80%D0%B3+%D0%BE%D0%B1%D0%B7%D0%BE%D1%80&hl=ru,https://www.youtube.com/watch?v=0yH2h7gryPA,"Видео «ТРК «Гулливер», Санкт Петербург. «Квадратные метры»» содержит явную привязку к городу.",True,Gulliver Санкт-Петербург обзор,2026-08-23T13:24:17.160135+00:00
394a2d744b506ff86413,RETRO CRIME (ретро криминал),youtube,https://www.youtube.com/@retrocrime4899,retrocrime4899,Санкт-Петербург,21500,micro,manual_only,original_profile_opened,https://www.youtube.com/@retrocrime4899,https://www.youtube.com/results?search_query=%D0%9F%D0%B8%D1%82%D0%B5%D1%80+%D0%BB%D0%BE%D0%BA%D0%B0%D0%BB%D1%8C%D0%BD%D1%8B%D0%B9+%D0%B0%D0%B2%D1%82%D0%BE%D1%80&hl=ru,https://www.youtube.com/watch?v=LvPOGzYvYdM,Видео «ПИТЕР ВУДКОК / ПСИХОПАТ УБИЙЦА» содержит явную привязку к городу.,False,Питер локальный автор,2026-08-23T13:24:13.951795+00:00
0bfdc27b21edbd5d4eee,Review Project,youtube,https://www.youtube.com/@ReviewProject,ReviewProject,Санкт-Петербург,61,nano,manual_only,original_profile_opened,https://www.youtube.com/@ReviewProject,https://www.youtube.com/results?search_query=%D0%B0%D1%84%D0%B8%D1%88%D0%B0+%D0%A1%D0%B0%D0%BD%D0%BA%D1%82-%D0%9F%D0%B5%D1%82%D0%B5%D1%80%D0%B1%D1%83%D1%80%D0%B3+%D0%BE%D0%B1%D0%B7%D0%BE%D1%80&hl=ru,https://www.youtube.com/watch?v=UQe2iLEXA20,Видео «Видео афиша. Куда сходить в Петербурге. REview Project #7 (27.07-02.08)» содержит явную привязку к городу.,False,афиша Санкт-Петербург обзор | лучшие афиша Петербург,2026-08-23T13:24:58.945015+00:00
cff2b4bbd665bb3c5077,RIDE ACTION,youtube,https://www.youtube.com/@rideactionteam,rideactionteam,Санкт-Петербург,156000,mid,manual_only,original_profile_opened,https://www.youtube.com/@rideactionteam,https://www.youtube.com/results?search_query=%D1%81%D0%BF%D0%BE%D1%80%D1%82+%D0%A1%D0%B0%D0%BD%D0%BA%D1%82-%D0%9F%D0%B5%D1%82%D0%B5%D1%80%D0%B1%D1%83%D1%80%D0%B3+%D0%BE%D0%B1%D0%B7%D0%BE%D1%80&hl=ru,https://www.youtube.com/watch?v=QNnYr96__WU,Видео «ОБЗОР НОВОГО СКЕЙТ-ПАРКА В САНКТ-ПЕТЕРБУРГЕ !» содержит явную привязку к городу.,False,спорт Санкт-Петербург обзор,2026-08-23T13:25:04.499865+00:00
329b7a67804f0322e96b,RKgroup недвижимость,youtube,https://www.youtube.com/@RKgroup_spb,RKgroup_spb,Санкт-Петербург,897,nano,manual_only,original_profile_opened,https://www.youtube.com/@RKgroup_spb,https://www.youtube.com/results?search_query=%D0%B6%D0%B8%D0%BB%D1%8B%D0%B5+%D0%BA%D0%BE%D0%BC%D0%BF%D0%BB%D0%B5%D0%BA%D1%81%D1%8B+%D0%A1%D0%B0%D0%BD%D0%BA%D1%82-%D0%9F%D0%B5%D1%82%D0%B5%D1%80%D0%B1%D1%83%D1%80%D0%B3+%D0%BE%D0%B1%D0%B7%D0%BE%D1%80&hl=ru,https://www.youtube.com/watch?v=B5EUcqIqdV0,"Видео «ЖИЛОЙ КОМПЛЕКС возле НЕВЫ в тихом месте ПЕТРОГРАДСКОГО р-на Санкт-Петербурга / ЖК ""БОТАНИКА""» содержит явную привязку к городу.",False,жилые комплексы Санкт-Петербург обзор,2026-08-23T13:25:02.611765+00:00
8895883e08266dab865b,roman ipatyev,youtube,https://www.youtube.com/@romanipatyev916,romanipatyev916,Санкт-Петербург,9,nano,manual_only,original_profile_opened,https://www.youtube.com/@romanipatyev916,https://www.youtube.com/results?search_query=%D0%A2%D0%9A+%D0%9F%D1%80%D0%BE%D0%BC%D0%B5%D0%BD%D0%B0%D0%B4+%D0%A1%D0%B0%D0%BD%D0%BA%D1%82-%D0%9F%D0%B5%D1%82%D0%B5%D1%80%D0%B1%D1%83%D1%80%D0%B3+%D0%BE%D0%B1%D0%B7%D0%BE%D1%80&hl=ru,https://www.youtube.com/watch?v=FMSbb0wuD7I,"Видео «Торговая точка ""SERENATA"", г. Санкт-Петербург, ТЦ ""Променад"", Комендантский проспект, д.9» содержит явную привязку к городу.",True,ТК Променад Санкт-Петербург обзор,2026-08-23T13:24:18.882613+00:00
ccdf3907d8bfa31a71f8,Rotkosha,youtube,https://www.youtube.com/@Rotkosha,Rotkosha,Санкт-Петербург,734,nano,manual_only,original_profile_opened,https://www.youtube.com/@Rotkosha,https://www.youtube.com/results?search_query=%D0%BE%D0%B1%D1%80%D0%B0%D0%B7%D0%BE%D0%B2%D0%B0%D0%BD%D0%B8%D0%B5+%D0%A1%D0%9F%D0%B1+%D0%B1%D0%BB%D0%BE%D0%B3%D0%B5%D1%80&hl=ru,https://www.youtube.com/watch?v=2Gz-X7hVmHM,Видео «НУЖНО ЛИ ВЫСШЕЕ ОБРАЗОВАНИЕ В 2025 | Техноложка СПб Моя история | Реальные общежития СПбГТИ» содержит явную привязку к городу.,False,образование СПб блогер,2026-08-23T13:25:05.675773+00:00
668bd3028e9bd9a3f23e,rramk,youtube,https://www.youtube.com/@rram-e3j,rram-e3j,Санкт-Петербург,1,nano,manual_only,original_profile_opened,https://www.youtube.com/@rram-e3j,https://www.youtube.com/results?search_query=%D0%9F%D0%B8%D1%82%D0%B5%D1%80+%D0%BB%D0%BE%D0%BA%D0%B0%D0%BB%D1%8C%D0%BD%D1%8B%D0%B9+%D0%B0%D0%B2%D1%82%D0%BE%D1%80&hl=ru,https://www.youtube.com/watch?v=bAt8A7UK6zc,Видео «ДУДЕРГОФСКИЕ ВЫСОТЫ — будто мы уехали из Петербурга | CINEMA VLOG» содержит явную привязку к городу.,False,Питер локальный автор,2026-08-23T13:24:14.065345+00:00
2b1905df509436cbdcf4,RuSmiLe:],youtube,https://www.youtube.com/@_RuSmiLe,_RuSmiLe,Санкт-Петербург,10300,micro,manual_only,original_profile_opened,https://www.youtube.com/@_RuSmiLe,https://www.youtube.com/results?search_query=%D0%9F%D0%B5%D1%82%D0%B5%D1%80%D0%B3%D0%BE%D1%84+%D0%BE%D0%B1%D0%B7%D0%BE%D1%80+%D0%BC%D0%B5%D1%81%D1%82&hl=ru,https://www.youtube.com/watch?v=NlJ63GQLAK0,Видео «МЕТЕОР из Питера в Петергоф ОТЗЫВ» содержит явную привязку к городу.,False,Петергоф обзор мест,2026-08-23T13:24:44.355527+00:00
842bc36233ce0e422050,Russian Vintage Band,youtube,https://www.youtube.com/@russianvintageband2311,russianvintageband2311,Санкт-Петербург,10100,micro,manual_only,original_profile_opened,https://www.youtube.com/@russianvintageband2311,https://www.youtube.com/results?search_query=%D0%A3%D0%B4%D0%B5%D0%BB%D1%8C%D0%BD%D0%B0%D1%8F+%D0%A1%D0%B0%D0%BD%D0%BA%D1%82-%D0%9F%D0%B5%D1%82%D0%B5%D1%80%D0%B1%D1%83%D1%80%D0%B3+%D0%B1%D0%BB%D0%BE%D0%B3&hl=ru,https://www.youtube.com/watch?v=va4C_0JAXFE,"Видео «""Блошиный рынок"" у метро Удельная, Санкт-Петербург, 17.01.2026.» содержит явную привязку к городу.",False,Удельная Санкт-Петербург блог | винтаж Санкт-Петербург обзор,2026-08-23T13:24:49.149273+00:00
fccdc92242e32ef85419,Rustalya,youtube,https://www.youtube.com/@Rustalya,Rustalya,Санкт-Петербург,1370,nano,manual_only,original_profile_opened,https://www.youtube.com/@Rustalya,https://www.youtube.com/results?search_query=%D0%9B%D0%B0%D1%85%D1%82%D0%B0+%D0%A1%D0%B0%D0%BD%D0%BA%D1%82-%D0%9F%D0%B5%D1%82%D0%B5%D1%80%D0%B1%D1%83%D1%80%D0%B3+%D0%B1%D0%BB%D0%BE%D0%B3&hl=ru,https://www.youtube.com/watch?v=pCiZHNY1wBw,Видео «Лахта Центр | Самый Высокий Небоскреб в Европе и России | Tallest Skyscraper in Europe and Russia» содержит явную привязку к городу.,False,Лахта Санкт-Петербург блог | Лахта кафе обзор | Лахта семейный обзор,2026-08-23T13:24:47.434618+00:00
578e1771257f188d2454,sagentom,youtube,https://www.youtube.com/@sagentom,sagentom,Санкт-Петербург,132,nano,manual_only,original_profile_opened,https://www.youtube.com/@sagentom,https://www.youtube.com/results?search_query=%D0%9D%D0%B5%D0%B2%D1%81%D0%BA%D0%B8%D0%B9+%D1%80%D0%B0%D0%B9%D0%BE%D0%BD+%D1%81%D0%B5%D0%BC%D0%B5%D0%B9%D0%BD%D1%8B%D0%B9+%D0%BE%D0%B1%D0%B7%D0%BE%D1%80&hl=ru,https://www.youtube.com/watch?v=0jBHsGLMvMs,Видео «Экскурсия по новостройкам | Невский район» содержит явную привязку к городу.,False,Невский район семейный обзор,2026-08-23T13:24:34.253178+00:00
e7bdac298b870c2c0d46,Sasha Akimov,youtube,https://www.youtube.com/@sasha_akimov,sasha_akimov,Санкт-Петербург,13500,micro,manual_only,original_profile_opened,https://www.youtube.com/@sasha_akimov,https://www.youtube.com/results?search_query=%D0%9F%D0%B0%D1%80%D0%BD%D0%B0%D1%81+%D0%BE%D0%B1%D0%B7%D0%BE%D1%80+%D0%BC%D0%B5%D1%81%D1%82&hl=ru,https://www.youtube.com/watch?v=CKlbLEaqq4o,Видео «Парнас. PLACES [ep4 s2]» содержит явную привязку к городу.,False,Парнас обзор мест,2026-08-23T13:24:38.891575+00:00
57d354e244c94fc22c05,Sasha.Masha.Stories,youtube,https://www.youtube.com/@sasha.masha.stories,sasha.masha.stories,Санкт-Петербург,199,nano,manual_only,original_profile_opened,https://www.youtube.com/@sasha.masha.stories,https://www.youtube.com/results?search_query=%D0%BE%D1%82%D0%B5%D0%BB%D0%B8+%D0%A1%D0%B0%D0%BD%D0%BA%D1%82-%D0%9F%D0%B5%D1%82%D0%B5%D1%80%D0%B1%D1%83%D1%80%D0%B3+%D0%BE%D0%B1%D0%B7%D0%BE%D1%80&hl=ru,https://www.youtube.com/watch?v=pPgsSPVaBzE,Видео «Санкт-Петербург. Уютный отель IZZZI у Гостиного двора//Обзор» содержит явную привязку к городу.,False,отели Санкт-Петербург обзор,2026-08-23T13:25:03.593869+00:00
225202de18b827ba9105,sashalevi_live,youtube,https://www.youtube.com/@sashalevi_live,sashalevi_live,Санкт-Петербург,2320,nano,manual_only,original_profile_opened,https://www.youtube.com/@sashalevi_live,https://www.youtube.com/results?search_query=%D0%9B%D0%B0%D1%85%D1%82%D0%B0+%D0%BA%D0%B0%D1%84%D0%B5+%D0%BE%D0%B1%D0%B7%D0%BE%D1%80&hl=ru,https://www.youtube.com/watch?v=NRWj4nx30js,Видео «Санкт Петербург 2025| СЕВКАБЕЛЬ ПОРТ и ЛАХТА-ЦЕНТР -что тут есть?| ЦЕНЫ| Обзор ЛУЧШЕГО КАФЕ в Питере» содержит явную привязку к городу.,False,Лахта кафе обзор,2026-08-23T13:24:48.016946+00:00
488f49c7c2df3596ceb4,SCARY PLACE,youtube,https://www.youtube.com/@Horrorquests,Horrorquests,Санкт-Петербург,2700,nano,manual_only,original_profile_opened,https://www.youtube.com/@Horrorquests,https://www.youtube.com/results?search_query=%D0%B4%D0%B5%D1%82%D1%81%D0%BA%D0%B8%D0%B5+%D1%86%D0%B5%D0%BD%D1%82%D1%80%D1%8B+%D0%A1%D0%9F%D0%B1+%D0%B1%D0%BB%D0%BE%D0%B3%D0%B5%D1%80&hl=ru,https://www.youtube.com/watch?v=eJaC8CyKvHo,Видео «Квест «Dead Inside» в СПБ. НашTK: QUEST STARS | SCARY PLACE SPB#квесты#хоррорквесты #хоррор #страх» содержит явную привязку к городу.,False,детские центры СПб блогер,2026-08-23T13:24:53.951048+00:00
e8a6a3315e47d53ee483,Senya Portnova,youtube,https://www.youtube.com/@senyaportnova749,senyaportnova749,Санкт-Петербург,389,nano,manual_only,original_profile_opened,https://www.youtube.com/@senyaportnova749,https://www.youtube.com/results?search_query=%D0%BB%D1%83%D1%87%D1%88%D0%B8%D0%B5+%D0%B2%D0%B8%D0%BD%D1%82%D0%B0%D0%B6+%D0%9F%D0%B5%D1%82%D0%B5%D1%80%D0%B1%D1%83%D1%80%D0%B3&hl=ru,https://www.youtube.com/watch?v=37KxwWEqWlU,Видео «ВИНТАЖНЫЕ МАГАЗИНЫ САНКТ-ПЕТЕРБУРГА С ПРИМЕРКОЙ» содержит явную привязку к городу.,False,лучшие винтаж Петербург,2026-08-23T13:25:01.440552+00:00
2a7f82fff42095d80ee7,Sevda,youtube,https://www.youtube.com/@Dr.sevda.poladovna,Dr.sevda.poladovna,Санкт-Петербург,94,nano,manual_only,original_profile_opened,https://www.youtube.com/@Dr.sevda.poladovna,https://www.youtube.com/results?search_query=%D1%81%D1%82%D0%BE%D0%BC%D0%B0%D1%82%D0%BE%D0%BB%D0%BE%D0%B3%D0%B8%D0%B8+%D0%A1%D0%9F%D0%B1+%D0%B1%D0%BB%D0%BE%D0%B3%D0%B5%D1%80&hl=ru,https://www.youtube.com/watch?v=qwiDojnJv9w,Видео «#врач #стоматолог #хочуврек #дантист #рекомендации #пациент #рек #спб #реки #блогер» содержит явную привязку к городу.,False,стоматологии СПб блогер,2026-08-23T13:24:52.837585+00:00
c8bc3b1ae56ba658d6cf,Sharlin Beauty,youtube,https://www.youtube.com/@SharlinBeauty,SharlinBeauty,Санкт-Петербург,1020,nano,manual_only,original_profile_opened,https://www.youtube.com/@SharlinBeauty,https://www.youtube.com/results?search_query=Watsons+%D0%A1%D0%B0%D0%BD%D0%BA%D1%82-%D0%9F%D0%B5%D1%82%D0%B5%D1%80%D0%B1%D1%83%D1%80%D0%B3+%D0%BE%D0%B1%D0%B7%D0%BE%D1%80&hl=ru,https://www.youtube.com/watch?v=tPNdTlrOcL4,Видео «БЬЮТИ ПОКУПКИ ИЗ ПЕТЕРБУРГА/ЗОЛОТОЕ ЯБЛОКО/WATSONS» содержит явную привязку к городу.,True,Watsons Санкт-Петербург обзор,2026-08-23T13:24:16.394423+00:00
d1954f8d5c1d3477f862,shery_ psiholog,youtube,https://www.youtube.com/@shery_psiholog4140,shery_psiholog4140,Санкт-Петербург,417,nano,manual_only,original_profile_opened,https://www.youtube.com/@shery_psiholog4140,https://www.youtube.com/results?search_query=%D0%9A%D1%83%D1%80%D0%BE%D1%80%D1%82%D0%BD%D1%8B%D0%B9+%D1%80%D0%B0%D0%B9%D0%BE%D0%BD+%D0%A1%D0%B0%D0%BD%D0%BA%D1%82-%D0%9F%D0%B5%D1%82%D0%B5%D1%80%D0%B1%D1%83%D1%80%D0%B3+%D0%B1%D0%BB%D0%BE%D0%B3&hl=ru,https://www.youtube.com/watch?v=fDNh0HNt6Mo,Видео «КУРОРТНЫЙ РАЙОН САНКТ - ПЕТЕРБУРГА 🌅 СОЛНЕЧНОЕ 🌅 RESORT» содержит явную привязку к городу.,False,Курортный район Санкт-Петербург блог,2026-08-23T13:24:33.539504+00:00
ff85bda62ce31a5f498b,SHUGA,youtube,https://www.youtube.com/@SHUGA_1703,SHUGA_1703,Санкт-Петербург,4880,nano,manual_only,original_profile_opened,https://www.youtube.com/@SHUGA_1703,https://www.youtube.com/results?search_query=%D0%BB%D1%83%D1%87%D1%88%D0%B8%D0%B5+%D0%BA%D0%BE%D0%BD%D0%B4%D0%B8%D1%82%D0%B5%D1%80%D1%81%D0%BA%D0%B8%D0%B5+%D0%9F%D0%B5%D1%82%D0%B5%D1%80%D0%B1%D1%83%D1%80%D0%B3&hl=ru,https://www.youtube.com/watch?v=HTffEiHdk_I,Видео «ГОРОДСКИЕ КОНДИТЕРСКИЕ №1  ОТЛИЧНЫЙ ВЫБОР» содержит явную привязку к городу.,False,лучшие кондитерские Петербург,2026-08-23T13:24:50.531181+00:00
d73ff69af4fdf005e844,SILAVETRA,youtube,https://www.youtube.com/@silavetrasila,silavetrasila,Санкт-Петербург,3180,nano,manual_only,original_profile_opened,https://www.youtube.com/@silavetrasila,https://www.youtube.com/results?search_query=%D0%A1%D0%9F%D0%B1+%D0%B0%D0%B2%D1%82%D0%BE%D1%80%D1%81%D0%BA%D0%B8%D0%B9+%D0%BA%D0%B0%D0%BD%D0%B0%D0%BB&hl=ru,https://www.youtube.com/watch?v=XBZx47gw7nI,"Видео «Эволюция гонок и гоночных яхт — Евгений Китаев (яхтсмен, автор-телеграм канала «Парус упругий»)» содержит явную привязку к городу.",False,СПб авторский канал,2026-08-23T13:24:12.505449+00:00
41667cfd3612399e0b3a,SimAvia,youtube,https://www.youtube.com/@simavia2605,simavia2605,Санкт-Петербург,167,nano,manual_only,original_profile_opened,https://www.youtube.com/@simavia2605,https://www.youtube.com/results?search_query=Level+UP+%D0%A1%D0%B0%D0%BD%D0%BA%D1%82-%D0%9F%D0%B5%D1%82%D0%B5%D1%80%D0%B1%D1%83%D1%80%D0%B3+%D0%BE%D0%B1%D0%B7%D0%BE%D1%80&hl=ru,https://www.youtube.com/watch?v=1yRTL11i11w,Видео «Санкт - Петербург (ULLI) - Минск (UMMS). Boeing 737-800 Level Up. Vatsim» содержит явную привязку к городу.,True,Level UP Санкт-Петербург обзор,2026-08-23T13:24:16.898479+00:00
1e9e5ccc584a4a8ceb8e,SMIRNOV HOUSE,youtube,https://www.youtube.com/@smirnovhouse4719,smirnovhouse4719,Санкт-Петербург,11,nano,manual_only,original_profile_opened,https://www.youtube.com/@smirnovhouse4719,https://www.youtube.com/results?search_query=%D0%9F%D0%B5%D1%82%D0%B5%D1%80%D0%B3%D0%BE%D1%84+%D1%81%D0%B5%D0%BC%D0%B5%D0%B9%D0%BD%D1%8B%D0%B9+%D0%BE%D0%B1%D0%B7%D0%BE%D1%80&hl=ru,https://www.youtube.com/watch?v=JcnwG2guQsc,Видео «СЕМЕЙНЫЙ ОТДЫХ // ОБЗОР ОТЕЛЯ НОВЫЙ ПЕТЕРГОФ // ГДЕ ОТДОХНУТЬ В ПИТЕРЕ ?» содержит явную привязку к городу.,False,Петергоф семейный обзор,2026-08-23T13:24:43.518704+00:00
0a73fdaec1bb6befff4f,Snickers Marsovich,youtube,https://www.youtube.com/@snickersmarsovich6558,snickersmarsovich6558,Санкт-Петербург,19,nano,manual_only,original_profile_opened,https://www.youtube.com/@snickersmarsovich6558,https://www.youtube.com/results?search_query=%D0%BA%D0%BD%D0%B8%D0%B6%D0%BD%D1%8B%D0%B5+%D0%BC%D0%B0%D0%B3%D0%B0%D0%B7%D0%B8%D0%BD%D1%8B+%D0%A1%D0%B0%D0%BD%D0%BA%D1%82-%D0%9F%D0%B5%D1%82%D0%B5%D1%80%D0%B1%D1%83%D1%80%D0%B3+%D0%BE%D0%B1%D0%B7%D0%BE%D1%80&hl=ru,https://www.youtube.com/watch?v=nBE0J595ciw,Видео «Книжные магазины Санкт-Петербурга. Дом книги. Много книг и туристов.» содержит явную привязку к городу.,False,книжные магазины СПб блогер | книжные магазины Санкт-Петербург обзор,2026-08-23T13:25:06.368770+00:00
7486eabf0b593159ffe3,SNK,youtube,https://www.youtube.com/@realtor78spb,realtor78spb,Санкт-Петербург,130,nano,manual_only,original_profile_opened,https://www.youtube.com/@realtor78spb,https://www.youtube.com/results?search_query=Legenda+%D0%AF%D1%85%D1%82%D0%B5%D0%BD%D0%BD%D0%B0%D1%8F+%D0%A1%D0%B0%D0%BD%D0%BA%D1%82-%D0%9F%D0%B5%D1%82%D0%B5%D1%80%D0%B1%D1%83%D1%80%D0%B3+%D0%BE%D0%B1%D0%B7%D0%BE%D1%80&hl=ru,https://www.youtube.com/watch?v=vKsADB5K_QU,Видео «Обзор квартиры на улице Яхтенная  дом 24. Город Санкт-Петербург. Застройщик Легенда.» содержит явную привязку к городу.,True,Legenda Яхтенная Санкт-Петербург обзор,2026-08-23T13:24:21.389805+00:00
e1bc0fa247414cff642b,SPB SALUT,youtube,https://www.youtube.com/@SPBSALUT,SPBSALUT,Санкт-Петербург,324,nano,manual_only,original_profile_opened,https://www.youtube.com/@SPBSALUT,https://www.youtube.com/results?search_query=%D0%9F%D0%B8%D1%80%D0%BE%D0%A8%D0%BE%D1%83+%D0%A1%D0%9F%D0%B1+%D0%A1%D0%B0%D0%BD%D0%BA%D1%82-%D0%9F%D0%B5%D1%82%D0%B5%D1%80%D0%B1%D1%83%D1%80%D0%B3+%D0%BE%D0%B1%D0%B7%D0%BE%D1%80&hl=ru,https://www.youtube.com/watch?v=-uFe7lt2fTI,Видео «Свадебный фейерверк в Санкт Петербурге | SPB SALUT» содержит явную привязку к городу.,True,ПироШоу СПб Санкт-Петербург обзор,2026-08-23T13:24:24.622077+00:00
2120905753f2cf5c5bd0,SPbThai,youtube,https://www.youtube.com/@SPbThai,SPbThai,Санкт-Петербург,4700,nano,manual_only,original_profile_opened,https://www.youtube.com/@SPbThai,https://www.youtube.com/results?search_query=%D0%BC%D0%B0%D1%81%D1%81%D0%B0%D0%B6+%D0%B8+SPA+%D0%A1%D0%9F%D0%B1+%D0%B1%D0%BB%D0%BE%D0%B3%D0%B5%D1%80&hl=ru,https://www.youtube.com/watch?v=G-fulyW43Ec,Видео «Главное в тайском массаже #питер #спб#тайскиймассаж #тайскиймассажпитер #тайскиймассажспб#массажспб» содержит явную привязку к городу.,False,лучшие массаж и SPA Петербург | массаж и SPA СПб блогер | массаж и SPA Санкт-Петербург обзор,2026-08-23T13:24:52.241413+00:00
fcb15f9450d60831c82b,Sports Mechanics,youtube,https://www.youtube.com/@Sports_Mechanics,Sports_Mechanics,Санкт-Петербург,9160,nano,manual_only,original_profile_opened,https://www.youtube.com/@Sports_Mechanics,https://www.youtube.com/results?search_query=%D0%B2%D0%B5%D0%BB%D0%BE%D1%81%D0%B8%D0%BF%D0%B5%D0%B4%D1%8B+%D0%A1%D0%9F%D0%B1+%D0%B1%D0%BB%D0%BE%D0%B3%D0%B5%D1%80&hl=ru,https://www.youtube.com/watch?v=ANR7T4r7bL0,Видео «Велосипед для приключений из Санкт-Петербурга TSB Бурелом» содержит явную привязку к городу.,False,велосипеды СПб блогер | велосипеды Санкт-Петербург обзор,2026-08-23T13:25:04.450560+00:00
61ebced5ae5d7f736e8b,Startsmile – экспертный журнал о стоматологии,youtube,https://www.youtube.com/@Startsmileru,Startsmileru,Санкт-Петербург,14900,micro,manual_only,original_profile_opened,https://www.youtube.com/@Startsmileru,https://www.youtube.com/results?search_query=Jadan+Dental+%D0%A1%D0%B0%D0%BD%D0%BA%D1%82-%D0%9F%D0%B5%D1%82%D0%B5%D1%80%D0%B1%D1%83%D1%80%D0%B3+%D0%BE%D0%B1%D0%B7%D0%BE%D1%80&hl=ru,https://www.youtube.com/watch?v=1qJUNlrpyK4,Видео «Лучшие частные стоматологии Санкт-Петербурга» содержит явную привязку к городу.,True,Dental Place Санкт-Петербург обзор | Jadan Dental Санкт-Петербург обзор | лучшие ветклиники Петербург | лучшие стоматологии Петербург | лучшие частные клиники Петербург | стоматологии СПб блогер | стоматологии Санкт-Петербург обзор,2026-08-23T13:24:24.763445+00:00
db98597a9e3b779a481b,Sterium - недвижимость в 3D,youtube,https://www.youtube.com/@sterium-3d130,sterium-3d130,Санкт-Петербург,213,nano,manual_only,original_profile_opened,https://www.youtube.com/@sterium-3d130,https://www.youtube.com/results?search_query=%D0%9B%D1%8B%D0%B6%D0%BD%D1%8B%D0%B9+2+%D0%A1%D0%B0%D0%BD%D0%BA%D1%82-%D0%9F%D0%B5%D1%82%D0%B5%D1%80%D0%B1%D1%83%D1%80%D0%B3+%D0%BE%D0%B1%D0%B7%D0%BE%D1%80&hl=ru,https://www.youtube.com/watch?v=9DLFY3nYioA,"Видео «Продажа квартиры в Санкт-Петербурге. 2-к кв, 65 м², Лыжный пер., д. 3, Приморский р-н» содержит явную привязку к городу.",True,Лыжный 2 Санкт-Петербург обзор,2026-08-23T13:24:22.725799+00:00
169990b1b19c81136197,Super boy,youtube,https://www.youtube.com/@Superboy-ds8mr,Superboy-ds8mr,Санкт-Петербург,6230,nano,manual_only,original_profile_opened,https://www.youtube.com/@Superboy-ds8mr,https://www.youtube.com/results?search_query=FunCity+%D0%A1%D0%B0%D0%BD%D0%BA%D1%82-%D0%9F%D0%B5%D1%82%D0%B5%D1%80%D0%B1%D1%83%D1%80%D0%B3+%D0%BE%D0%B1%D0%B7%D0%BE%D1%80&hl=ru,https://www.youtube.com/watch?v=U1KMKJvulR0,Видео «Город развлечений Fun city  в ТРК Гранд Каньон в СПб» содержит явную привязку к городу.,True,FunCity Санкт-Петербург обзор,2026-08-23T13:24:20.145183+00:00
b4a03372787e89901e60,Super Smile Стоматология СПб,youtube,https://www.youtube.com/@SuperSmileSpb,SuperSmileSpb,Санкт-Петербург,2200,nano,manual_only,original_profile_opened,https://www.youtube.com/@SuperSmileSpb,https://www.youtube.com/results?search_query=%D1%81%D1%82%D0%BE%D0%BC%D0%B0%D1%82%D0%BE%D0%BB%D0%BE%D0%B3%D0%B8%D0%B8+%D0%A1%D0%9F%D0%B1+%D0%B1%D0%BB%D0%BE%D0%B3%D0%B5%D1%80&hl=ru,https://www.youtube.com/watch?v=g0klvIEuK7E,Видео «Известный блогер оставила отзыв о брекетах в СПб в стоматологии Super Смайл» содержит явную привязку к городу.,False,лучшие стоматологии Петербург | стоматологии СПб блогер,2026-08-23T13:24:53.040079+00:00
d737f5c28cdee340c183,SuperNovikov,youtube,https://www.youtube.com/@SuperNovikov,SuperNovikov,Санкт-Петербург,104,nano,manual_only,original_profile_opened,https://www.youtube.com/@SuperNovikov,https://www.youtube.com/results?search_query=%D1%82%D0%B0%D0%BD%D1%86%D1%8B+%D0%A1%D0%B0%D0%BD%D0%BA%D1%82-%D0%9F%D0%B5%D1%82%D0%B5%D1%80%D0%B1%D1%83%D1%80%D0%B3+%D0%BE%D0%B1%D0%B7%D0%BE%D1%80&hl=ru,https://www.youtube.com/watch?v=wSC1LLay9TU,Видео «Санкт-Петербург. Танцы до утра. #обзор #путешествия» содержит явную привязку к городу.,False,танцы Санкт-Петербург обзор,2026-08-23T13:24:52.219373+00:00
2b4e06c8c45ebfc2853a,Suvorov говорит,youtube,https://www.youtube.com/@SuvorovAlex,SuvorovAlex,Санкт-Петербург,22,nano,manual_only,original_profile_opened,https://www.youtube.com/@SuvorovAlex,https://www.youtube.com/results?search_query=%D0%9A%D1%80%D0%BE%D0%BD%D1%88%D1%82%D0%B0%D0%B4%D1%82+%D0%A1%D0%B0%D0%BD%D0%BA%D1%82-%D0%9F%D0%B5%D1%82%D0%B5%D1%80%D0%B1%D1%83%D1%80%D0%B3+%D0%B1%D0%BB%D0%BE%D0%B3&hl=ru,https://www.youtube.com/watch?v=X5tp9ITyz8Q,"Видео «Spot на острове Кронштадт, Санкт-Петербург. Погуляли и попали на первую Атомную подводную лодку. » содержит явную привязку к городу.",False,Кронштадт Санкт-Петербург блог,2026-08-23T13:24:33.378091+00:00
f1f3318b1099a9a4b17e,Svatikov travel,youtube,https://www.youtube.com/@svatikovtravel,svatikovtravel,Санкт-Петербург,50,nano,manual_only,original_profile_opened,https://www.youtube.com/@svatikovtravel,https://www.youtube.com/results?search_query=%D0%BB%D1%83%D1%87%D1%88%D0%B8%D0%B5+%D0%B1%D0%B5%D0%B3+%D0%9F%D0%B5%D1%82%D0%B5%D1%80%D0%B1%D1%83%D1%80%D0%B3&hl=ru,https://www.youtube.com/watch?v=qdjOVT8_aXE,Видео «SPB - Half Marathon 2026 - самый красивый старт в РФ» содержит явную привязку к городу.,False,лучшие бег Петербург,2026-08-23T13:25:04.574472+00:00
dbfdf4d3ebe091484c7e,Svetlana M.,youtube,https://www.youtube.com/@svetlanam.6175,svetlanam.6175,Санкт-Петербург,570,nano,manual_only,original_profile_opened,https://www.youtube.com/@svetlanam.6175,https://www.youtube.com/results?search_query=%D0%BE%D1%80%D0%B3%D0%B0%D0%BD%D0%B8%D0%B7%D0%B0%D1%82%D0%BE%D1%80%D1%8B+%D0%BC%D0%B5%D1%80%D0%BE%D0%BF%D1%80%D0%B8%D1%8F%D1%82%D0%B8%D0%B9+%D0%A1%D0%9F%D0%B1+%D0%B1%D0%BB%D0%BE%D0%B3%D0%B5%D1%80&hl=ru,https://www.youtube.com/watch?v=HgLkg1Vy1GY,Видео «Бизнес по организации частных мероприятий в Санкт-Петербурге. Звоните: 8 (911) 155-07-07 Андрей» содержит явную привязку к городу.,False,организаторы мероприятий СПб блогер,2026-08-23T13:25:03.046646+00:00
7e256ba801c8182ab043,Svetlana Raynis,youtube,https://www.youtube.com/@demigons1,demigons1,Санкт-Петербург,1480,nano,manual_only,original_profile_opened,https://www.youtube.com/@demigons1,https://www.youtube.com/results?search_query=%D0%9A%D0%BE%D0%BC%D0%B5%D0%BD%D0%B4%D0%B0%D0%BD%D1%82%D1%81%D0%BA%D0%B8%D0%B9+%D0%BF%D1%80%D0%BE%D1%81%D0%BF%D0%B5%D0%BA%D1%82+%D0%BA%D1%83%D0%B4%D0%B0+%D1%81%D1%85%D0%BE%D0%B4%D0%B8%D1%82%D1%8C&hl=ru,https://www.youtube.com/watch?v=cIEkqqLIvio,Видео «Комендантский проспект в Питере» содержит явную привязку к городу.,False,Комендантский проспект куда сходить,2026-08-23T13:24:38.945130+00:00
ca603946fc72cd7ec074,TAIKA FAMILY,youtube,https://www.youtube.com/@taikafamily,taikafamily,Санкт-Петербург,281,nano,manual_only,original_profile_opened,https://www.youtube.com/@taikafamily,https://www.youtube.com/results?search_query=%D1%81%D0%B5%D0%BC%D0%B5%D0%B9%D0%BD%D1%8B%D0%B9+%D0%B4%D0%BE%D1%81%D1%83%D0%B3+%D0%9F%D0%B8%D1%82%D0%B5%D1%80+shorts&hl=ru,https://www.youtube.com/watch?v=Vj9k5E93L_o,Видео «Mazapark в Спб за 1 минуту. #shorts #атракционы #семейныйотдых» содержит явную привязку к городу.,False,семейный досуг Питер shorts,2026-08-23T13:24:54.558533+00:00
6c7226eda555224fdd11,Taisia S,youtube,https://www.youtube.com/@TaisiaS,TaisiaS,Санкт-Петербург,175000,mid,manual_only,original_profile_opened,https://www.youtube.com/@TaisiaS,https://www.youtube.com/results?search_query=%D0%9F%D0%B5%D1%82%D0%B5%D1%80%D0%B3%D0%BE%D1%84+%D0%A1%D0%B0%D0%BD%D0%BA%D1%82-%D0%9F%D0%B5%D1%82%D0%B5%D1%80%D0%B1%D1%83%D1%80%D0%B3+%D0%B1%D0%BB%D0%BE%D0%B3&hl=ru,https://www.youtube.com/watch?v=ceRVq6Sf9A0,Видео «МИНИ-ПУТЕШЕСТВИЕ В ПИТЕР✈️• МЫ ВЛЮБИЛИСЬ❤️• ПЕТЕРГОФ😍🌿• РЕЧНАЯ ЭКСКУРСИЯ⛴️• ПРОГУЛКА ПО ГОРОДУ🏛️» содержит явную привязку к городу.,False,Петергоф Санкт-Петербург блог,2026-08-23T13:24:44.331535+00:00
1e5ef5ad12a78ae6803c,TANELI SPB,youtube,https://www.youtube.com/@tanelispb,tanelispb,Санкт-Петербург,177,nano,manual_only,original_profile_opened,https://www.youtube.com/@tanelispb,https://www.youtube.com/results?search_query=%D0%9A%D1%83%D0%BF%D1%87%D0%B8%D0%BD%D0%BE+%D0%A1%D0%B0%D0%BD%D0%BA%D1%82-%D0%9F%D0%B5%D1%82%D0%B5%D1%80%D0%B1%D1%83%D1%80%D0%B3+%D0%B1%D0%BB%D0%BE%D0%B3&hl=ru,https://www.youtube.com/watch?v=QKZJbjIb03E,"Видео «Прогулка по спальному району Купчино. Санкт-Петербург, спальный район.» содержит явную привязку к городу.",False,Купчино Санкт-Петербург блог | Купчино куда сходить | Купчино обзор мест,2026-08-23T13:24:40.234087+00:00
45fb480bbad8ac477429,Tanya Ponomareva,youtube,https://www.youtube.com/@tanyaponomareva1681,tanyaponomareva1681,Санкт-Петербург,6,nano,manual_only,original_profile_opened,https://www.youtube.com/@tanyaponomareva1681,https://www.youtube.com/results?search_query=%D0%9E%D0%B7%D0%B5%D1%80%D0%BA%D0%B8+%D0%BE%D0%B1%D0%B7%D0%BE%D1%80+%D0%BC%D0%B5%D1%81%D1%82&hl=ru,https://www.youtube.com/watch?v=jRteafn22Xo,Видео «Озерки. Лето 2023г» содержит явную привязку к городу.,False,Озерки обзор мест,2026-08-23T13:24:40.006419+00:00
f0bd9b7b53d27765d490,Tatiana Minich,youtube,https://www.youtube.com/@tatianaminich,tatianaminich,Санкт-Петербург,1460,nano,manual_only,original_profile_opened,https://www.youtube.com/@tatianaminich,https://www.youtube.com/results?search_query=%D0%BB%D1%83%D1%87%D1%88%D0%B8%D0%B5+%D0%B2%D0%B8%D0%BD%D1%82%D0%B0%D0%B6+%D0%9F%D0%B5%D1%82%D0%B5%D1%80%D0%B1%D1%83%D1%80%D0%B3&hl=ru,https://www.youtube.com/watch?v=BH9doLLugkQ,Видео «САМЫЕ ИНТЕРЕСНЫЕ ВИНТАЖКИ ПЕТЕРБУРГА» содержит явную привязку к городу.,False,лучшие винтаж Петербург,2026-08-23T13:25:01.597110+00:00
0281ba9ef0a04bc2714e,Team PELTONEN - невероятные приключения Димы и Юли,youtube,https://www.youtube.com/@TeamPELTONEN,TeamPELTONEN,Санкт-Петербург,419,nano,manual_only,original_profile_opened,https://www.youtube.com/@TeamPELTONEN,https://www.youtube.com/results?search_query=%D0%A0%D1%8B%D0%B1%D0%B0%D1%86%D0%BA%D0%BE%D0%B5+%D0%BE%D0%B1%D0%B7%D0%BE%D1%80+%D0%BC%D0%B5%D1%81%D1%82&hl=ru,https://www.youtube.com/watch?v=jpLFQfwOMZg,Видео «Прогулка из Обухово в Рыбацкое. Неизвестный Питер. Ад или рай в Рыбацком? Это Санкт-Петербург? СПб» содержит явную привязку к городу.,False,Рыбацкое Санкт-Петербург блог | Рыбацкое куда сходить | Рыбацкое обзор мест | Черная речка Санкт-Петербург блог | Черная речка куда сходить,2026-08-23T13:24:40.494179+00:00
335290488884e5868ac8,TEGGER,youtube,https://www.youtube.com/@tegger1663,tegger1663,Санкт-Петербург,114,nano,manual_only,original_profile_opened,https://www.youtube.com/@tegger1663,https://www.youtube.com/results?search_query=%D0%BB%D1%83%D1%87%D1%88%D0%B8%D0%B5+%D0%BE%D1%80%D0%B3%D0%B0%D0%BD%D0%B8%D0%B7%D0%B0%D1%82%D0%BE%D1%80%D1%8B+%D0%BC%D0%B5%D1%80%D0%BE%D0%BF%D1%80%D0%B8%D1%8F%D1%82%D0%B8%D0%B9+%D0%9F%D0%B5%D1%82%D0%B5%D1%80%D0%B1%D1%83%D1%80%D0%B3&hl=ru,https://www.youtube.com/watch?v=Xy87gRW7RrI,Видео «Организация праздников спб. Организация корпоративов. Event агентство спб.» содержит явную привязку к городу.,False,лучшие организаторы мероприятий Петербург,2026-08-23T13:25:03.437663+00:00
4fb063d98bbdf919693c,Terrapia Spa Spb,youtube,https://www.youtube.com/@terrapiaspa_spb,terrapiaspa_spb,Санкт-Петербург,119,nano,manual_only,original_profile_opened,https://www.youtube.com/@terrapiaspa_spb,https://www.youtube.com/results?search_query=%D0%BB%D1%83%D1%87%D1%88%D0%B8%D0%B5+%D0%BC%D0%B0%D1%81%D1%81%D0%B0%D0%B6+%D0%B8+SPA+%D0%9F%D0%B5%D1%82%D0%B5%D1%80%D0%B1%D1%83%D1%80%D0%B3&hl=ru,https://www.youtube.com/watch?v=v1BMC4gM_9U,Видео «Уникальная аквамедитация и авторские спа программы в Санкт-Петербурге 🌿» содержит явную привязку к городу.,False,лучшие массаж и SPA Петербург,2026-08-23T13:24:52.184750+00:00
abedd976f17cae5963f9,The Cities,youtube,https://www.youtube.com/@thecities6914,thecities6914,Санкт-Петербург,11,nano,manual_only,original_profile_opened,https://www.youtube.com/@thecities6914,https://www.youtube.com/results?search_query=%D0%9D%D0%BE%D0%B2%D0%B0%D1%8F+%D0%93%D0%BE%D0%BB%D0%BB%D0%B0%D0%BD%D0%B4%D0%B8%D1%8F+%D0%BA%D1%83%D0%B4%D0%B0+%D1%81%D1%85%D0%BE%D0%B4%D0%B8%D1%82%D1%8C&hl=ru,https://www.youtube.com/watch?v=MnchV70td2M,Видео «остров новая голландия в петербурге 2021 / куда сходить в питере / прогулки по питеру» содержит явную привязку к городу.,False,Новая Голландия куда сходить,2026-08-23T13:24:46.796956+00:00
939737f6197f0945e0ef,The Sea Wind Official,youtube,https://www.youtube.com/@TheSeaWindOfficial,TheSeaWindOfficial,Санкт-Петербург,516,nano,manual_only,original_profile_opened,https://www.youtube.com/@TheSeaWindOfficial,https://www.youtube.com/results?search_query=%D0%9A%D1%80%D0%B0%D1%81%D0%BD%D0%BE%D1%81%D0%B5%D0%BB%D1%8C%D1%81%D0%BA%D0%B8%D0%B9+%D1%80%D0%B0%D0%B9%D0%BE%D0%BD+%D0%BE%D0%B1%D0%B7%D0%BE%D1%80+%D0%BC%D0%B5%D1%81%D1%82&hl=ru,https://www.youtube.com/watch?v=RxvjETT_hAM,Видео «Красносельский район Санкт-Петербурга [2023]» содержит явную привязку к городу.,False,Красносельский район обзор мест,2026-08-23T13:24:33.154849+00:00
f948aef74b16b3476eeb,Tim Advisor,youtube,https://www.youtube.com/@timadvisor,timadvisor,Санкт-Петербург,799,nano,manual_only,original_profile_opened,https://www.youtube.com/@timadvisor,https://www.youtube.com/results?search_query=Legenda+%D0%AF%D1%85%D1%82%D0%B5%D0%BD%D0%BD%D0%B0%D1%8F+%D0%A1%D0%B0%D0%BD%D0%BA%D1%82-%D0%9F%D0%B5%D1%82%D0%B5%D1%80%D0%B1%D1%83%D1%80%D0%B3+%D0%BE%D0%B1%D0%B7%D0%BE%D1%80&hl=ru,https://www.youtube.com/watch?v=zCUJEWuvQxc,Видео «Квартира в Legenda Яхтенная 24. Обзор и опыт эксплуатации. Легенда - жилье комфорт класса.» содержит явную привязку к городу.,True,Legenda Яхтенная Санкт-Петербург обзор,2026-08-23T13:24:21.386926+00:00
08a945a3e6065afc5448,To Books,youtube,https://www.youtube.com/@Yanabooks,Yanabooks,Санкт-Петербург,7630,nano,manual_only,original_profile_opened,https://www.youtube.com/@Yanabooks,https://www.youtube.com/results?search_query=%D0%BA%D0%BD%D0%B8%D0%B6%D0%BD%D1%8B%D0%B5+%D0%BC%D0%B0%D0%B3%D0%B0%D0%B7%D0%B8%D0%BD%D1%8B+%D0%A1%D0%B0%D0%BD%D0%BA%D1%82-%D0%9F%D0%B5%D1%82%D0%B5%D1%80%D0%B1%D1%83%D1%80%D0%B3+%D0%BE%D0%B1%D0%B7%D0%BE%D1%80&hl=ru,https://www.youtube.com/watch?v=nDTQB51LhU8,"Видео «КНИЖНАЯ охота в 5-ти магазинах Питера✨ Лучшие книжные, открытия и топ магазинов» содержит явную привязку к городу.",False,книжные магазины СПб блогер | книжные магазины Санкт-Петербург обзор | лучшие книжные магазины Петербург,2026-08-23T13:25:06.137357+00:00
bfd7ec2b9040d62b5965,Toma L,youtube,https://www.youtube.com/@tomal5496,tomal5496,Санкт-Петербург,148,nano,manual_only,original_profile_opened,https://www.youtube.com/@tomal5496,https://www.youtube.com/results?search_query=%D0%9A%D0%B8%D1%80%D0%BE%D0%B2%D1%81%D0%BA%D0%B8%D0%B9+%D1%80%D0%B0%D0%B9%D0%BE%D0%BD+%D0%A1%D0%B0%D0%BD%D0%BA%D1%82-%D0%9F%D0%B5%D1%82%D0%B5%D1%80%D0%B1%D1%83%D1%80%D0%B3+%D0%B1%D0%BB%D0%BE%D0%B3&hl=ru,https://www.youtube.com/watch?v=Lz9gKAhxSLw,Видео «Санкт Петербург/ /Кировский район/ /Синагога.» содержит явную привязку к городу.,False,Кировский район Санкт-Петербург блог,2026-08-23T13:24:31.842142+00:00
3cf7930195440165d0ce,TONI&GUY Saint-Petersburg,youtube,https://www.youtube.com/@toniguysaint-petersburg8645,toniguysaint-petersburg8645,Санкт-Петербург,39,nano,manual_only,original_profile_opened,https://www.youtube.com/@toniguysaint-petersburg8645,https://www.youtube.com/results?search_query=%D0%BF%D0%B0%D1%80%D0%B8%D0%BA%D0%BC%D0%B0%D1%85%D0%B5%D1%80%D1%81%D0%BA%D0%B8%D0%B5+%D0%9F%D0%B8%D1%82%D0%B5%D1%80+shorts&hl=ru,https://www.youtube.com/watch?v=MTMEp1Z_PQE,Видео «TONI&GUY S.Petersburg. Лучший салон красоты в Санкт-Петербурге.» содержит явную привязку к городу.,False,лучшие салоны красоты Петербург | парикмахерские Питер shorts,2026-08-23T13:24:51.035270+00:00
05f47c6f32c090b414f9,TOURSTANYARU,youtube,https://www.youtube.com/@tourstanyaru,tourstanyaru,Санкт-Петербург,117,nano,manual_only,original_profile_opened,https://www.youtube.com/@tourstanyaru,https://www.youtube.com/results?search_query=FITNESSBAR+%D0%A1%D0%B0%D0%BD%D0%BA%D1%82-%D0%9F%D0%B5%D1%82%D0%B5%D1%80%D0%B1%D1%83%D1%80%D0%B3+%D0%BE%D0%B1%D0%B7%D0%BE%D1%80&hl=ru,https://www.youtube.com/watch?v=qcT1oN7n2i4,Видео «Термоленд в Санкт-Петербурге. Честный отзыв. Куда сходить в Питере» содержит явную привязку к городу.,True,FITNESSBAR Санкт-Петербург обзор,2026-08-23T13:24:16.314426+00:00
2c394246da3b60503abd,Travelholic TV,youtube,https://www.youtube.com/@TravelholicTV,TravelholicTV,Санкт-Петербург,33700,micro,manual_only,original_profile_opened,https://www.youtube.com/@TravelholicTV,https://www.youtube.com/results?search_query=%D0%BB%D1%83%D1%87%D1%88%D0%B8%D0%B5+%D0%B3%D0%BE%D1%80%D0%BE%D0%B4%D1%81%D0%BA%D0%B8%D0%B5+%D0%BF%D1%80%D0%BE%D0%B3%D1%83%D0%BB%D0%BA%D0%B8+%D0%9F%D0%B5%D1%82%D0%B5%D1%80%D0%B1%D1%83%D1%80%D0%B3&hl=ru,https://www.youtube.com/watch?v=xFPjaJvDIcI,Видео «Пешеходная экскурсия по Санкт-Петербургу (4K) 2026 🇷🇺» содержит явную привязку к городу.,False,лучшие городские прогулки Петербург,2026-08-23T13:25:02.716450+00:00
fd8d148cb17da5a35315,Trip Top,youtube,https://www.youtube.com/@TripTop27,TripTop27,Санкт-Петербург,1780,nano,manual_only,original_profile_opened,https://www.youtube.com/@TripTop27,https://www.youtube.com/results?search_query=%D0%A1%D0%B5%D1%81%D1%82%D1%80%D0%BE%D1%80%D0%B5%D1%86%D0%BA+%D0%BA%D0%B0%D1%84%D0%B5+%D0%BE%D0%B1%D0%B7%D0%BE%D1%80&hl=ru,https://www.youtube.com/watch?v=5Yhe536OJr8,Видео «Куда сходить в Питере? Стоит ли ехать в Сестрорецк?  ОБЗОР» содержит явную привязку к городу.,False,Сестрорецк кафе обзор | Сестрорецк куда сходить | Сестрорецк обзор мест | Сестрорецк семейный обзор,2026-08-23T13:24:41.868952+00:00
e343d41b946930bf57de,True Питер,youtube,https://www.youtube.com/@true_piter,true_piter,Санкт-Петербург,199,nano,manual_only,original_profile_opened,https://www.youtube.com/@true_piter,https://www.youtube.com/results?search_query=%D0%B4%D0%B5%D1%82%D1%81%D0%BA%D0%B8%D0%B5+%D1%86%D0%B5%D0%BD%D1%82%D1%80%D1%8B+%D0%A1%D0%9F%D0%B1+%D0%B1%D0%BB%D0%BE%D0%B3%D0%B5%D1%80&hl=ru,https://www.youtube.com/watch?v=-gG1qO0590U,Видео «Страшный квест в Петербурге» содержит явную привязку к городу.,False,детские центры СПб блогер,2026-08-23T13:24:54.228117+00:00
f6db5a8a11134ed5c156,TRUEMAN Barbershop,youtube,https://www.youtube.com/@truemanbarber,truemanbarber,Санкт-Петербург,164,nano,manual_only,original_profile_opened,https://www.youtube.com/@truemanbarber,https://www.youtube.com/results?search_query=%D0%B1%D0%B0%D1%80%D0%B1%D0%B5%D1%80%D1%88%D0%BE%D0%BF%D1%8B+%D0%A1%D0%B0%D0%BD%D0%BA%D1%82-%D0%9F%D0%B5%D1%82%D0%B5%D1%80%D0%B1%D1%83%D1%80%D0%B3+%D0%BE%D0%B1%D0%B7%D0%BE%D1%80&hl=ru,https://www.youtube.com/watch?v=46Ramy5Bf1A,Видео «TRUEMAN barbershop - Мужские парикмахерские в Санкт-Петербурге» содержит явную привязку к городу.,False,барбершопы Санкт-Петербург обзор,2026-08-23T13:24:51.205954+00:00
f1530056a2e0dfe433d9,Truffle piggi,youtube,https://www.youtube.com/@Truffle_piggi,Truffle_piggi,Санкт-Петербург,589,nano,manual_only,original_profile_opened,https://www.youtube.com/@Truffle_piggi,https://www.youtube.com/results?search_query=%D0%A3%D0%B4%D0%B5%D0%BB%D1%8C%D0%BD%D0%B0%D1%8F+%D0%A1%D0%B0%D0%BD%D0%BA%D1%82-%D0%9F%D0%B5%D1%82%D0%B5%D1%80%D0%B1%D1%83%D1%80%D0%B3+%D0%B1%D0%BB%D0%BE%D0%B3&hl=ru,https://www.youtube.com/watch?v=K24EgZS2D6U,"Видео «Уделка. Великая и Ужасная. Что можно найти, а также мои находки на блошином рынке. » содержит явную привязку к городу.",False,Удельная Санкт-Петербург блог | винтаж Питер shorts | винтаж СПб блогер | винтаж Санкт-Петербург обзор | лучшие винтаж Петербург,2026-08-23T13:24:49.580541+00:00
774e180cb39b8b5f66c8,Tsvetcova Alexandra,youtube,https://www.youtube.com/@TsvetcovaAlexandra,TsvetcovaAlexandra,Санкт-Петербург,23100,micro,manual_only,original_profile_opened,https://www.youtube.com/@TsvetcovaAlexandra,https://www.youtube.com/results?search_query=%D0%BE%D0%B1%D1%80%D0%B0%D0%B7%D0%BE%D0%B2%D0%B0%D0%BD%D0%B8%D0%B5+%D0%A1%D0%9F%D0%B1+%D0%B1%D0%BB%D0%BE%D0%B3%D0%B5%D1%80&hl=ru,https://www.youtube.com/watch?v=DOC3VhCMPXg,Видео «скажи непопулярное мнение и БЕГИ 🤫🤫 тг: @AlexandraTsvetcova #егэ #вуз #спбгу #вшэ #МГУ #students» содержит явную привязку к городу.,False,образование СПб блогер,2026-08-23T13:25:05.601825+00:00
56ea8e37bf34b310bc8b,TV Губерния,youtube,https://www.youtube.com/@tvgubernia,tvgubernia,Санкт-Петербург,17300,micro,manual_only,original_profile_opened,https://www.youtube.com/@tvgubernia,https://www.youtube.com/results?search_query=%D0%A2%D0%B5%D0%B0%D1%82%D1%80+%D0%9A%D0%BE%D1%82+%D0%92%D0%B8%D0%BB%D1%8C%D1%8F%D0%BC+%D0%A1%D0%B0%D0%BD%D0%BA%D1%82-%D0%9F%D0%B5%D1%82%D0%B5%D1%80%D0%B1%D1%83%D1%80%D0%B3+%D0%BE%D0%B1%D0%B7%D0%BE%D1%80&hl=ru,https://www.youtube.com/watch?v=yrtSQ-MfxB4,Видео «Театр «Кот Вильям» из Санкт-Петербурга привёз в Воронеж бэби-спектакль о смене времён года» содержит явную привязку к городу.,True,Театр Кот Вильям Санкт-Петербург обзор,2026-08-23T13:24:20.862643+00:00
6da9300787c8f5856fe5,TwoVeTravel,youtube,https://www.youtube.com/@twovetravel9125,twovetravel9125,Санкт-Петербург,50,nano,manual_only,original_profile_opened,https://www.youtube.com/@twovetravel9125,https://www.youtube.com/results?search_query=%D0%90%D0%B4%D0%BC%D0%B8%D1%80%D0%B0%D0%BB%D1%82%D0%B5%D0%B9%D1%81%D0%BA%D0%B8%D0%B9+%D1%80%D0%B0%D0%B9%D0%BE%D0%BD+%D0%A1%D0%B0%D0%BD%D0%BA%D1%82-%D0%9F%D0%B5%D1%82%D0%B5%D1%80%D0%B1%D1%83%D1%80%D0%B3+%D0%B1%D0%BB%D0%BE%D0%B3&hl=ru,https://www.youtube.com/watch?v=sifAujzIVWE,Видео «Топ 8 зданий Адмиралтейского района Санкт-Петербурга» содержит явную привязку к городу.,False,Адмиралтейский район Санкт-Петербург блог | Адмиралтейский район куда сходить | Адмиралтейский район обзор мест,2026-08-23T13:24:25.579172+00:00
cbc81d79a4acc3aaf037,TYAMICH,youtube,https://www.youtube.com/@tyamitch,tyamitch,Санкт-Петербург,65100,micro,manual_only,original_profile_opened,https://www.youtube.com/@tyamitch,https://www.youtube.com/results?search_query=%D0%A6%D0%B5%D0%BD%D1%82%D1%80%D0%B0%D0%BB%D1%8C%D0%BD%D1%8B%D0%B9+%D1%80%D0%B0%D0%B9%D0%BE%D0%BD+%D0%A1%D0%B0%D0%BD%D0%BA%D1%82-%D0%9F%D0%B5%D1%82%D0%B5%D1%80%D0%B1%D1%83%D1%80%D0%B3+%D0%B1%D0%BB%D0%BE%D0%B3&hl=ru,https://www.youtube.com/watch?v=EZq1a4B7Acw,Видео «Tyamich Travel Blog - Добро Пожаловать В Санкт-Петербург! #1» содержит явную привязку к городу.,False,Центральный район Санкт-Петербург блог,2026-08-23T13:24:38.045865+00:00
9be1a5345732d602b059,USA_federal,youtube,https://www.youtube.com/@USA_federal,USA_federal,Санкт-Петербург,90,nano,manual_only,original_profile_opened,https://www.youtube.com/@USA_federal,https://www.youtube.com/results?search_query=%D0%9F%D0%B5%D1%82%D0%B5%D1%80%D0%B1%D1%83%D1%80%D0%B3+%D0%B1%D0%BB%D0%BE%D0%B3%D0%B5%D1%80&hl=ru,https://www.youtube.com/watch?v=5C6lz0bvWhE,"Видео «АТАКА НА САНКТ  ПЕТЕРБУРГ КОЛПИНО БЕСПИЛОТНИКИ УСТРОИЛИ АД ГОРИТ СКЛАД, МАССОВЫЕ АТАКИ БПЛА» содержит явную привязку к городу.",False,Петербург блогер | Петергоф Санкт-Петербург блог | Петроградский район Санкт-Петербург блог | городские события Питер shorts | городские события СПб блогер | городские события Санкт-Петербург обзор | районные новости Питер shorts | районные новости СПб блогер | районные новости Санкт-Петербург обзор,2026-08-23T13:24:13.314703+00:00
564bba565a50f42d178d,uspehtv,youtube,https://www.youtube.com/@uspehtv,uspehtv,Санкт-Петербург,109000,mid,manual_only,original_profile_opened,https://www.youtube.com/@uspehtv,https://www.youtube.com/results?search_query=%D0%BC%D0%B0%D0%BB%D1%8B%D0%B9+%D0%B1%D0%B8%D0%B7%D0%BD%D0%B5%D1%81+%D0%A1%D0%9F%D0%B1+%D0%B1%D0%BB%D0%BE%D0%B3%D0%B5%D1%80&hl=ru,https://www.youtube.com/watch?v=vA3RxphtRYU,Видео «Центр кластерного развития Санкт-Петербурга | Малый бизнес большого города» содержит явную привязку к городу.,False,малый бизнес СПб блогер | малый бизнес Санкт-Петербург обзор,2026-08-23T13:25:07.325866+00:00
2131d031f84f705ce40f,UTKIR UZ,youtube,https://www.youtube.com/@utkiruz5788,utkiruz5788,Санкт-Петербург,3380,nano,manual_only,original_profile_opened,https://www.youtube.com/@utkiruz5788,https://www.youtube.com/results?search_query=%D0%9A%D0%B8%D1%80%D0%BE%D0%B2%D1%81%D0%BA%D0%B8%D0%B9+%D1%80%D0%B0%D0%B9%D0%BE%D0%BD+%D0%A1%D0%B0%D0%BD%D0%BA%D1%82-%D0%9F%D0%B5%D1%82%D0%B5%D1%80%D0%B1%D1%83%D1%80%D0%B3+%D0%B1%D0%BB%D0%BE%D0%B3&hl=ru,https://www.youtube.com/watch?v=-DlMDxwZlSw,Видео «санкт-петербург Кировский район» содержит явную привязку к городу.,False,Кировский район Санкт-Петербург блог,2026-08-23T13:24:31.863803+00:00
4177388b08f2380ca956,Valentina Volosova,youtube,https://www.youtube.com/@Valentinavolosova,Valentinavolosova,Санкт-Петербург,85,nano,manual_only,original_profile_opened,https://www.youtube.com/@Valentinavolosova,https://www.youtube.com/results?search_query=%D0%9B%D0%B0%D1%85%D1%82%D0%B0+%D0%BA%D1%83%D0%B4%D0%B0+%D1%81%D1%85%D0%BE%D0%B4%D0%B8%D1%82%D1%8C&hl=ru,https://www.youtube.com/watch?v=b0WLxOJTOkY,"Видео «Питер: новые места, где поесть, куда пойти на свидание, сколько стоит» содержит явную привязку к городу.",False,Лахта куда сходить,2026-08-23T13:24:47.958202+00:00
973646bc69bffff2b20f,Valeri life,youtube,https://www.youtube.com/@valerilife1,valerilife1,Санкт-Петербург,1780,nano,manual_only,original_profile_opened,https://www.youtube.com/@valerilife1,https://www.youtube.com/results?search_query=Happy+City+%D0%A1%D0%B0%D0%BD%D0%BA%D1%82-%D0%9F%D0%B5%D1%82%D0%B5%D1%80%D0%B1%D1%83%D1%80%D0%B3+%D0%BE%D0%B1%D0%B7%D0%BE%D1%80&hl=ru,https://www.youtube.com/watch?v=2V_LP6nay-M,Видео «Видовые рестораны в Санкт-Петербурге. F11 и HI SO Terrace - где отдыхают звезды? » содержит явную привязку к городу.,True,Happy City Санкт-Петербург обзор,2026-08-23T13:24:17.307482+00:00
bf30a0c581bf2bf6b184,Varya Poroshina,youtube,https://www.youtube.com/@varyaporoshina,varyaporoshina,Санкт-Петербург,130,nano,manual_only,original_profile_opened,https://www.youtube.com/@varyaporoshina,https://www.youtube.com/results?search_query=%D0%9F%D0%B5%D1%82%D0%B5%D1%80%D0%B3%D0%BE%D1%84+%D0%A1%D0%B0%D0%BD%D0%BA%D1%82-%D0%9F%D0%B5%D1%82%D0%B5%D1%80%D0%B1%D1%83%D1%80%D0%B3+%D0%B1%D0%BB%D0%BE%D0%B3&hl=ru,https://www.youtube.com/watch?v=toqu39q8--Y,"Видео «санкт-петербург влог | крондшат, петергоф | Varya Poroshina» содержит явную привязку к городу.",False,Петергоф Санкт-Петербург блог,2026-08-23T13:24:44.249565+00:00
bd75741575102fe74a77,velotravel,youtube,https://www.youtube.com/@velotravel1164,velotravel1164,Санкт-Петербург,125,nano,manual_only,original_profile_opened,https://www.youtube.com/@velotravel1164,https://www.youtube.com/results?search_query=%D0%9F%D0%B0%D1%80%D0%BD%D0%B0%D1%81+%D0%A1%D0%B0%D0%BD%D0%BA%D1%82-%D0%9F%D0%B5%D1%82%D0%B5%D1%80%D0%B1%D1%83%D1%80%D0%B3+%D0%B1%D0%BB%D0%BE%D0%B3&hl=ru,https://www.youtube.com/watch?v=_Zy-kZLFf-A,Видео «Санкт-Петербург - Парнас. Шуваловский парк - 25.05.2020» содержит явную привязку к городу.,False,Парнас Санкт-Петербург блог,2026-08-23T13:24:38.125547+00:00
fc8c6c15b9c201ffa79a,VERA ESAULOVA,youtube,https://www.youtube.com/@veraesaulova,veraesaulova,Санкт-Петербург,736,nano,manual_only,original_profile_opened,https://www.youtube.com/@veraesaulova,https://www.youtube.com/results?search_query=%D0%9A%D1%80%D0%B0%D1%81%D0%BD%D0%BE%D1%81%D0%B5%D0%BB%D1%8C%D1%81%D0%BA%D0%B8%D0%B9+%D1%80%D0%B0%D0%B9%D0%BE%D0%BD+%D0%BA%D0%B0%D1%84%D0%B5+%D0%BE%D0%B1%D0%B7%D0%BE%D1%80&hl=ru,https://www.youtube.com/watch?v=ELunCi2xbyA,Видео «ТОП кафе Питера с видом. Обзорная экскурсия с ценой и описанием.» содержит явную привязку к городу.,False,Красносельский район кафе обзор | лучшие кофейни Петербург,2026-08-23T13:24:33.409830+00:00
fb7593da6e6195fc4eb1,Vera Vedneva,youtube,https://www.youtube.com/@veravedneva2499,veravedneva2499,Санкт-Петербург,1130,nano,manual_only,original_profile_opened,https://www.youtube.com/@veravedneva2499,https://www.youtube.com/results?search_query=%D0%9C%D0%BE%D1%81%D0%BA%D0%BE%D0%B2%D1%81%D0%BA%D0%B8%D0%B9+%D1%80%D0%B0%D0%B9%D0%BE%D0%BD+%D0%A1%D0%B0%D0%BD%D0%BA%D1%82-%D0%9F%D0%B5%D1%82%D0%B5%D1%80%D0%B1%D1%83%D1%80%D0%B3+%D0%B1%D0%BB%D0%BE%D0%B3&hl=ru,https://www.youtube.com/watch?v=POQSzraQZhw,"Видео «СПБ, МОСКОВСКИЙ РАЙОН | ВЛОГ» содержит явную привязку к городу.",False,Московский район Санкт-Петербург блог | Петергоф кафе обзор | Сестрорецк кафе обзор,2026-08-23T13:24:34.915228+00:00
b5542a14e9c6e0c4403c,VEZDE_VOVA,youtube,https://www.youtube.com/@VEZDE_VOVA,VEZDE_VOVA,Санкт-Петербург,18,nano,manual_only,original_profile_opened,https://www.youtube.com/@VEZDE_VOVA,https://www.youtube.com/results?search_query=%D0%9A%D1%83%D0%BF%D1%87%D0%B8%D0%BD%D0%BE+%D0%BA%D1%83%D0%B4%D0%B0+%D1%81%D1%85%D0%BE%D0%B4%D0%B8%D1%82%D1%8C&hl=ru,https://www.youtube.com/watch?v=COUv6MzqfD4,Видео «КУПЧИНО это ЛУЧШИЙ РАЙОН Санкт-Петербурга и ВОТ ПОЧЕМУ» содержит явную привязку к городу.,False,Купчино куда сходить,2026-08-23T13:24:42.231069+00:00
4f67c489848e13bfaee6,Viacheslav “MAXIGRAND” V.,youtube,https://www.youtube.com/@viacheslavv.6339,viacheslavv.6339,Санкт-Петербург,6000,nano,manual_only,original_profile_opened,https://www.youtube.com/@viacheslavv.6339,https://www.youtube.com/results?search_query=Gulliver+%D0%A1%D0%B0%D0%BD%D0%BA%D1%82-%D0%9F%D0%B5%D1%82%D0%B5%D1%80%D0%B1%D1%83%D1%80%D0%B3+%D0%BE%D0%B1%D0%B7%D0%BE%D1%80&hl=ru,https://www.youtube.com/watch?v=rTydeqvWTE4,Видео «ТРК Гулливер.СПб.» содержит явную привязку к городу.,True,Gulliver Санкт-Петербург обзор | Stockholm жилой комплекс Санкт-Петербург обзор,2026-08-23T13:24:17.114572+00:00
5f3916c84b65f0d8d3c1,vibasse,youtube,https://www.youtube.com/@vibasse9643,vibasse9643,Санкт-Петербург,82,nano,manual_only,original_profile_opened,https://www.youtube.com/@vibasse9643,https://www.youtube.com/results?search_query=%D0%9F%D0%B5%D1%82%D1%80%D0%BE%D0%B4%D0%B2%D0%BE%D1%80%D1%86%D0%BE%D0%B2%D1%8B%D0%B9+%D1%80%D0%B0%D0%B9%D0%BE%D0%BD+%D0%A1%D0%B0%D0%BD%D0%BA%D1%82-%D0%9F%D0%B5%D1%82%D0%B5%D1%80%D0%B1%D1%83%D1%80%D0%B3+%D0%B1%D0%BB%D0%BE%D0%B3&hl=ru,https://www.youtube.com/watch?v=zm141XwzbiY,"Видео «VLOG: Санкт-Петербург // прогулки, кафе, отдых | teen’s vlog» содержит явную привязку к городу.",False,Петродворцовый район Санкт-Петербург блог,2026-08-23T13:24:35.918620+00:00
0879c99329eb70454c73,Victor Borisov (Digital Nomad),youtube,https://www.youtube.com/@vborisov1986,vborisov1986,Санкт-Петербург,575,nano,manual_only,original_profile_opened,https://www.youtube.com/@vborisov1986,https://www.youtube.com/results?search_query=%D0%A1%D0%B5%D1%81%D1%82%D1%80%D0%BE%D1%80%D0%B5%D1%86%D0%BA+%D0%BE%D0%B1%D0%B7%D0%BE%D1%80+%D0%BC%D0%B5%D1%81%D1%82&hl=ru,https://www.youtube.com/watch?v=Ll9ug3TbNCQ,Видео «Сестрорецк утром» содержит явную привязку к городу.,False,Сестрорецк обзор мест,2026-08-23T13:24:44.505881+00:00
7d5b33b2df7da69f9af1,Viki life,youtube,https://www.youtube.com/@vikitraplife,vikitraplife,Санкт-Петербург,151000,mid,manual_only,original_profile_opened,https://www.youtube.com/@vikitraplife,https://www.youtube.com/results?search_query=%D0%9F%D0%B8%D1%82%D0%B5%D1%80+%D0%BF%D0%B0%D0%BF%D0%B0+%D0%B1%D0%BB%D0%BE%D0%B3&hl=ru,https://www.youtube.com/watch?v=MuNCG-CDnCs,"Видео «Питер : лучшие отели и рестораны города . Лахта, Петровский остров .» содержит явную привязку к городу.",True,Курортный район Санкт-Петербург блог | Лахта Санкт-Петербург блог | Лахта кафе обзор | Лахта куда сходить | Лахта обзор мест | Лахта семейный обзор | Петербург блогер | Петербург городской блог | Петербург мама блог | Петербург рекомендации | Петроградка Санкт-Петербург блог | Петроградский район кафе обзор | Петродворцовый район Санкт-Петербург блог | Питер блогер | Питер локальный автор | Питер обзорщик | Питер папа блог | Питер фуд блог | СПб lifestyle vlog | СПб семейный блог | ТРК Атмосфера Санкт-Петербург обзор | городские прогулки СПб блогер | кафе СПб блогер | лучшие винтаж Петербург | лучшие кондитерские Петербург | лучшие кофейни Петербург | лучшие отели Петербург | лучшие рестораны Петербург | лучшие стритфуд Петербург | лучшие туризм Петербург | отели Питер shorts | отели СПб блогер | рестораны Санкт-Петербург обзор,2026-08-23T13:24:12.383334+00:00
48669761938dbcb3017a,viktusha talks,youtube,https://www.youtube.com/@viktussha,viktussha,Санкт-Петербург,162,nano,manual_only,original_profile_opened,https://www.youtube.com/@viktussha,https://www.youtube.com/results?search_query=%D0%A1%D0%B5%D1%81%D1%82%D1%80%D0%BE%D1%80%D0%B5%D1%86%D0%BA+%D0%A1%D0%B0%D0%BD%D0%BA%D1%82-%D0%9F%D0%B5%D1%82%D0%B5%D1%80%D0%B1%D1%83%D1%80%D0%B3+%D0%B1%D0%BB%D0%BE%D0%B3&hl=ru,https://www.youtube.com/watch?v=CTS11ZXrLm8,Видео «(SHIRLEY TIME) 🐇 ep.4: неделя в санкт-петербурге / #18 / празднование дня рождения /#travelvlog» содержит явную привязку к городу.,False,Сестрорецк Санкт-Петербург блог,2026-08-23T13:24:42.634570+00:00
1f28aef0b77f39533c5f,vintage.personage,youtube,https://www.youtube.com/@vintagepersonage,vintagepersonage,Санкт-Петербург,3750,nano,manual_only,original_profile_opened,https://www.youtube.com/@vintagepersonage,https://www.youtube.com/results?search_query=%D0%BC%D1%83%D0%B7%D0%B5%D0%B8+%D0%A1%D0%9F%D0%B1+%D0%B1%D0%BB%D0%BE%D0%B3%D0%B5%D1%80&hl=ru,https://www.youtube.com/watch?v=7e3KpViogzU,Видео «Роскошь Музея Фаберже в Санкт-Петербурге!» содержит явную привязку к городу.,False,музеи СПб блогер,2026-08-23T13:24:55.341700+00:00
dd9d7b0d57bfcfbeac0e,Violetta Wennman,youtube,https://www.youtube.com/@ViolettaWennman,ViolettaWennman,Санкт-Петербург,2570,nano,manual_only,original_profile_opened,https://www.youtube.com/@ViolettaWennman,https://www.youtube.com/results?search_query=%D0%9F%D0%B0%D1%80%D0%BD%D0%B0%D1%81+%D0%A1%D0%B0%D0%BD%D0%BA%D1%82-%D0%9F%D0%B5%D1%82%D0%B5%D1%80%D0%B1%D1%83%D1%80%D0%B3+%D0%B1%D0%BB%D0%BE%D0%B3&hl=ru,https://www.youtube.com/watch?v=TP4zn-bkOIQ,Видео «Полет над Парнас Сити (Санкт-Петербург)» содержит явную привязку к городу.,False,Парнас Санкт-Петербург блог,2026-08-23T13:24:38.101610+00:00
d574398345fb78f6d994,Vladimir Moskalenko,youtube,https://www.youtube.com/@VladimirMoskalenkoMedia,VladimirMoskalenkoMedia,Санкт-Петербург,104000,mid,manual_only,original_profile_opened,https://www.youtube.com/@VladimirMoskalenkoMedia,https://www.youtube.com/results?search_query=%D0%B4%D0%B8%D0%B7%D0%B0%D0%B9%D0%BD+%D0%B8%D0%BD%D1%82%D0%B5%D1%80%D1%8C%D0%B5%D1%80%D0%B0+%D0%A1%D0%B0%D0%BD%D0%BA%D1%82-%D0%9F%D0%B5%D1%82%D0%B5%D1%80%D0%B1%D1%83%D1%80%D0%B3+%D0%BE%D0%B1%D0%B7%D0%BE%D1%80&hl=ru,https://www.youtube.com/watch?v=mUOKnnIVRiQ,Видео «Обзор интерьера квартиры 137 кв.м в центре Санкт-Петербурга. Рум тур с дизайнером интерьера» содержит явную привязку к городу.,False,дизайн интерьера Санкт-Петербург обзор,2026-08-23T13:25:03.134164+00:00
a6eb10ad29abb34c2c3b,VVV,youtube,https://www.youtube.com/@vvv6504,vvv6504,Санкт-Петербург,21,nano,manual_only,original_profile_opened,https://www.youtube.com/@vvv6504,https://www.youtube.com/results?search_query=%D0%9D%D0%BE%D0%B2%D0%B0%D1%8F+%D0%93%D0%BE%D0%BB%D0%BB%D0%B0%D0%BD%D0%B4%D0%B8%D1%8F+%D1%81%D0%B5%D0%BC%D0%B5%D0%B9%D0%BD%D1%8B%D0%B9+%D0%BE%D0%B1%D0%B7%D0%BE%D1%80&hl=ru,https://www.youtube.com/watch?v=P2XFIM4AO8M,"Видео «ОБЗОР НОВАЯ ГОЛЛАНДИЯ | КАТОК, ФАКТЫ» содержит явную привязку к городу.",False,Новая Голландия семейный обзор,2026-08-23T13:24:46.742180+00:00
d68d3ad1e67c110ccf81,Wikitube Ru,youtube,https://www.youtube.com/@wikituberu7843,wikituberu7843,Санкт-Петербург,24800,micro,manual_only,original_profile_opened,https://www.youtube.com/@wikituberu7843,https://www.youtube.com/results?search_query=%D0%9A%D0%B8%D1%80%D0%BE%D0%B2%D1%81%D0%BA%D0%B8%D0%B9+%D1%80%D0%B0%D0%B9%D0%BE%D0%BD+%D0%A1%D0%B0%D0%BD%D0%BA%D1%82-%D0%9F%D0%B5%D1%82%D0%B5%D1%80%D0%B1%D1%83%D1%80%D0%B3+%D0%B1%D0%BB%D0%BE%D0%B3&hl=ru,https://www.youtube.com/watch?v=20gyVy_JGIo,Видео «Кировский район (Санкт-Петербург)» содержит явную привязку к городу.,False,Кировский район Санкт-Петербург блог,2026-08-23T13:24:31.861755+00:00
68e43b46763861b8e4e0,Wilson Seven,youtube,https://www.youtube.com/@wilson_seven_,wilson_seven_,Санкт-Петербург,2140,nano,manual_only,original_profile_opened,https://www.youtube.com/@wilson_seven_,https://www.youtube.com/results?search_query=%D0%A1%D0%9F%D0%B1+lifestyle+vlog&hl=ru,https://www.youtube.com/watch?v=TbwsF98Q98Y,Видео «VLOG Ночь в ИТМО? Неделя из жизни студента первого неклассического университета СПб» содержит явную привязку к городу.,False,СПб lifestyle vlog,2026-08-23T13:24:15.236164+00:00
49a9291402dee1a2eaa5,Y N,youtube,https://www.youtube.com/@88fluid,88fluid,Санкт-Петербург,7470,nano,manual_only,original_profile_opened,https://www.youtube.com/@88fluid,https://www.youtube.com/results?search_query=%D0%BA%D0%B0%D1%84%D0%B5+%D0%A1%D0%9F%D0%B1+%D0%B1%D0%BB%D0%BE%D0%B3%D0%B5%D1%80&hl=ru,https://www.youtube.com/watch?v=hKZXiZPG6z4,Видео «Пришел на свидание с консуматоршей в скам-кафе в Санкт-Петербурге» содержит явную привязку к городу.,False,кафе СПб блогер | локальные бренды Питер shorts,2026-08-23T13:24:48.707581+00:00
ed0551e57c0f6694a56a,yuri,youtube,https://www.youtube.com/@chngyuri,chngyuri,Санкт-Петербург,286,nano,manual_only,original_profile_opened,https://www.youtube.com/@chngyuri,https://www.youtube.com/results?search_query=%D0%9F%D1%83%D1%88%D0%BA%D0%B8%D0%BD%D1%81%D0%BA%D0%B8%D0%B9+%D1%80%D0%B0%D0%B9%D0%BE%D0%BD+%D0%A1%D0%B0%D0%BD%D0%BA%D1%82-%D0%9F%D0%B5%D1%82%D0%B5%D1%80%D0%B1%D1%83%D1%80%D0%B3+%D0%B1%D0%BB%D0%BE%D0%B3&hl=ru,https://www.youtube.com/watch?v=7OCCkIr5LmE,Видео «неделя в питере: пушкинский проект || osen' part.2 #vlog #spb #saintpetersburg» содержит явную привязку к городу.,False,Пушкинский район Санкт-Петербург блог,2026-08-23T13:24:37.154433+00:00
0a7a187679b956fa7efc,ZAMZAG Места Петербурга Питера и Москвы,youtube,https://www.youtube.com/@zamzag,zamzag,Санкт-Петербург,4020,nano,manual_only,original_profile_opened,https://www.youtube.com/@zamzag,https://www.youtube.com/results?search_query=%D0%B4%D0%B5%D1%82%D1%81%D0%BA%D0%B8%D0%B5+%D1%86%D0%B5%D0%BD%D1%82%D1%80%D1%8B+%D0%9F%D0%B8%D1%82%D0%B5%D1%80+shorts&hl=ru,https://www.youtube.com/watch?v=uTnu5zSZH20,"Видео «10 мест, куда сходить с детьми в Питере» содержит явную привязку к городу.",False,детские кружки Санкт-Петербург обзор | детские праздники Питер shorts | детские праздники Санкт-Петербург обзор | детские центры Питер shorts | детские центры СПб блогер | детские центры Санкт-Петербург обзор | лучшие детские кружки Петербург | лучшие детские центры Петербург,2026-08-23T13:24:52.997433+00:00
4082e0102c5fe738b7e8,Zaostream,youtube,https://www.youtube.com/@Zaostream,Zaostream,Санкт-Петербург,16200,micro,manual_only,original_profile_opened,https://www.youtube.com/@Zaostream,https://www.youtube.com/results?search_query=%D0%BE%D0%B1%D1%80%D0%B0%D0%B7%D0%BE%D0%B2%D0%B0%D0%BD%D0%B8%D0%B5+%D0%A1%D0%9F%D0%B1+%D0%B1%D0%BB%D0%BE%D0%B3%D0%B5%D1%80&hl=ru,https://www.youtube.com/watch?v=2ZMZXyWB1dw,Видео «Вузы с низкими проходными баллами в СПб. ГУАП #помощьстудентам  -10% по промокоду: botan» содержит явную привязку к городу.,False,образование СПб блогер,2026-08-23T13:25:06.273102+00:00
ed7b448c36f407f013e2,Zhora XXL,youtube,https://www.youtube.com/@ZhoraXXL,ZhoraXXL,Санкт-Петербург,2580,nano,manual_only,original_profile_opened,https://www.youtube.com/@ZhoraXXL,https://www.youtube.com/results?search_query=HIT+FITNESS+%D0%A1%D0%B0%D0%BD%D0%BA%D1%82-%D0%9F%D0%B5%D1%82%D0%B5%D1%80%D0%B1%D1%83%D1%80%D0%B3+%D0%BE%D0%B1%D0%B7%D0%BE%D1%80&hl=ru,https://www.youtube.com/watch?v=vd0h__npf68,"Видео «Hit Fitness, Питерленд, Санкт-Петербург. Тренировка с Мишей.» содержит явную привязку к городу.",True,HIT FITNESS Санкт-Петербург обзор,2026-08-23T13:24:16.226472+00:00
88e60342be3d90fe28dc,ZLATELY UTLOVA,youtube,https://www.youtube.com/@zlatelutlova000,zlatelutlova000,Санкт-Петербург,2970,nano,manual_only,original_profile_opened,https://www.youtube.com/@zlatelutlova000,https://www.youtube.com/results?search_query=%D0%9F%D0%B5%D1%82%D1%80%D0%BE%D0%B4%D0%B2%D0%BE%D1%80%D1%86%D0%BE%D0%B2%D1%8B%D0%B9+%D1%80%D0%B0%D0%B9%D0%BE%D0%BD+%D0%A1%D0%B0%D0%BD%D0%BA%D1%82-%D0%9F%D0%B5%D1%82%D0%B5%D1%80%D0%B1%D1%83%D1%80%D0%B3+%D0%B1%D0%BB%D0%BE%D0%B3&hl=ru,https://www.youtube.com/watch?v=b2DAEcTBCxM,Видео «Влог45💫 ВЫ БУДЕТЕ В ШОКЕ🤭🤤 Удивительные места Санкт-Петербурга😍Их точно нужно посетить✈️» содержит явную привязку к городу.,False,Петродворцовый район Санкт-Петербург блог | Центральный район Санкт-Петербург блог,2026-08-23T13:24:35.511925+00:00
45d210562568b5c86595,zooclinicaru,youtube,https://www.youtube.com/@zooclinicaru,zooclinicaru,Санкт-Петербург,141,nano,manual_only,original_profile_opened,https://www.youtube.com/@zooclinicaru,https://www.youtube.com/results?search_query=%D0%BB%D1%83%D1%87%D1%88%D0%B8%D0%B5+%D0%B4%D0%BE%D0%BC%D0%B0%D1%88%D0%BD%D0%B8%D0%B5+%D0%B6%D0%B8%D0%B2%D0%BE%D1%82%D0%BD%D1%8B%D0%B5+%D0%9F%D0%B5%D1%82%D0%B5%D1%80%D0%B1%D1%83%D1%80%D0%B3&hl=ru,https://www.youtube.com/watch?v=SLPPnXdGhVI,Видео «ЗОО Академия: Домашние крысы» содержит явную привязку к городу.,False,лучшие домашние животные Петербург,2026-08-23T13:25:04.452989+00:00
06439a11a767b091ba5c,Zvezdochet,youtube,https://www.youtube.com/@Zvezdochet,Zvezdochet,Санкт-Петербург,2830,nano,manual_only,original_profile_opened,https://www.youtube.com/@Zvezdochet,https://www.youtube.com/results?search_query=%D0%BB%D1%83%D1%87%D1%88%D0%B8%D0%B5+%D0%BA%D0%BE%D0%BD%D1%86%D0%B5%D1%80%D1%82%D1%8B+%D0%9F%D0%B5%D1%82%D0%B5%D1%80%D0%B1%D1%83%D1%80%D0%B3&hl=ru,https://www.youtube.com/watch?v=V8L-ikjPtQs,Видео «Группа «Воровайки». Концерт в Санкт-Петербурге» содержит явную привязку к городу.,False,лучшие концерты Петербург,2026-08-23T13:25:00.600666+00:00
85846aa2b22cb022b6c8,«IDСтом» Стоматология,youtube,https://www.youtube.com/@idctom_dental_clinic,idctom_dental_clinic,Санкт-Петербург,516,nano,manual_only,original_profile_opened,https://www.youtube.com/@idctom_dental_clinic,https://www.youtube.com/results?search_query=%D0%BB%D1%83%D1%87%D1%88%D0%B8%D0%B5+%D1%81%D1%82%D0%BE%D0%BC%D0%B0%D1%82%D0%BE%D0%BB%D0%BE%D0%B3%D0%B8%D0%B8+%D0%9F%D0%B5%D1%82%D0%B5%D1%80%D0%B1%D1%83%D1%80%D0%B3&hl=ru,https://www.youtube.com/watch?v=p2OGMsUIpoo,"Видео «Клиника инновационной стоматологии DANA в Санкт-Петербурге (СПб), Красногвардейский район» содержит явную привязку к городу.",False,лучшие стоматологии Петербург,2026-08-23T13:24:53.677232+00:00
c3b4fb7eee9f88c74c69,«ЛЮБЛЮ ПЕРЕМЕНЫ»,youtube,https://www.youtube.com/@olgamironova_,olgamironova_,Санкт-Петербург,943,nano,manual_only,original_profile_opened,https://www.youtube.com/@olgamironova_,https://www.youtube.com/results?search_query=%D0%9F%D0%B0%D1%80%D0%BD%D0%B0%D1%81+%D0%A1%D0%B0%D0%BD%D0%BA%D1%82-%D0%9F%D0%B5%D1%82%D0%B5%D1%80%D0%B1%D1%83%D1%80%D0%B3+%D0%B1%D0%BB%D0%BE%D0%B3&hl=ru,https://www.youtube.com/watch?v=hOOFD-5l8MI,Видео «САНКТ-ПЕТЕРБУРГ. Район ПАРГОЛОВО. Метро ПАРНАС. Комфортно ли там жить?» содержит явную привязку к городу.,False,Парнас Санкт-Петербург блог | Парнас кафе обзор | Парнас куда сходить | Парнас обзор мест,2026-08-23T13:24:38.066010+00:00
328b392dc674980b0f17,«Утро в Петербурге».   Телеканал «Санкт-Петербург»,youtube,https://www.youtube.com/@utrospbtv,utrospbtv,Санкт-Петербург,16100,micro,manual_only,original_profile_opened,https://www.youtube.com/@utrospbtv,https://www.youtube.com/results?search_query=%D0%A7%D0%B5%D1%80%D0%BD%D0%B0%D1%8F+%D1%80%D0%B5%D1%87%D0%BA%D0%B0+%D0%A1%D0%B0%D0%BD%D0%BA%D1%82-%D0%9F%D0%B5%D1%82%D0%B5%D1%80%D0%B1%D1%83%D1%80%D0%B3+%D0%B1%D0%BB%D0%BE%D0%B3&hl=ru,https://www.youtube.com/watch?v=VopnxK0K9JY,Видео «Малоэтажная Чёрная речка. Один из самых уютных и тихих уголков Петербурга» содержит явную привязку к городу.,False,Черная речка Санкт-Петербург блог | Черная речка куда сходить | йога Санкт-Петербург обзор | лучшие йога Петербург | театры Санкт-Петербург обзор,2026-08-23T13:24:49.368692+00:00
ce962f2a20dc037905d8,Август Суссь,youtube,https://www.youtube.com/@by_avgust_suss,by_avgust_suss,Санкт-Петербург,55800,micro,manual_only,original_profile_opened,https://www.youtube.com/@by_avgust_suss,https://www.youtube.com/results?search_query=%D0%9B%D0%B0%D1%85%D1%82%D0%B0+%D0%BE%D0%B1%D0%B7%D0%BE%D1%80+%D0%BC%D0%B5%D1%81%D1%82&hl=ru,https://www.youtube.com/watch?v=utFhNlrTfmw,Видео «Лахта центр 3 / Новый архитектурный ансамбль в Питере» содержит явную привязку к городу.,False,Лахта обзор мест,2026-08-23T13:24:47.909069+00:00
68ff390d5310f41806f4,Агентство Путешествий,youtube,https://www.youtube.com/@%D0%90%D0%B3%D0%B5%D0%BD%D1%82%D1%81%D1%82%D0%B2%D0%BE_%D0%9F%D1%83%D1%82%D0%B5%D1%88%D0%B5%D1%81%D1%82%D0%B2%D0%B8%D0%B9,%D0%90%D0%B3%D0%B5%D0%BD%D1%82%D1%81%D1%82%D0%B2%D0%BE_%D0%9F%D1%83%D1%82%D0%B5%D1%88%D0%B5%D1%81%D1%82%D0%B2%D0%B8%D0%B9,Санкт-Петербург,146,nano,manual_only,original_profile_opened,https://www.youtube.com/@%D0%90%D0%B3%D0%B5%D0%BD%D1%82%D1%81%D1%82%D0%B2%D0%BE_%D0%9F%D1%83%D1%82%D0%B5%D1%88%D0%B5%D1%81%D1%82%D0%B2%D0%B8%D0%B9,https://www.youtube.com/results?search_query=%D0%BE%D1%82%D0%B5%D0%BB%D0%B8+%D0%A1%D0%B0%D0%BD%D0%BA%D1%82-%D0%9F%D0%B5%D1%82%D0%B5%D1%80%D0%B1%D1%83%D1%80%D0%B3+%D0%BE%D0%B1%D0%B7%D0%BE%D1%80&hl=ru,https://www.youtube.com/watch?v=lSFXY2ABiFs,"Видео «✔️Азимут Сити Отель Санкт-Петербург 4*| Плюсы и минусы, которые надо знать» содержит явную привязку к городу.",False,отели Санкт-Петербург обзор,2026-08-23T13:25:03.577826+00:00
e7e3205c79533f3074a6,Администратор сайта,youtube,https://www.youtube.com/@%D0%90%D0%B4%D0%BC%D0%B8%D0%BD%D0%B8%D1%81%D1%82%D1%80%D0%B0%D1%82%D0%BE%D1%80%D1%81%D0%B0%D0%B9%D1%82%D0%B0-%D1%845%D1%82,%D0%90%D0%B4%D0%BC%D0%B8%D0%BD%D0%B8%D1%81%D1%82%D1%80%D0%B0%D1%82%D0%BE%D1%80%D1%81%D0%B0%D0%B9%D1%82%D0%B0-%D1%845%D1%82,Санкт-Петербург,6,nano,manual_only,original_profile_opened,https://www.youtube.com/@%D0%90%D0%B4%D0%BC%D0%B8%D0%BD%D0%B8%D1%81%D1%82%D1%80%D0%B0%D1%82%D0%BE%D1%80%D1%81%D0%B0%D0%B9%D1%82%D0%B0-%D1%845%D1%82,https://www.youtube.com/results?search_query=%D0%9A%D1%80%D0%B0%D1%81%D0%BD%D0%BE%D1%81%D0%B5%D0%BB%D1%8C%D1%81%D0%BA%D0%B8%D0%B9+%D1%80%D0%B0%D0%B9%D0%BE%D0%BD+%D1%81%D0%B5%D0%BC%D0%B5%D0%B9%D0%BD%D1%8B%D0%B9+%D0%BE%D0%B1%D0%B7%D0%BE%D1%80&hl=ru,https://www.youtube.com/watch?v=cj3ITh_0140,Видео «Отчетный фильм администрации Красносельского района Санкт Петербурга за 2020 год» содержит явную привязку к городу.,False,Красносельский район семейный обзор,2026-08-23T13:24:33.813109+00:00
233618806dbe986b4896,Администрация Адмиралтейского района,youtube,https://www.youtube.com/@%D0%90%D0%B4%D0%BC%D0%B8%D0%BD%D0%B8%D1%81%D1%82%D1%80%D0%B0%D1%86%D0%B8%D1%8F%D0%90%D0%B4%D0%BC%D0%B8%D1%80%D0%B0%D0%BB%D1%82%D0%B5%D0%B9%D1%81%D0%BA%D0%BE%D0%B3%D0%BE%D1%80%D0%B0,%D0%90%D0%B4%D0%BC%D0%B8%D0%BD%D0%B8%D1%81%D1%82%D1%80%D0%B0%D1%86%D0%B8%D1%8F%D0%90%D0%B4%D0%BC%D0%B8%D1%80%D0%B0%D0%BB%D1%82%D0%B5%D0%B9%D1%81%D0%BA%D0%BE%D0%B3%D0%BE%D1%80%D0%B0,Санкт-Петербург,51,nano,manual_only,original_profile_opened,https://www.youtube.com/@%D0%90%D0%B4%D0%BC%D0%B8%D0%BD%D0%B8%D1%81%D1%82%D1%80%D0%B0%D1%86%D0%B8%D1%8F%D0%90%D0%B4%D0%BC%D0%B8%D1%80%D0%B0%D0%BB%D1%82%D0%B5%D0%B9%D1%81%D0%BA%D0%BE%D0%B3%D0%BE%D1%80%D0%B0,https://www.youtube.com/results?search_query=%D0%90%D0%B4%D0%BC%D0%B8%D1%80%D0%B0%D0%BB%D1%82%D0%B5%D0%B9%D1%81%D0%BA%D0%B8%D0%B9+%D1%80%D0%B0%D0%B9%D0%BE%D0%BD+%D1%81%D0%B5%D0%BC%D0%B5%D0%B9%D0%BD%D1%8B%D0%B9+%D0%BE%D0%B1%D0%B7%D0%BE%D1%80&hl=ru,https://www.youtube.com/watch?v=DZeufeV3WXw,Видео «Отчёт администрации Адмиралтейского района за 2021 год и задачах в 2022 году» содержит явную привязку к городу.,False,Адмиралтейский район семейный обзор,2026-08-23T13:24:25.503575+00:00
b071d228199bec37effd,АирисКом,youtube,https://www.youtube.com/@airiscom,airiscom,Санкт-Петербург,41400,micro,manual_only,original_profile_opened,https://www.youtube.com/@airiscom,https://www.youtube.com/results?search_query=%D0%BB%D1%83%D1%87%D1%88%D0%B8%D0%B5+%D0%BA%D0%BE%D1%81%D0%BC%D0%B5%D1%82%D0%BE%D0%BB%D0%BE%D0%B3%D0%B8%D1%8F+%D0%9F%D0%B5%D1%82%D0%B5%D1%80%D0%B1%D1%83%D1%80%D0%B3&hl=ru,https://www.youtube.com/watch?v=DL7gEpnKwXc,Видео «Обучение косметологов в Санкт-Петербурге. Лучшие курсы.» содержит явную привязку к городу.,False,лучшие косметология Петербург,2026-08-23T13:24:51.225722+00:00
cded3881e0f031e0c887,Айлара,youtube,https://www.youtube.com/@Theahasan_inst,Theahasan_inst,Санкт-Петербург,11,nano,manual_only,original_profile_opened,https://www.youtube.com/@Theahasan_inst,https://www.youtube.com/results?search_query=%D0%9B%D0%B0%D1%85%D1%82%D0%B0+%D1%81%D0%B5%D0%BC%D0%B5%D0%B9%D0%BD%D1%8B%D0%B9+%D0%BE%D0%B1%D0%B7%D0%BE%D1%80&hl=ru,https://www.youtube.com/watch?v=dDluDL_MOzo,Видео «Green Flow Lakhta Park - ОБЗОР/новый спа комплекс в Питере » содержит явную привязку к городу.,False,Лахта семейный обзор,2026-08-23T13:24:47.865914+00:00
24b0176ae3cfcf6c8ba4,Академия легкой атлетики Санкт-Петербурга,youtube,https://www.youtube.com/@%D0%90%D0%BA%D0%B0%D0%B4%D0%B5%D0%BC%D0%B8%D1%8F%D0%BB%D0%B5%D0%B3%D0%BA%D0%BE%D0%B9%D0%B0%D1%82%D0%BB%D0%B5%D1%82%D0%B8%D0%BA%D0%B8%D0%A1%D0%B0%D0%BD%D0%BA%D1%82-%D0%9F%D0%B5,%D0%90%D0%BA%D0%B0%D0%B4%D0%B5%D0%BC%D0%B8%D1%8F%D0%BB%D0%B5%D0%B3%D0%BA%D0%BE%D0%B9%D0%B0%D1%82%D0%BB%D0%B5%D1%82%D0%B8%D0%BA%D0%B8%D0%A1%D0%B0%D0%BD%D0%BA%D1%82-%D0%9F%D0%B5,Санкт-Петербург,1120,nano,manual_only,original_profile_opened,https://www.youtube.com/@%D0%90%D0%BA%D0%B0%D0%B4%D0%B5%D0%BC%D0%B8%D1%8F%D0%BB%D0%B5%D0%B3%D0%BA%D0%BE%D0%B9%D0%B0%D1%82%D0%BB%D0%B5%D1%82%D0%B8%D0%BA%D0%B8%D0%A1%D0%B0%D0%BD%D0%BA%D1%82-%D0%9F%D0%B5,https://www.youtube.com/results?search_query=%D0%BB%D1%83%D1%87%D1%88%D0%B8%D0%B5+%D0%B1%D0%B5%D0%B3+%D0%9F%D0%B5%D1%82%D0%B5%D1%80%D0%B1%D1%83%D1%80%D0%B3&hl=ru,https://www.youtube.com/watch?v=6SvyqLrfYko,"Видео «Бег на 60 м, финал - юноши младшего возраста (6.06.2022).» содержит явную привязку к городу.",False,лучшие бег Петербург,2026-08-23T13:25:04.818280+00:00
4caf7335a4103aae9d6c,Александр Иванович,youtube,https://www.youtube.com/@Rocker-b9y,Rocker-b9y,Санкт-Петербург,1330,nano,manual_only,original_profile_opened,https://www.youtube.com/@Rocker-b9y,https://www.youtube.com/results?search_query=%D0%A0%D1%8B%D0%B1%D0%B0%D1%86%D0%BA%D0%BE%D0%B5+%D0%A1%D0%B0%D0%BD%D0%BA%D1%82-%D0%9F%D0%B5%D1%82%D0%B5%D1%80%D0%B1%D1%83%D1%80%D0%B3+%D0%B1%D0%BB%D0%BE%D0%B3&hl=ru,https://www.youtube.com/watch?v=NTEUimjZCAc,Видео «СПб  Рыбацкое Панорама» содержит явную привязку к городу.,False,Рыбацкое Санкт-Петербург блог,2026-08-23T13:24:42.881944+00:00
cc0f626913c36db6acbf,Александр Каркавин,youtube,https://www.youtube.com/@nedvigimoct,nedvigimoct,Санкт-Петербург,1920,nano,manual_only,original_profile_opened,https://www.youtube.com/@nedvigimoct,https://www.youtube.com/results?search_query=%D0%A2%D0%9A+%D0%9F%D1%80%D0%BE%D0%BC%D0%B5%D0%BD%D0%B0%D0%B4+%D0%A1%D0%B0%D0%BD%D0%BA%D1%82-%D0%9F%D0%B5%D1%82%D0%B5%D1%80%D0%B1%D1%83%D1%80%D0%B3+%D0%BE%D0%B1%D0%B7%D0%BE%D1%80&hl=ru,https://www.youtube.com/watch?v=Bi3pzF_BYuc,Видео «Санкт Петербург.   ОБЗОР.  5 -и квартир от 11 млн.  915 тыс.  руб.  метро Приморская» содержит явную привязку к городу.,True,Проспект Просвещения обзор мест | ТК Променад Санкт-Петербург обзор,2026-08-23T13:24:19.878495+00:00
e4d9801e477dc930706b,Александр Макушин. Прогулки по городам,youtube,https://www.youtube.com/@ixeonice,ixeonice,Санкт-Петербург,332,nano,manual_only,original_profile_opened,https://www.youtube.com/@ixeonice,https://www.youtube.com/results?search_query=%D0%BB%D1%83%D1%87%D1%88%D0%B8%D0%B5+%D0%B3%D0%BE%D1%80%D0%BE%D0%B4%D1%81%D0%BA%D0%B8%D0%B5+%D0%BF%D1%80%D0%BE%D0%B3%D1%83%D0%BB%D0%BA%D0%B8+%D0%9F%D0%B5%D1%82%D0%B5%D1%80%D0%B1%D1%83%D1%80%D0%B3&hl=ru,https://www.youtube.com/watch?v=-1UQsTBSh50,Видео «Прогулка по Санкт-Петербургу без слов. 4K ASMR» содержит явную привязку к городу.,False,лучшие городские прогулки Петербург,2026-08-23T13:25:02.528205+00:00
ae9cd924317ea490a8e1,Александр Петров,youtube,https://www.youtube.com/@Nigntman,Nigntman,Санкт-Петербург,9,nano,manual_only,original_profile_opened,https://www.youtube.com/@Nigntman,https://www.youtube.com/results?search_query=%D0%A4%D1%80%D1%83%D0%BD%D0%B7%D0%B5%D0%BD%D1%81%D0%BA%D0%B8%D0%B9+%D1%80%D0%B0%D0%B9%D0%BE%D0%BD+%D0%A1%D0%B0%D0%BD%D0%BA%D1%82-%D0%9F%D0%B5%D1%82%D0%B5%D1%80%D0%B1%D1%83%D1%80%D0%B3+%D0%B1%D0%BB%D0%BE%D0%B3&hl=ru,https://www.youtube.com/watch?v=TZsx4nCsmHw,Видео «Крутые блогеры» содержит явную привязку к городу.,False,Фрунзенский район Санкт-Петербург блог,2026-08-23T13:24:36.799718+00:00
af812b422cbc48333e4f,Александр Соколов,youtube,https://www.youtube.com/@%D0%90%D0%BB%D0%B5%D0%BA%D1%81%D0%B0%D0%BD%D0%B4%D1%80%D0%A1%D0%BE%D0%BA%D0%BE%D0%BB%D0%BE%D0%B2-%D0%B21%D1%80,%D0%90%D0%BB%D0%B5%D0%BA%D1%81%D0%B0%D0%BD%D0%B4%D1%80%D0%A1%D0%BE%D0%BA%D0%BE%D0%BB%D0%BE%D0%B2-%D0%B21%D1%80,Санкт-Петербург,45,nano,manual_only,original_profile_opened,https://www.youtube.com/@%D0%90%D0%BB%D0%B5%D0%BA%D1%81%D0%B0%D0%BD%D0%B4%D1%80%D0%A1%D0%BE%D0%BA%D0%BE%D0%BB%D0%BE%D0%B2-%D0%B21%D1%80,https://www.youtube.com/results?search_query=%D0%9A%D1%83%D0%BF%D1%87%D0%B8%D0%BD%D0%BE+%D0%BA%D0%B0%D1%84%D0%B5+%D0%BE%D0%B1%D0%B7%D0%BE%D1%80&hl=ru,https://www.youtube.com/watch?v=Ylq9uzc_JSw,"Видео «Санкт-Петербург, Купчино» содержит явную привязку к городу.",False,Купчино кафе обзор,2026-08-23T13:24:41.417826+00:00
06457e4e9ad6fb8d4e27,Александр Трофимов | Недвижимость,youtube,https://www.youtube.com/@astrofimov,astrofimov,Санкт-Петербург,91,nano,manual_only,original_profile_opened,https://www.youtube.com/@astrofimov,https://www.youtube.com/results?search_query=%D0%9F%D0%B5%D1%82%D1%80%D0%BE%D0%B4%D0%B2%D0%BE%D1%80%D1%86%D0%BE%D0%B2%D1%8B%D0%B9+%D1%80%D0%B0%D0%B9%D0%BE%D0%BD+%D1%81%D0%B5%D0%BC%D0%B5%D0%B9%D0%BD%D1%8B%D0%B9+%D0%BE%D0%B1%D0%B7%D0%BE%D1%80&hl=ru,https://www.youtube.com/watch?v=cqatXlwMP6c,Видео «Новый город - Новоселье! Самый семейный пригород Санкт-Петербурга. » содержит явную привязку к городу.,False,Петродворцовый район семейный обзор,2026-08-23T13:24:35.508759+00:00
bbe5b78121d29f8029f0,Александра Коновалова,youtube,https://www.youtube.com/@Alexandra_Konovalovaa,Alexandra_Konovalovaa,Санкт-Петербург,2370,nano,manual_only,original_profile_opened,https://www.youtube.com/@Alexandra_Konovalovaa,https://www.youtube.com/results?search_query=DESALU+%D0%A1%D0%B0%D0%BD%D0%BA%D1%82-%D0%9F%D0%B5%D1%82%D0%B5%D1%80%D0%B1%D1%83%D1%80%D0%B3+%D0%BE%D0%B1%D0%B7%D0%BE%D1%80&hl=ru,https://www.youtube.com/watch?v=3Lj_5Xg6CiY,Видео «Обзор аутлетов Питера. Покупаем бренды выгодно. Дисконт центры Питера» содержит явную привязку к городу.,True,Acoola Санкт-Петербург обзор | DESALU Санкт-Петербург обзор | Watsons Санкт-Петербург обзор | Wonderfit Санкт-Петербург обзор | локальные бренды Санкт-Петербург обзор,2026-08-23T13:24:16.196229+00:00
37c913c6298b85507451,Александра Сорокина,youtube,https://www.youtube.com/@%D0%90%D0%BB%D0%B5%D0%BA%D1%81%D0%B0%D0%BD%D0%B4%D1%80%D0%B0%D0%A1%D0%BE%D1%80%D0%BE%D0%BA%D0%B8%D0%BD%D0%B0-%D0%BE1%D0%B4,%D0%90%D0%BB%D0%B5%D0%BA%D1%81%D0%B0%D0%BD%D0%B4%D1%80%D0%B0%D0%A1%D0%BE%D1%80%D0%BE%D0%BA%D0%B8%D0%BD%D0%B0-%D0%BE1%D0%B4,Санкт-Петербург,129,nano,manual_only,original_profile_opened,https://www.youtube.com/@%D0%90%D0%BB%D0%B5%D0%BA%D1%81%D0%B0%D0%BD%D0%B4%D1%80%D0%B0%D0%A1%D0%BE%D1%80%D0%BE%D0%BA%D0%B8%D0%BD%D0%B0-%D0%BE1%D0%B4,https://www.youtube.com/results?search_query=%D0%9F%D1%80%D0%B8%D0%BC%D0%BE%D1%80%D1%81%D0%BA%D0%B8%D0%B9+%D1%80%D0%B0%D0%B9%D0%BE%D0%BD+%D0%A1%D0%B0%D0%BD%D0%BA%D1%82-%D0%9F%D0%B5%D1%82%D0%B5%D1%80%D0%B1%D1%83%D1%80%D0%B3+%D0%B1%D0%BB%D0%BE%D0%B3&hl=ru,https://www.youtube.com/watch?v=aHwbU09qI5k,Видео «Приморский  район | Обзор самого популярного района Санкт-Петербурга» содержит явную привязку к городу.,False,Приморский район Санкт-Петербург блог | Приморский район куда сходить | Приморский район обзор мест | Приморский район семейный обзор,2026-08-23T13:24:36.305831+00:00
276c60b19be8e22ab550,Александра Тихонова,youtube,https://www.youtube.com/@Sasha_Tikhonova,Sasha_Tikhonova,Санкт-Петербург,68,nano,manual_only,original_profile_opened,https://www.youtube.com/@Sasha_Tikhonova,https://www.youtube.com/results?search_query=%D0%A2%D0%A0%D0%9A+%D0%90%D1%82%D0%BC%D0%BE%D1%81%D1%84%D0%B5%D1%80%D0%B0+%D0%A1%D0%B0%D0%BD%D0%BA%D1%82-%D0%9F%D0%B5%D1%82%D0%B5%D1%80%D0%B1%D1%83%D1%80%D0%B3+%D0%BE%D0%B1%D0%B7%D0%BE%D1%80&hl=ru,https://www.youtube.com/watch?v=Cwz0O7tCBCI,Видео «Vlog | Санкт-Петербург | Диво остров | 2 часть | Саша Тихонова» содержит явную привязку к городу.,True,ТРК Атмосфера Санкт-Петербург обзор,2026-08-23T13:24:17.927515+00:00
41b18aafbb7ce2a5085a,Алексей Ивушкин,youtube,https://www.youtube.com/@AlexejIvushkin,AlexejIvushkin,Санкт-Петербург,3730,nano,manual_only,original_profile_opened,https://www.youtube.com/@AlexejIvushkin,https://www.youtube.com/results?search_query=%D0%B1%D0%B5%D0%B3+%D0%9F%D0%B8%D1%82%D0%B5%D1%80+shorts&hl=ru,https://www.youtube.com/watch?v=FJWiDuTCFjk,Видео «Марафон: Пушкин - Санкт-Петербург (100 лет забегу) Vlog» содержит явную привязку к городу.,False,бег Питер shorts,2026-08-23T13:25:06.435789+00:00
5fd0f3d2639733889197,Алексей Михайлов,youtube,https://www.youtube.com/@AlekseiMihailov,AlekseiMihailov,Санкт-Петербург,3680,nano,manual_only,original_profile_opened,https://www.youtube.com/@AlekseiMihailov,https://www.youtube.com/results?search_query=%D0%9F%D1%80%D0%BE%D1%81%D0%BF%D0%B5%D0%BA%D1%82+%D0%9F%D1%80%D0%BE%D1%81%D0%B2%D0%B5%D1%89%D0%B5%D0%BD%D0%B8%D1%8F+%D0%A1%D0%B0%D0%BD%D0%BA%D1%82-%D0%9F%D0%B5%D1%82%D0%B5%D1%80%D0%B1%D1%83%D1%80%D0%B3+%D0%B1%D0%BB%D0%BE%D0%B3&hl=ru,https://www.youtube.com/watch?v=kOgrxQxccns,Видео «【Экскурсия】🌇Проспект Просвещения・🚇Озерки・🔬Политехническая・🌳Сосновка「Влог⚓Санкт-Петербург」» содержит явную привязку к городу.,False,Проспект Просвещения Санкт-Петербург блог | Проспект Просвещения обзор мест | Проспект Просвещения семейный обзор | Черная речка Санкт-Петербург блог,2026-08-23T13:24:40.034424+00:00
d095c82a246dd197016c,Алексей Радченко,youtube,https://www.youtube.com/@%D0%90%D0%BB%D0%B5%D0%BA%D1%81%D0%B5%D0%B9%D0%A0%D0%B0%D0%B4%D1%87%D0%B5%D0%BD%D0%BA%D0%BE-%D0%B97%D0%B8,%D0%90%D0%BB%D0%B5%D0%BA%D1%81%D0%B5%D0%B9%D0%A0%D0%B0%D0%B4%D1%87%D0%B5%D0%BD%D0%BA%D0%BE-%D0%B97%D0%B8,Санкт-Петербург,3340,nano,manual_only,original_profile_opened,https://www.youtube.com/@%D0%90%D0%BB%D0%B5%D0%BA%D1%81%D0%B5%D0%B9%D0%A0%D0%B0%D0%B4%D1%87%D0%B5%D0%BD%D0%BA%D0%BE-%D0%B97%D0%B8,https://www.youtube.com/results?search_query=%D0%92%D0%B0%D1%81%D0%B8%D0%BB%D0%B5%D0%BE%D1%81%D1%82%D1%80%D0%BE%D0%B2%D1%81%D0%BA%D0%B8%D0%B9+%D1%80%D0%B0%D0%B9%D0%BE%D0%BD+%D0%BE%D0%B1%D0%B7%D0%BE%D1%80+%D0%BC%D0%B5%D1%81%D1%82&hl=ru,https://www.youtube.com/watch?v=R8WjM_BTNzw,Видео «Василеостровский район | Прогулка  в марте 2021 года | Переезд в Санкт-Петербург» содержит явную привязку к городу.,False,Василеостровский район Санкт-Петербург блог | Василеостровский район куда сходить | Василеостровский район обзор мест | Василеостровский район семейный обзор | Красногвардейский район Санкт-Петербург блог | Красногвардейский район кафе обзор | Красногвардейский район куда сходить | Красногвардейский район обзор мест | Красногвардейский район семейный обзор | Парнас Санкт-Петербург блог | Парнас обзор мест | фотографы СПб блогер,2026-08-23T13:24:26.087006+00:00
03cb8e8477be532506f5,Алена на TV,youtube,https://www.youtube.com/@alenanatv,alenanatv,Санкт-Петербург,3110,nano,manual_only,original_profile_opened,https://www.youtube.com/@alenanatv,https://www.youtube.com/results?search_query=%D0%90%D0%B4%D0%BC%D0%B8%D1%80%D0%B0%D0%BB%D1%82%D0%B5%D0%B9%D1%81%D0%BA%D0%B8%D0%B9+%D1%80%D0%B0%D0%B9%D0%BE%D0%BD+%D0%BA%D0%B0%D1%84%D0%B5+%D0%BE%D0%B1%D0%B7%D0%BE%D1%80&hl=ru,https://www.youtube.com/watch?v=y_Y4oEfL0bU,Видео «Санкт-Петербург ⭐️ отель KRAVT 🍰 Литературное кафе 🛍️ Магазины #sanktpetersburg» содержит явную привязку к городу.,False,Адмиралтейский район кафе обзор,2026-08-23T13:24:31.307751+00:00
6d7f475bb40a626006e7,алина и заметки,youtube,https://www.youtube.com/@alinnotes,alinnotes,Санкт-Петербург,88,nano,manual_only,original_profile_opened,https://www.youtube.com/@alinnotes,https://www.youtube.com/results?search_query=%D0%9F%D0%B5%D1%82%D0%B5%D1%80%D0%B1%D1%83%D1%80%D0%B3+%D0%BB%D0%BE%D0%BA%D0%B0%D0%BB%D1%8C%D0%BD%D1%8B%D0%B5+%D0%B1%D1%80%D0%B5%D0%BD%D0%B4%D1%8B&hl=ru,https://www.youtube.com/watch?v=eGQRZHWFe8I,"Видео «майские будни в Петербурге: локальные бренды, встречи с подругами, фотобудки и новые открытия» содержит явную привязку к городу.",False,Петербург локальные бренды | локальные бренды СПб блогер,2026-08-23T13:24:13.179482+00:00
f16a12249facdef28fa4,Алина Сорочан,youtube,https://www.youtube.com/@AlinaaSorochan,AlinaaSorochan,Санкт-Петербург,1850,nano,manual_only,original_profile_opened,https://www.youtube.com/@AlinaaSorochan,https://www.youtube.com/results?search_query=%D0%BA%D0%BD%D0%B8%D0%B6%D0%BD%D1%8B%D0%B5+%D0%BC%D0%B0%D0%B3%D0%B0%D0%B7%D0%B8%D0%BD%D1%8B+%D0%A1%D0%B0%D0%BD%D0%BA%D1%82-%D0%9F%D0%B5%D1%82%D0%B5%D1%80%D0%B1%D1%83%D1%80%D0%B3+%D0%BE%D0%B1%D0%B7%D0%BE%D1%80&hl=ru,https://www.youtube.com/watch?v=vEvHmYITtaA,"Видео «ВЛОГ | Питер, книжные магазины Питера, Подписные издания, Дом книги, книжные покупки» содержит явную привязку к городу.",False,книжные магазины СПб блогер | книжные магазины Санкт-Петербург обзор | лучшие книжные магазины Петербург,2026-08-23T13:25:06.377858+00:00
653ac77fe4e270a6de29,Алина Царь,youtube,https://www.youtube.com/@msar_alina,msar_alina,Санкт-Петербург,477,nano,manual_only,original_profile_opened,https://www.youtube.com/@msar_alina,https://www.youtube.com/results?search_query=%D0%9A%D1%80%D0%BE%D0%BD%D1%88%D1%82%D0%B0%D0%B4%D1%82+%D0%A1%D0%B0%D0%BD%D0%BA%D1%82-%D0%9F%D0%B5%D1%82%D0%B5%D1%80%D0%B1%D1%83%D1%80%D0%B3+%D0%B1%D0%BB%D0%BE%D0%B3&hl=ru,https://www.youtube.com/watch?v=UQ1fuRhXP70,Видео «VLOG: Кронштадт и СПб |РЖЯ| 09-10.07.2026» содержит явную привязку к городу.,False,Кронштадт Санкт-Петербург блог,2026-08-23T13:24:33.502659+00:00
828daea1fc3e7c04174e,Алиса и книжки,youtube,https://www.youtube.com/@alisasinspiration,alisasinspiration,Санкт-Петербург,2800,nano,manual_only,original_profile_opened,https://www.youtube.com/@alisasinspiration,https://www.youtube.com/results?search_query=%D0%9F%D1%83%D1%88%D0%BA%D0%B8%D0%BD+%D0%A1%D0%B0%D0%BD%D0%BA%D1%82-%D0%9F%D0%B5%D1%82%D0%B5%D1%80%D0%B1%D1%83%D1%80%D0%B3+%D0%B1%D0%BB%D0%BE%D0%B3&hl=ru,https://www.youtube.com/watch?v=ZP_CmyFJrCA,"Видео «КНИЖНЫЙ ВЛОГ из Петербурга 📚 Весна, Гюго, Пушкин, книжные покупки, музеи и театр.» содержит явную привязку к городу.",False,Пушкин Санкт-Петербург блог | книжные магазины Питер shorts | книжные магазины СПб блогер | книжные магазины Санкт-Петербург обзор | лучшие книжные магазины Петербург,2026-08-23T13:24:44.272424+00:00
0364565571e952f3f53a,Алла,youtube,https://www.youtube.com/@allabrigan,allabrigan,Санкт-Петербург,3290,nano,manual_only,original_profile_opened,https://www.youtube.com/@allabrigan,https://www.youtube.com/results?search_query=%D0%A1%D0%9F%D0%B1+lifestyle+vlog&hl=ru,https://www.youtube.com/watch?v=j6w7XexxHuU,Видео «Самый БОЛЬШОЙ милкшейк в России? СПБ VLOG #lifestyle» содержит явную привязку к городу.,False,СПб lifestyle vlog,2026-08-23T13:24:15.362988+00:00
ef8fa18d16d5efe8e462,Альбина вещает,youtube,https://www.youtube.com/@bina.binassi,bina.binassi,Санкт-Петербург,1660,nano,manual_only,original_profile_opened,https://www.youtube.com/@bina.binassi,https://www.youtube.com/results?search_query=%D0%9F%D1%80%D0%BE%D1%81%D0%BF%D0%B5%D0%BA%D1%82+%D0%9F%D1%80%D0%BE%D1%81%D0%B2%D0%B5%D1%89%D0%B5%D0%BD%D0%B8%D1%8F+%D0%BA%D1%83%D0%B4%D0%B0+%D1%81%D1%85%D0%BE%D0%B4%D0%B8%D1%82%D1%8C&hl=ru,https://www.youtube.com/watch?v=82PomggeIGY,"Видео «Санкт-Петербург, метро ""Проспект Просвещения""» содержит явную привязку к городу.",False,Проспект Просвещения куда сходить | Проспект Просвещения обзор мест | бег Питер shorts,2026-08-23T13:24:39.517180+00:00
0a001646bce2b6d963da,АЛЁНА ЗНАЕТ ВСЁ,youtube,https://www.youtube.com/@alenka2212,alenka2212,Санкт-Петербург,1650,nano,manual_only,original_profile_opened,https://www.youtube.com/@alenka2212,https://www.youtube.com/results?search_query=%D0%9F%D0%B0%D1%80%D0%BD%D0%B0%D1%81+%D0%BA%D1%83%D0%B4%D0%B0+%D1%81%D1%85%D0%BE%D0%B4%D0%B8%D1%82%D1%8C&hl=ru,https://www.youtube.com/watch?v=a7kg2ub8mEk,Видео «КАК ЖИТЬ НА ПАРНАСЕ | КАК НАС ОБМАНУЛИ ПОКУПКЕ КВАРТИРЫ | ВЫСОТКИ ПАРНАСА | РАЙОНЫ СПБ» содержит явную привязку к городу.,False,Парнас куда сходить,2026-08-23T13:24:38.081743+00:00
1f1e1e5fbd9c0b73e657,АМБАССАДОР УЮТНОГО ДОМА,youtube,https://www.youtube.com/@marisweethome,marisweethome,Санкт-Петербург,72100,micro,manual_only,original_profile_opened,https://www.youtube.com/@marisweethome,https://www.youtube.com/results?search_query=%D0%BB%D1%83%D1%87%D1%88%D0%B8%D0%B5+%D0%BC%D1%83%D0%B7%D0%B5%D0%B8+%D0%9F%D0%B5%D1%82%D0%B5%D1%80%D0%B1%D1%83%D1%80%D0%B3&hl=ru,https://www.youtube.com/watch?v=ZUVGACs6hf4,"Видео «🌿ПЕТЕРБУРГ🌿Лучшие музеи, смотровая и винтажные магазины🌿» содержит явную привязку к городу.",False,лучшие музеи Петербург,2026-08-23T13:24:58.876751+00:00
747c6c9e3d7e7019034d,АН ЗУБР - Всё о недвижимости,youtube,https://www.youtube.com/@anzubr,anzubr,Санкт-Петербург,3040,nano,manual_only,original_profile_opened,https://www.youtube.com/@anzubr,https://www.youtube.com/results?search_query=%D0%9C%D0%BE%D1%81%D0%BA%D0%BE%D0%B2%D1%81%D0%BA%D0%B8%D0%B9+%D1%80%D0%B0%D0%B9%D0%BE%D0%BD+%D0%BE%D0%B1%D0%B7%D0%BE%D1%80+%D0%BC%D0%B5%D1%81%D1%82&hl=ru,https://www.youtube.com/watch?v=mvy54KqAAvw,"Видео «Где в Московском районе жить хорошо? Обзор ЖК - ID Московский, ID Парк победы, Звезды столиц, и др.» содержит явную привязку к городу.",False,Московский район обзор мест | Парнас семейный обзор,2026-08-23T13:24:35.261893+00:00
bc400908bf14cfffdc2e,Анастасия Винтаж,youtube,https://www.youtube.com/@Vintage_by_nastya,Vintage_by_nastya,Санкт-Петербург,61400,micro,manual_only,original_profile_opened,https://www.youtube.com/@Vintage_by_nastya,https://www.youtube.com/results?search_query=%D0%B2%D0%B8%D0%BD%D1%82%D0%B0%D0%B6+%D0%A1%D0%B0%D0%BD%D0%BA%D1%82-%D0%9F%D0%B5%D1%82%D0%B5%D1%80%D0%B1%D1%83%D1%80%D0%B3+%D0%BE%D0%B1%D0%B7%D0%BE%D1%80&hl=ru,https://www.youtube.com/watch?v=rQVbVCCwvjA,Видео «Блошиный рынок на Уделке | Питер |Барахолка | Фарфор | Посуда | Блоха | Винтаж |Антиквариат | Блошка» содержит явную привязку к городу.,False,винтаж Санкт-Петербург обзор,2026-08-23T13:25:01.303251+00:00
43450a9c0cd42c713002,Анастасия Платонова,youtube,https://www.youtube.com/@%D0%90%D0%BD%D0%B0%D1%81%D1%82%D0%B0%D1%81%D0%B8%D1%8F%D0%9F%D0%BB%D0%B0%D1%82%D0%BE%D0%BD%D0%BE%D0%B2%D0%B0-%D1%8B5%D0%B9,%D0%90%D0%BD%D0%B0%D1%81%D1%82%D0%B0%D1%81%D0%B8%D1%8F%D0%9F%D0%BB%D0%B0%D1%82%D0%BE%D0%BD%D0%BE%D0%B2%D0%B0-%D1%8B5%D0%B9,Санкт-Петербург,113,nano,manual_only,original_profile_opened,https://www.youtube.com/@%D0%90%D0%BD%D0%B0%D1%81%D1%82%D0%B0%D1%81%D0%B8%D1%8F%D0%9F%D0%BB%D0%B0%D1%82%D0%BE%D0%BD%D0%BE%D0%B2%D0%B0-%D1%8B5%D0%B9,https://www.youtube.com/results?search_query=%D0%92%D1%8B%D0%B1%D0%BE%D1%80%D0%B3%D1%81%D0%BA%D0%B8%D0%B9+%D1%80%D0%B0%D0%B9%D0%BE%D0%BD+%D1%81%D0%B5%D0%BC%D0%B5%D0%B9%D0%BD%D1%8B%D0%B9+%D0%BE%D0%B1%D0%B7%D0%BE%D1%80&hl=ru,https://www.youtube.com/watch?v=4Oz4qivQqoU,Видео «История | Озерки | Выборгский район | Шувалово - Озерки | Платонова Анастасия» содержит явную привязку к городу.,False,Выборгский район семейный обзор,2026-08-23T13:24:31.260016+00:00
54bbb97d3445ed1c206f,Анастасия Сафонова,youtube,https://www.youtube.com/@as_safonova,as_safonova,Санкт-Петербург,3,nano,manual_only,original_profile_opened,https://www.youtube.com/@as_safonova,https://www.youtube.com/results?search_query=%D0%B4%D0%B5%D1%82%D1%81%D0%BA%D0%B8%D0%B5+%D1%86%D0%B5%D0%BD%D1%82%D1%80%D1%8B+%D0%A1%D0%9F%D0%B1+%D0%B1%D0%BB%D0%BE%D0%B3%D0%B5%D1%80&hl=ru,https://www.youtube.com/watch?v=AQJBo1_8EbY,"Видео «А Вы знали, что в Петербурге открылось кафе с огромной детской игровой? Кафе Песочница, сохраняй❤️» содержит явную привязку к городу.",False,детские центры СПб блогер,2026-08-23T13:24:54.128279+00:00
08e4e348a961fbcfd849,Анатолий о Петербурге,youtube,https://www.youtube.com/@Anatoly-xy7pe,Anatoly-xy7pe,Санкт-Петербург,2210,nano,manual_only,original_profile_opened,https://www.youtube.com/@Anatoly-xy7pe,https://www.youtube.com/results?search_query=%D0%9A%D0%B0%D0%BB%D0%B8%D0%BD%D0%B8%D0%BD%D1%81%D0%BA%D0%B8%D0%B9+%D1%80%D0%B0%D0%B9%D0%BE%D0%BD+%D0%A1%D0%B0%D0%BD%D0%BA%D1%82-%D0%9F%D0%B5%D1%82%D0%B5%D1%80%D0%B1%D1%83%D1%80%D0%B3+%D0%B1%D0%BB%D0%BE%D0%B3&hl=ru,https://www.youtube.com/watch?v=Dha_6i5S35k,"Видео «В Питере 137. Калининский район: улицы, дворы и Муринский парк.» содержит явную привязку к городу.",False,Калининский район Санкт-Петербург блог | Красногвардейский район Санкт-Петербург блог | Красногвардейский район обзор мест | Красносельский район семейный обзор | Парнас обзор мест | Рыбацкое Санкт-Петербург блог | Сестрорецк Санкт-Петербург блог | Удельная Санкт-Петербург блог,2026-08-23T13:24:31.352037+00:00
fce3836d0966e55a1607,Ангелина Шляпина,youtube,https://www.youtube.com/@angelslace,angelslace,Санкт-Петербург,2630,nano,manual_only,original_profile_opened,https://www.youtube.com/@angelslace,https://www.youtube.com/results?search_query=%D0%9D%D0%BE%D0%B2%D0%B0%D1%8F+%D0%93%D0%BE%D0%BB%D0%BB%D0%B0%D0%BD%D0%B4%D0%B8%D1%8F+%D0%A1%D0%B0%D0%BD%D0%BA%D1%82-%D0%9F%D0%B5%D1%82%D0%B5%D1%80%D0%B1%D1%83%D1%80%D0%B3+%D0%B1%D0%BB%D0%BE%D0%B3&hl=ru,https://www.youtube.com/watch?v=rt6HAPu_QTY,Видео «Питер-влог❤️2023 Новая Голландия🌸Мариинка✨театры» содержит явную привязку к городу.,False,Новая Голландия Санкт-Петербург блог,2026-08-23T13:24:45.690704+00:00
aa5326df143173a5d8c1,Андрей Артемов Блогер,youtube,https://www.youtube.com/@AndreyArtemov,AndreyArtemov,Санкт-Петербург,21200,micro,manual_only,original_profile_opened,https://www.youtube.com/@AndreyArtemov,https://www.youtube.com/results?search_query=%D0%A4%D0%BE%D1%82%D0%BE%D0%B3%D1%80%D0%B0%D1%84+%D0%9A%D0%BE%D1%80%D0%BE%D0%B1%D0%B5%D0%B9%D0%BD%D0%B8%D0%BA%D0%BE%D0%B2%D0%B0+%D0%95%D0%B2%D0%B3%D0%B5%D0%BD%D0%B8%D1%8F+%D0%A1%D0%B0%D0%BD%D0%BA%D1%82-%D0%9F%D0%B5%D1%82%D0%B5%D1%80%D0%B1%D1%83%D1%80%D0%B3+%D0%BE%D0%B1%D0%B7%D0%BE%D1%80&hl=ru,https://www.youtube.com/watch?v=I4dNTigWgaI,Видео «ID Парк Победы спустя время — стоит ли покупать квартиру? Честный отзыв жителя ЖК» содержит явную привязку к городу.,True,Курортный район Санкт-Петербург блог | Фотограф Коробейникова Евгения Санкт-Петербург обзор | Черная речка Санкт-Петербург блог | Черная речка кафе обзор | Черная речка куда сходить | Черная речка обзор мест | Черная речка семейный обзор | жилые комплексы СПб блогер | новостройки СПб блогер,2026-08-23T13:24:24.295933+00:00
3ff4fc8a14b6ccf30c50,Андрей Гук,youtube,https://www.youtube.com/@andguk,andguk,Санкт-Петербург,276,nano,manual_only,original_profile_opened,https://www.youtube.com/@andguk,https://www.youtube.com/results?search_query=%D0%9B%D1%8B%D0%B6%D0%BD%D1%8B%D0%B9+2+%D0%A1%D0%B0%D0%BD%D0%BA%D1%82-%D0%9F%D0%B5%D1%82%D0%B5%D1%80%D0%B1%D1%83%D1%80%D0%B3+%D0%BE%D0%B1%D0%B7%D0%BE%D1%80&hl=ru,https://www.youtube.com/watch?v=B-qbPRcajcY,"Видео «Обзор УТЦ ""Кавголово"" 2023 / Профессиональная трасса для беговых лыж в Санкт-Петербурге» содержит явную привязку к городу.",True,Лыжный 2 Санкт-Петербург обзор | бег Санкт-Петербург обзор,2026-08-23T13:24:23.084269+00:00
e18fa925f2bc316e3f5b,Андрей Деветьяров,youtube,https://www.youtube.com/@devetyarow,devetyarow,Санкт-Петербург,164,nano,manual_only,original_profile_opened,https://www.youtube.com/@devetyarow,https://www.youtube.com/results?search_query=%D0%BB%D1%83%D1%87%D1%88%D0%B8%D0%B5+%D1%84%D0%BE%D1%82%D0%BE%D0%B3%D1%80%D0%B0%D1%84%D1%8B+%D0%9F%D0%B5%D1%82%D0%B5%D1%80%D0%B1%D1%83%D1%80%D0%B3&hl=ru,https://www.youtube.com/watch?v=GZMToytGjV8,Видео «5 мест в Санкт-Петербурге для фотоссесий» содержит явную привязку к городу.,False,лучшие фотографы Петербург,2026-08-23T13:25:03.485112+00:00
9c45637d23cb586e0278,Андрей Илларионов,youtube,https://www.youtube.com/@illar_av,illar_av,Санкт-Петербург,16,nano,manual_only,original_profile_opened,https://www.youtube.com/@illar_av,https://www.youtube.com/results?search_query=%D0%B1%D0%B5%D0%B3+%D0%9F%D0%B8%D1%82%D0%B5%D1%80+shorts&hl=ru,https://www.youtube.com/watch?v=G_5nRG_mcMU,"Видео «Полумарафон ""Северная столица"". Санкт-Петербург, 08.08.2021» содержит явную привязку к городу.",False,бег Питер shorts,2026-08-23T13:25:05.741911+00:00
3354c5447f84cbe37b69,Андрей Кораблёв,youtube,https://www.youtube.com/@%D0%90%D0%BD%D0%B4%D1%80%D0%B5%D0%B9%D0%9A%D0%BE%D1%80%D0%B0%D0%B1%D0%BB%D1%91%D0%B2-1995,%D0%90%D0%BD%D0%B4%D1%80%D0%B5%D0%B9%D0%9A%D0%BE%D1%80%D0%B0%D0%B1%D0%BB%D1%91%D0%B2-1995,Санкт-Петербург,22100,micro,manual_only,original_profile_opened,https://www.youtube.com/@%D0%90%D0%BD%D0%B4%D1%80%D0%B5%D0%B9%D0%9A%D0%BE%D1%80%D0%B0%D0%B1%D0%BB%D1%91%D0%B2-1995,https://www.youtube.com/results?search_query=%D0%BB%D1%83%D1%87%D1%88%D0%B8%D0%B5+%D0%BA%D0%BE%D0%BD%D1%86%D0%B5%D1%80%D1%82%D1%8B+%D0%9F%D0%B5%D1%82%D0%B5%D1%80%D0%B1%D1%83%D1%80%D0%B3&hl=ru,https://www.youtube.com/watch?v=SDGlQRmE2Ww,Видео «Звери - Концерт в Санкт-Петербурге (2006)» содержит явную привязку к городу.,False,лучшие концерты Петербург,2026-08-23T13:25:00.234954+00:00
29b4be5b65032915115e,Андрей Ле,youtube,https://www.youtube.com/@%D0%90%D0%BD%D0%B4%D1%80%D0%B5%D0%B9%D0%9B%D0%B5-%D1%835%D1%8F,%D0%90%D0%BD%D0%B4%D1%80%D0%B5%D0%B9%D0%9B%D0%B5-%D1%835%D1%8F,Санкт-Петербург,258,nano,manual_only,original_profile_opened,https://www.youtube.com/@%D0%90%D0%BD%D0%B4%D1%80%D0%B5%D0%B9%D0%9B%D0%B5-%D1%835%D1%8F,https://www.youtube.com/results?search_query=%D0%9A%D1%83%D1%80%D0%BE%D1%80%D1%82%D0%BD%D1%8B%D0%B9+%D1%80%D0%B0%D0%B9%D0%BE%D0%BD+%D0%A1%D0%B0%D0%BD%D0%BA%D1%82-%D0%9F%D0%B5%D1%82%D0%B5%D1%80%D0%B1%D1%83%D1%80%D0%B3+%D0%B1%D0%BB%D0%BE%D0%B3&hl=ru,https://www.youtube.com/watch?v=wu7nB4NryyQ,"Видео «Санкт-Петербург , Курортный район, пос. Песочный» содержит явную привязку к городу.",False,Комендантский проспект Санкт-Петербург блог | Комендантский проспект семейный обзор | Курортный район Санкт-Петербург блог,2026-08-23T13:24:33.525113+00:00
7a57340b73403e91698c,Андрюша Прокофьев,youtube,https://www.youtube.com/@andrushaprok,andrushaprok,Санкт-Петербург,171000,mid,manual_only,original_profile_opened,https://www.youtube.com/@andrushaprok,https://www.youtube.com/results?search_query=%D0%BB%D1%83%D1%87%D1%88%D0%B8%D0%B5+%D1%80%D0%B5%D1%81%D1%82%D0%BE%D1%80%D0%B0%D0%BD%D1%8B+%D0%9F%D0%B5%D1%82%D0%B5%D1%80%D0%B1%D1%83%D1%80%D0%B3&hl=ru,https://www.youtube.com/watch?v=moNuQlJVJas,Видео «Проверили ЛУЧШИЕ и ХУДШИЕ Отзывы РЕСТОРАНОВ Санкт-Петербурга!» содержит явную привязку к городу.,False,лучшие рестораны Петербург | рестораны СПб блогер | рестораны Санкт-Петербург обзор,2026-08-23T13:24:49.974141+00:00
03a972c7287feb408a38,Аниматоры Спб,youtube,https://www.youtube.com/@%D0%90%D0%BD%D0%B8%D0%BC%D0%B0%D1%82%D0%BE%D1%80%D1%8B%D0%A1%D0%BF%D0%B1,%D0%90%D0%BD%D0%B8%D0%BC%D0%B0%D1%82%D0%BE%D1%80%D1%8B%D0%A1%D0%BF%D0%B1,Санкт-Петербург,3,nano,manual_only,original_profile_opened,https://www.youtube.com/@%D0%90%D0%BD%D0%B8%D0%BC%D0%B0%D1%82%D0%BE%D1%80%D1%8B%D0%A1%D0%BF%D0%B1,https://www.youtube.com/results?search_query=%D0%B4%D0%B5%D1%82%D1%81%D0%BA%D0%B8%D0%B5+%D0%BF%D1%80%D0%B0%D0%B7%D0%B4%D0%BD%D0%B8%D0%BA%D0%B8+%D0%9F%D0%B8%D1%82%D0%B5%D1%80+shorts&hl=ru,https://www.youtube.com/watch?v=-G9cJQBXpzk,"Видео «Детские праздники спб, Аниматоры Питер, Квест Форт Боярд Спб,» содержит явную привязку к городу.",False,детские праздники Питер shorts,2026-08-23T13:24:55.075500+00:00
faa59e349c71e10a1a30,Анкико,youtube,https://www.youtube.com/@%D0%B0%D0%BD%D0%BA%D0%B8%D0%BA%D0%BE_%D1%80%D1%83%D1%81%D1%81%D0%BA%D0%B8%D0%B9,%D0%B0%D0%BD%D0%BA%D0%B8%D0%BA%D0%BE_%D1%80%D1%83%D1%81%D1%81%D0%BA%D0%B8%D0%B9,Санкт-Петербург,1440,nano,manual_only,original_profile_opened,https://www.youtube.com/@%D0%B0%D0%BD%D0%BA%D0%B8%D0%BA%D0%BE_%D1%80%D1%83%D1%81%D1%81%D0%BA%D0%B8%D0%B9,https://www.youtube.com/results?search_query=%D0%92%D0%B0%D1%81%D0%B8%D0%BB%D0%B5%D0%BE%D1%81%D1%82%D1%80%D0%BE%D0%B2%D1%81%D0%BA%D0%B8%D0%B9+%D1%80%D0%B0%D0%B9%D0%BE%D0%BD+%D0%A1%D0%B0%D0%BD%D0%BA%D1%82-%D0%9F%D0%B5%D1%82%D0%B5%D1%80%D0%B1%D1%83%D1%80%D0%B3+%D0%B1%D0%BB%D0%BE%D0%B3&hl=ru,https://www.youtube.com/watch?v=pxVyMIjmK64,Видео «Питерский BLOG#2: Васильевский остров (4К)» содержит явную привязку к городу.,False,Василеостровский район Санкт-Петербург блог | Васильевский остров Санкт-Петербург блог,2026-08-23T13:24:31.284234+00:00
978b92941ead044a1f3f,Анна Конотопова,youtube,https://www.youtube.com/@anna_konotopova,anna_konotopova,Санкт-Петербург,90,nano,manual_only,original_profile_opened,https://www.youtube.com/@anna_konotopova,https://www.youtube.com/results?search_query=%D0%9D%D0%BE%D0%B2%D0%B0%D1%8F+%D0%93%D0%BE%D0%BB%D0%BB%D0%B0%D0%BD%D0%B4%D0%B8%D1%8F+%D0%A1%D0%B0%D0%BD%D0%BA%D1%82-%D0%9F%D0%B5%D1%82%D0%B5%D1%80%D0%B1%D1%83%D1%80%D0%B3+%D0%B1%D0%BB%D0%BE%D0%B3&hl=ru,https://www.youtube.com/watch?v=ZGMEdNzbie0,Видео «Новая Голландия. Санкт-Петербург.» содержит явную привязку к городу.,False,Новая Голландия Санкт-Петербург блог,2026-08-23T13:24:45.607649+00:00
66033594a3316d6211cf,Анна Левченко,youtube,https://www.youtube.com/@anna_aviva,anna_aviva,Санкт-Петербург,656,nano,manual_only,original_profile_opened,https://www.youtube.com/@anna_aviva,https://www.youtube.com/results?search_query=%D0%9F%D0%B5%D1%82%D0%B5%D1%80%D0%B3%D0%BE%D1%84+%D0%A1%D0%B0%D0%BD%D0%BA%D1%82-%D0%9F%D0%B5%D1%82%D0%B5%D1%80%D0%B1%D1%83%D1%80%D0%B3+%D0%B1%D0%BB%D0%BE%D0%B3&hl=ru,https://www.youtube.com/watch?v=KDtrhdORCws,Видео «VLOG: ПИТЕР 2024 | Петергоф | Рассвет в Петербурге | Подписные издания» содержит явную привязку к городу.,False,Петергоф Санкт-Петербург блог,2026-08-23T13:24:44.735203+00:00
9858e9d6bf1c53cd4a3d,Анна об искусстве,youtube,https://www.youtube.com/@anbolotova,anbolotova,Санкт-Петербург,8470,nano,manual_only,original_profile_opened,https://www.youtube.com/@anbolotova,https://www.youtube.com/results?search_query=%D0%B2%D1%8B%D1%81%D1%82%D0%B0%D0%B2%D0%BA%D0%B8+%D0%A1%D0%B0%D0%BD%D0%BA%D1%82-%D0%9F%D0%B5%D1%82%D0%B5%D1%80%D0%B1%D1%83%D1%80%D0%B3+%D0%BE%D0%B1%D0%B7%D0%BE%D1%80&hl=ru,https://www.youtube.com/watch?v=8ZE9Su-jLN4,Видео «Куда идти в марте в Петербурге: главные выставки» содержит явную привязку к городу.,False,выставки СПб блогер | выставки Санкт-Петербург обзор | лучшие выставки Петербург,2026-08-23T13:24:55.441653+00:00
3f5471f2580645522ef9,АННУШКА САНКТ-ПЕТЕРБУРГ-ВЛОГИ. Здоровье. Дети.,youtube,https://www.youtube.com/@--.3658,--.3658,Санкт-Петербург,5190,nano,manual_only,original_profile_opened,https://www.youtube.com/@--.3658,https://www.youtube.com/results?search_query=%D0%A2%D0%A0%D0%9A+%D0%90%D1%82%D0%BC%D0%BE%D1%81%D1%84%D0%B5%D1%80%D0%B0+%D0%A1%D0%B0%D0%BD%D0%BA%D1%82-%D0%9F%D0%B5%D1%82%D0%B5%D1%80%D0%B1%D1%83%D1%80%D0%B3+%D0%BE%D0%B1%D0%B7%D0%BE%D1%80&hl=ru,https://www.youtube.com/watch?v=Zmp0R8OCEso,Видео «👉ТЦ АТМОСФЕРА | САНКТ-ПЕТЕРБУРГ | ГУЛЯЮ  НИЖНЕЕ БЕЛЬЕ» содержит явную привязку к городу.,True,Озерки куда сходить | Парнас Санкт-Петербург блог | ТРК Атмосфера Санкт-Петербург обзор,2026-08-23T13:24:18.164708+00:00
ff781f8f5961b7491dc1,Антон Кузнецов | Anton Bentframe,youtube,https://www.youtube.com/@antonbentframe,antonbentframe,Санкт-Петербург,7360,nano,manual_only,original_profile_opened,https://www.youtube.com/@antonbentframe,https://www.youtube.com/results?search_query=%D1%81%D0%BF%D0%BE%D1%80%D1%82+%D0%A1%D0%B0%D0%BD%D0%BA%D1%82-%D0%9F%D0%B5%D1%82%D0%B5%D1%80%D0%B1%D1%83%D1%80%D0%B3+%D0%BE%D0%B1%D0%B7%D0%BE%D1%80&hl=ru,https://www.youtube.com/watch?v=pWiY3w2c07g,Видео «ФИКСЕД ГИР САНКТ ПЕТЕРБУРГ» содержит явную привязку к городу.,False,спорт Санкт-Петербург обзор,2026-08-23T13:25:04.347537+00:00
8111c0229e6332865bc4,Аня Babyptitsa,youtube,https://www.youtube.com/@babyptitsa,babyptitsa,Санкт-Петербург,18800,micro,manual_only,original_profile_opened,https://www.youtube.com/@babyptitsa,https://www.youtube.com/results?search_query=%D0%B2%D0%B8%D0%BD%D1%82%D0%B0%D0%B6+%D0%A1%D0%B0%D0%BD%D0%BA%D1%82-%D0%9F%D0%B5%D1%82%D0%B5%D1%80%D0%B1%D1%83%D1%80%D0%B3+%D0%BE%D0%B1%D0%B7%D0%BE%D1%80&hl=ru,https://www.youtube.com/watch?v=FNIpB3ZDihg,Видео «ВЫПУСК 3: лучшие винтажки Петербурга *обзор4ик*» содержит явную привязку к городу.,False,винтаж СПб блогер | винтаж Санкт-Петербург обзор | лучшие винтаж Петербург,2026-08-23T13:25:00.889001+00:00
ca8dfec7e680c2df42b3,Аня Терехова,youtube,https://www.youtube.com/@aaanyaterekhova,aaanyaterekhova,Санкт-Петербург,971,nano,manual_only,original_profile_opened,https://www.youtube.com/@aaanyaterekhova,https://www.youtube.com/results?search_query=%D0%92%D0%B0%D1%81%D0%B8%D0%BB%D1%8C%D0%B5%D0%B2%D1%81%D0%BA%D0%B8%D0%B9+%D0%BE%D1%81%D1%82%D1%80%D0%BE%D0%B2+%D0%BA%D0%B0%D1%84%D0%B5+%D0%BE%D0%B1%D0%B7%D0%BE%D1%80&hl=ru,https://www.youtube.com/watch?v=LZX2KcnT6xk,Видео «Где поесть на Васильевском острове?  #гдепоесть #питер #санктпетербург» содержит явную привязку к городу.,False,Васильевский остров кафе обзор,2026-08-23T13:24:44.814557+00:00
e41308c5d2210b402bdb,Аомори для Снобов - Выживаем в японской провинции,youtube,https://www.youtube.com/@spiritaristocrat,spiritaristocrat,Санкт-Петербург,238,nano,manual_only,original_profile_opened,https://www.youtube.com/@spiritaristocrat,https://www.youtube.com/results?search_query=%D1%82%D0%B5%D0%B0%D1%82%D1%80%D1%8B+%D0%A1%D0%B0%D0%BD%D0%BA%D1%82-%D0%9F%D0%B5%D1%82%D0%B5%D1%80%D0%B1%D1%83%D1%80%D0%B3+%D0%BE%D0%B1%D0%B7%D0%BE%D1%80&hl=ru,https://www.youtube.com/watch?v=q1jueMcBTW8,Видео «ТУРАНДОТ Карло Гоцци в Театре имени Акимова🎭 ЧЕСТНЫЙ ОБЗОР/ СТОИТ ЛИ ИДТИ?/ Театры Санкт-Петербурга» содержит явную привязку к городу.,False,театры Санкт-Петербург обзор,2026-08-23T13:24:55.288783+00:00
97505f62f61142acfe23,Артём Исаенков,youtube,https://www.youtube.com/@moscowkit,moscowkit,Санкт-Петербург,25700,micro,manual_only,original_profile_opened,https://www.youtube.com/@moscowkit,https://www.youtube.com/results?search_query=%D0%B4%D0%B5%D1%82%D1%81%D0%BA%D0%B8%D0%B5+%D1%86%D0%B5%D0%BD%D1%82%D1%80%D1%8B+%D0%A1%D0%9F%D0%B1+%D0%B1%D0%BB%D0%BE%D0%B3%D0%B5%D1%80&hl=ru,https://www.youtube.com/watch?v=c9eE8yosxZ0,Видео «Метро Спб» содержит явную привязку к городу.,False,детские центры СПб блогер,2026-08-23T13:24:53.955571+00:00
60d2d2c366ebfffb16c1,АРТЁМ КОЛТУШИН,youtube,https://www.youtube.com/@artem_koltushin,artem_koltushin,Санкт-Петербург,563,nano,manual_only,original_profile_opened,https://www.youtube.com/@artem_koltushin,https://www.youtube.com/results?search_query=%D0%A4%D1%80%D1%83%D0%BD%D0%B7%D0%B5%D0%BD%D1%81%D0%BA%D0%B8%D0%B9+%D1%80%D0%B0%D0%B9%D0%BE%D0%BD+%D0%A1%D0%B0%D0%BD%D0%BA%D1%82-%D0%9F%D0%B5%D1%82%D0%B5%D1%80%D0%B1%D1%83%D1%80%D0%B3+%D0%B1%D0%BB%D0%BE%D0%B3&hl=ru,https://www.youtube.com/watch?v=SB2tBfUGVHs,Видео «ОБЗОР НЕДВИЖИМОСТИ Питера и области №2 Фрунзенский Район/Купчино Что за район? Какие плюсы и минусы?» содержит явную привязку к городу.,False,Фрунзенский район Санкт-Петербург блог | Фрунзенский район обзор мест,2026-08-23T13:24:36.569919+00:00
a99462a9feca98f29dc8,Атлант - Мастер,youtube,https://www.youtube.com/@%D0%90%D1%82%D0%BB%D0%B0%D0%BD%D1%82-%D0%9C%D0%B0%D1%81%D1%82%D0%B5%D1%80-%D1%8E3%D1%8E,%D0%90%D1%82%D0%BB%D0%B0%D0%BD%D1%82-%D0%9C%D0%B0%D1%81%D1%82%D0%B5%D1%80-%D1%8E3%D1%8E,Санкт-Петербург,137,nano,manual_only,original_profile_opened,https://www.youtube.com/@%D0%90%D1%82%D0%BB%D0%B0%D0%BD%D1%82-%D0%9C%D0%B0%D1%81%D1%82%D0%B5%D1%80-%D1%8E3%D1%8E,https://www.youtube.com/results?search_query=%D0%BB%D1%83%D1%87%D1%88%D0%B8%D0%B5+%D1%80%D0%B5%D0%BC%D0%BE%D0%BD%D1%82+%D0%9F%D0%B5%D1%82%D0%B5%D1%80%D0%B1%D1%83%D1%80%D0%B3&hl=ru,https://www.youtube.com/watch?v=g-SlKval5Dk,Видео «С кем лучше делать ремонт в Санкт-Петербурге?» содержит явную привязку к городу.,False,лучшие ремонт Петербург,2026-08-23T13:25:02.126646+00:00
1104eeac621ecaf3fee4,атмосфера россии (ambient russia),youtube,https://www.youtube.com/@ambientrussia,ambientrussia,Санкт-Петербург,14400,micro,manual_only,original_profile_opened,https://www.youtube.com/@ambientrussia,https://www.youtube.com/results?search_query=%D0%90%D0%B4%D0%BC%D0%B8%D1%80%D0%B0%D0%BB%D1%82%D0%B5%D0%B9%D1%81%D0%BA%D0%B8%D0%B9+%D1%80%D0%B0%D0%B9%D0%BE%D0%BD+%D0%A1%D0%B0%D0%BD%D0%BA%D1%82-%D0%9F%D0%B5%D1%82%D0%B5%D1%80%D0%B1%D1%83%D1%80%D0%B3+%D0%B1%D0%BB%D0%BE%D0%B3&hl=ru,https://www.youtube.com/watch?v=kTp0ITFMR_I,"Видео «Величественный АДМИРАЛТЕЙСКИЙ РАЙОН Санкт-Петербурга, Россия [4K]» содержит явную привязку к городу.",False,Адмиралтейский район Санкт-Петербург блог,2026-08-23T13:24:25.710249+00:00
a495518bc8ff12d08796,Аштанга йога Центр в Санкт-Петербурге,youtube,https://www.youtube.com/@ashtangayogacentre8003,ashtangayogacentre8003,Санкт-Петербург,1600,nano,manual_only,original_profile_opened,https://www.youtube.com/@ashtangayogacentre8003,https://www.youtube.com/results?search_query=%D0%B9%D0%BE%D0%B3%D0%B0+%D0%9F%D0%B8%D1%82%D0%B5%D1%80+shorts&hl=ru,https://www.youtube.com/watch?v=sTSdbK8qtpM,Видео «Упражнение на сильные ноги от преподавателя йоги #yoga #ноги #shorts #motivation #тренировканог #спб» содержит явную привязку к городу.,False,йога Питер shorts,2026-08-23T13:24:52.227830+00:00
f4368653cad9318cd5ba,БАРАХОЛКА Питер,youtube,https://www.youtube.com/@%D0%91%D0%90%D0%A0%D0%90%D0%A5%D0%9E%D0%9B%D0%9A%D0%90%D0%9F%D0%B8%D1%82%D0%B5%D1%80,%D0%91%D0%90%D0%A0%D0%90%D0%A5%D0%9E%D0%9B%D0%9A%D0%90%D0%9F%D0%B8%D1%82%D0%B5%D1%80,Санкт-Петербург,33600,micro,manual_only,original_profile_opened,https://www.youtube.com/@%D0%91%D0%90%D0%A0%D0%90%D0%A5%D0%9E%D0%9B%D0%9A%D0%90%D0%9F%D0%B8%D1%82%D0%B5%D1%80,https://www.youtube.com/results?search_query=%D0%A3%D0%B4%D0%B5%D0%BB%D1%8C%D0%BD%D0%B0%D1%8F+%D0%A1%D0%B0%D0%BD%D0%BA%D1%82-%D0%9F%D0%B5%D1%82%D0%B5%D1%80%D0%B1%D1%83%D1%80%D0%B3+%D0%B1%D0%BB%D0%BE%D0%B3&hl=ru,https://www.youtube.com/watch?v=AqHRBPk-w6E,Видео «БАРАХОЛКА Санкт-Петербурга дарит ШАНС! Блошиный рынок на Удельной» содержит явную привязку к городу.,False,Удельная Санкт-Петербург блог,2026-08-23T13:24:49.336761+00:00
3b49ecad492bc17d72ec,Барс - Блогер Ютуберович))),youtube,https://www.youtube.com/@Lilya.Kyznetzova,Lilya.Kyznetzova,Санкт-Петербург,9400,nano,manual_only,original_profile_opened,https://www.youtube.com/@Lilya.Kyznetzova,https://www.youtube.com/results?search_query=%D0%B2%D1%8B%D1%81%D1%82%D0%B0%D0%B2%D0%BA%D0%B8+%D0%A1%D0%9F%D0%B1+%D0%B1%D0%BB%D0%BE%D0%B3%D0%B5%D1%80&hl=ru,https://www.youtube.com/watch?v=s7Ep_tTmvi4,Видео «Отправить. Выставка Пропавшие в кинохронике. Спб» содержит явную привязку к городу.,False,выставки СПб блогер,2026-08-23T13:24:56.186297+00:00
033c3cd764f72223b622,Беговое сообщество ПушкинРан,youtube,https://www.youtube.com/@pushkinrun,pushkinrun,Санкт-Петербург,7480,nano,manual_only,original_profile_opened,https://www.youtube.com/@pushkinrun,https://www.youtube.com/results?search_query=%D0%BB%D1%83%D1%87%D1%88%D0%B8%D0%B5+%D0%B1%D0%B5%D0%B3+%D0%9F%D0%B5%D1%82%D0%B5%D1%80%D0%B1%D1%83%D1%80%D0%B3&hl=ru,https://www.youtube.com/watch?v=R9veeZqnHo0,Видео «Победительница Бостона: «Пушкин-Петербург» лучше Бостонского марафона» содержит явную привязку к городу.,False,лучшие бег Петербург,2026-08-23T13:25:05.415862+00:00
5d583e35b343b527987d,Бегущая певица,youtube,https://www.youtube.com/@runningsinger,runningsinger,Санкт-Петербург,20800,micro,manual_only,original_profile_opened,https://www.youtube.com/@runningsinger,https://www.youtube.com/results?search_query=%D0%9F%D0%B5%D1%82%D0%B5%D1%80%D0%B1%D1%83%D1%80%D0%B3+%D1%80%D0%B5%D0%BA%D0%BE%D0%BC%D0%B5%D0%BD%D0%B4%D0%B0%D1%86%D0%B8%D0%B8&hl=ru,https://www.youtube.com/watch?v=fvWGHAyQzeU,Видео «10 мест где вкусно поесть в Питере | Обзор кафе и ресторанов в Петербурге» содержит явную привязку к городу.,True,FITNESSBAR Санкт-Петербург обзор | FunCity Санкт-Петербург обзор | Happy City Санкт-Петербург обзор | Viva mare Санкт-Петербург обзор | Адмиралтейский район кафе обзор | Василеостровский район кафе обзор | Колпинский район кафе обзор | Комендантский проспект кафе обзор | Красногвардейский район кафе обзор | Красносельский район кафе обзор | Кронштадт кафе обзор | Купчино кафе обзор | Курортный район кафе обзор | Лахта кафе обзор | Озерки кафе обзор | Петербург рекомендации | Петергоф кафе обзор | Петроградка кафе обзор | Петроградский район кафе обзор | Петродворцовый район кафе обзор | Петродворцовый район обзор мест | Приморский район кафе обзор | СПб куда сходить | СПб новые места | Сестрорецк кафе обзор | Фрунзенский район кафе обзор | Центральный район кафе обзор | Шушары кафе обзор | афиша Питер shorts | йога Санкт-Петербург обзор | кафе СПб блогер | кафе Санкт-Петербург обзор | кондитерские Санкт-Петербург обзор | кофейни СПб блогер | кофейни Санкт-Петербург обзор | лучшие йога Петербург | лучшие кафе Петербург | лучшие кофейни Петербург | лучшие отели Петербург | лучшие рестораны Петербург | лучшие стритфуд Петербург | рестораны СПб блогер | рестораны Санкт-Петербург обзор | стритфуд СПб блогер | стритфуд Санкт-Петербург обзор,2026-08-23T13:24:15.218433+00:00
1811ed6504b29a87c255,"Библиотека им. М.Е. Салтыкова-Щедрина, СПб",youtube,https://www.youtube.com/@saltykovka,saltykovka,Санкт-Петербург,363,nano,manual_only,original_profile_opened,https://www.youtube.com/@saltykovka,https://www.youtube.com/results?search_query=%D0%9F%D1%80%D0%B8%D0%BC%D0%BE%D1%80%D1%81%D0%BA%D0%B8%D0%B9+%D1%80%D0%B0%D0%B9%D0%BE%D0%BD+%D0%BA%D1%83%D0%B4%D0%B0+%D1%81%D1%85%D0%BE%D0%B4%D0%B8%D1%82%D1%8C&hl=ru,https://www.youtube.com/watch?v=P6nGLiSATQA,Видео «Достопримечательности Приморского района Санкт-Петербурга» содержит явную привязку к городу.,False,Приморский район куда сходить,2026-08-23T13:24:36.948811+00:00
d73318cc850c21625d48,Библиотека Риэлтора,youtube,https://www.youtube.com/@Rialtor,Rialtor,Санкт-Петербург,18200,micro,manual_only,original_profile_opened,https://www.youtube.com/@Rialtor,https://www.youtube.com/results?search_query=%D0%9F%D0%B5%D1%82%D0%B5%D1%80%D0%B1%D1%83%D1%80%D0%B3+%D1%80%D0%B5%D0%BA%D0%BE%D0%BC%D0%B5%D0%BD%D0%B4%D0%B0%D1%86%D0%B8%D0%B8&hl=ru,https://www.youtube.com/watch?v=MnI_2A7XqvY,Видео «Советы по ПЕРЕЕЗДУ В ПИТЕР! | С чего НАЧАТЬ и чего ИЗБЕГАТЬ?» содержит явную привязку к городу.,True,Джи Клиник Санкт-Петербург обзор | Петербург рекомендации | образование Санкт-Петербург обзор | школы Санкт-Петербург обзор,2026-08-23T13:24:14.465556+00:00
4fe54df1ccb491f8ac18,бислик,youtube,https://www.youtube.com/@bysl1kk,bysl1kk,Санкт-Петербург,18700,micro,manual_only,original_profile_opened,https://www.youtube.com/@bysl1kk,https://www.youtube.com/results?search_query=%D0%BA%D0%BE%D0%BD%D1%86%D0%B5%D1%80%D1%82%D1%8B+%D0%A1%D0%9F%D0%B1+%D0%B1%D0%BB%D0%BE%D0%B3%D0%B5%D1%80&hl=ru,https://www.youtube.com/watch?v=1Tave_5WebQ,Видео «КОНЦЕРТ КОКОШКИ В СПБ» содержит явную привязку к городу.,False,концерты СПб блогер,2026-08-23T13:24:58.912544+00:00
c9f12d0ec0978fddb6a6,БИЭМ Москва,youtube,https://www.youtube.com/@%D0%91%D0%98%D0%AD%D0%9C%D0%9C%D0%BE%D1%81%D0%BA%D0%B2%D0%B0,%D0%91%D0%98%D0%AD%D0%9C%D0%9C%D0%BE%D1%81%D0%BA%D0%B2%D0%B0,Санкт-Петербург,419,nano,manual_only,original_profile_opened,https://www.youtube.com/@%D0%91%D0%98%D0%AD%D0%9C%D0%9C%D0%BE%D1%81%D0%BA%D0%B2%D0%B0,https://www.youtube.com/results?search_query=%D1%81%D1%82%D0%BE%D0%BC%D0%B0%D1%82%D0%BE%D0%BB%D0%BE%D0%B3%D0%B8%D0%B8+%D0%A1%D0%B0%D0%BD%D0%BA%D1%82-%D0%9F%D0%B5%D1%82%D0%B5%D1%80%D0%B1%D1%83%D1%80%D0%B3+%D0%BE%D0%B1%D0%B7%D0%BE%D1%80&hl=ru,https://www.youtube.com/watch?v=r0H-u8zKiqI,Видео «Стоматология в клинике БИЭМ Санкт-Петербург» содержит явную привязку к городу.,False,стоматологии Санкт-Петербург обзор | частные клиники Санкт-Петербург обзор,2026-08-23T13:24:52.914228+00:00
05c0ca4fbbb3d8dc87a0,Блог турагента Релиз Тур,youtube,https://www.youtube.com/@blogturagent,blogturagent,Санкт-Петербург,10600,micro,manual_only,original_profile_opened,https://www.youtube.com/@blogturagent,https://www.youtube.com/results?search_query=%D0%9F%D0%B5%D1%82%D1%80%D0%BE%D0%B4%D0%B2%D0%BE%D1%80%D1%86%D0%BE%D0%B2%D1%8B%D0%B9+%D1%80%D0%B0%D0%B9%D0%BE%D0%BD+%D0%A1%D0%B0%D0%BD%D0%BA%D1%82-%D0%9F%D0%B5%D1%82%D0%B5%D1%80%D0%B1%D1%83%D1%80%D0%B3+%D0%B1%D0%BB%D0%BE%D0%B3&hl=ru,https://www.youtube.com/watch?v=5Z5F0Ur4wfY,"Видео «Мы в ШОКЕ от ПЕТРОГРАДКИ! Летний САНКТ-ПЕТЕРБУРГ, обзор города, полезные советы туристам» содержит явную привязку к городу.",False,Петродворцовый район Санкт-Петербург блог,2026-08-23T13:24:35.394202+00:00
9f5efe033fa4288bc373,Блог Юрца,youtube,https://www.youtube.com/@blog_yurca,blog_yurca,Санкт-Петербург,334,nano,manual_only,original_profile_opened,https://www.youtube.com/@blog_yurca,https://www.youtube.com/results?search_query=%D0%9F%D0%B5%D1%82%D1%80%D0%BE%D0%B3%D1%80%D0%B0%D0%B4%D0%BA%D0%B0+%D0%A1%D0%B0%D0%BD%D0%BA%D1%82-%D0%9F%D0%B5%D1%82%D0%B5%D1%80%D0%B1%D1%83%D1%80%D0%B3+%D0%B1%D0%BB%D0%BE%D0%B3&hl=ru,https://www.youtube.com/watch?v=N9yjGs54DKo,Видео «Отпуск в СПБ. День №1. Блог Юрца» содержит явную привязку к городу.,False,Петроградка Санкт-Петербург блог,2026-08-23T13:24:45.278026+00:00
5f2bc4104d64faa81ef6,БЛОГЕР БН,youtube,https://www.youtube.com/@bloggerbnlive,bloggerbnlive,Санкт-Петербург,89100,micro,manual_only,original_profile_opened,https://www.youtube.com/@bloggerbnlive,https://www.youtube.com/results?search_query=%D0%9F%D0%B5%D1%82%D0%B5%D1%80%D0%B1%D1%83%D1%80%D0%B3+%D0%B1%D0%BB%D0%BE%D0%B3%D0%B5%D1%80&hl=ru,https://www.youtube.com/watch?v=lz4iDT-o1Cc,Видео «Наконец-то мы летим в Санкт-Петербург | Блогер БН » содержит явную привязку к городу.,False,Петербург блогер,2026-08-23T13:24:13.427981+00:00
7794fb682281637a0b49,Блондинка по Фрейду //  Катя,youtube,https://www.youtube.com/@katusha_papina,katusha_papina,Санкт-Петербург,66800,micro,manual_only,original_profile_opened,https://www.youtube.com/@katusha_papina,https://www.youtube.com/results?search_query=%D0%9F%D0%B5%D1%82%D0%B5%D1%80%D0%B1%D1%83%D1%80%D0%B3+%D0%B3%D0%BE%D1%80%D0%BE%D0%B4%D1%81%D0%BA%D0%BE%D0%B9+%D0%B1%D0%BB%D0%BE%D0%B3&hl=ru,https://www.youtube.com/watch?v=8B1qsUlCFdE,Видео «влог: ПЕРЕЕХАЛА ОДНА В ПИТЕР» содержит явную привязку к городу.,False,Петербург городской блог,2026-08-23T13:24:14.210998+00:00
b6b446e4c74489ef3f8c,БОМБАСТЕР,youtube,https://www.youtube.com/@%D0%91%D0%BE%D0%BC%D0%B1%D0%B0%D1%81%D1%82%D0%B5%D1%80%D0%9B%D0%B0%D0%B9%D0%B2,%D0%91%D0%BE%D0%BC%D0%B1%D0%B0%D1%81%D1%82%D0%B5%D1%80%D0%9B%D0%B0%D0%B9%D0%B2,Санкт-Петербург,84300,micro,manual_only,original_profile_opened,https://www.youtube.com/@%D0%91%D0%BE%D0%BC%D0%B1%D0%B0%D1%81%D1%82%D0%B5%D1%80%D0%9B%D0%B0%D0%B9%D0%B2,https://www.youtube.com/results?search_query=%D0%BA%D0%BE%D0%BD%D1%86%D0%B5%D1%80%D1%82%D1%8B+%D0%A1%D0%9F%D0%B1+%D0%B1%D0%BB%D0%BE%D0%B3%D0%B5%D1%80&hl=ru,https://www.youtube.com/watch?v=J5kXt_MrfnE,"Видео «КОНЦЕРТ МАФАНИ В САНКТ-ПЕТЕРБУРГЕ / ИЗМЕНА ВЛАДА ""КЛЁВЫЕ МАШИНЫ""» содержит явную привязку к городу.",False,концерты СПб блогер,2026-08-23T13:24:58.978325+00:00
404cee6f67c8303d7523,Борис Карпов,youtube,https://www.youtube.com/@uniproft,uniproft,Санкт-Петербург,30,nano,manual_only,original_profile_opened,https://www.youtube.com/@uniproft,https://www.youtube.com/results?search_query=%D0%9A%D0%B0%D0%BB%D0%B8%D0%BD%D0%B8%D0%BD%D1%81%D0%BA%D0%B8%D0%B9+%D1%80%D0%B0%D0%B9%D0%BE%D0%BD+%D1%81%D0%B5%D0%BC%D0%B5%D0%B9%D0%BD%D1%8B%D0%B9+%D0%BE%D0%B1%D0%B7%D0%BE%D1%80&hl=ru,https://www.youtube.com/watch?v=q_K4uJFSZ-s,Видео «Калининский район Санкт-Петербурга.avi» содержит явную привязку к городу.,False,Калининский район Санкт-Петербург блог | Калининский район обзор мест | Калининский район семейный обзор,2026-08-23T13:24:27.427883+00:00
6ad29b4aa1d001457fb5,Босс без бабос,youtube,https://www.youtube.com/@boss_bb,boss_bb,Санкт-Петербург,1980,nano,manual_only,original_profile_opened,https://www.youtube.com/@boss_bb,https://www.youtube.com/results?search_query=%D0%BB%D1%83%D1%87%D1%88%D0%B8%D0%B5+%D1%84%D0%B8%D1%82%D0%BD%D0%B5%D1%81+%D0%9F%D0%B5%D1%82%D0%B5%D1%80%D0%B1%D1%83%D1%80%D0%B3&hl=ru,https://www.youtube.com/watch?v=it4-ntoKb4Q,Видео «Питер / Фитнес Клуб LiveBody / Босс без бабос» содержит явную привязку к городу.,False,лучшие фитнес Петербург,2026-08-23T13:24:52.293498+00:00
714f7c13dd291b8fd711,Братья Гримм - детские праздники,youtube,https://www.youtube.com/@b-grimm,b-grimm,Санкт-Петербург,576,nano,manual_only,original_profile_opened,https://www.youtube.com/@b-grimm,https://www.youtube.com/results?search_query=%D0%B4%D0%B5%D1%82%D1%81%D0%BA%D0%B8%D0%B5+%D0%BF%D1%80%D0%B0%D0%B7%D0%B4%D0%BD%D0%B8%D0%BA%D0%B8+%D0%A1%D0%9F%D0%B1+%D0%B1%D0%BB%D0%BE%D0%B3%D0%B5%D1%80&hl=ru,https://www.youtube.com/watch?v=KQEmi6v3pOs,Видео «Братья Гримм детские праздники в Санкт-Петербурге» содержит явную привязку к городу.,False,детские праздники СПб блогер | лучшие детские праздники Петербург,2026-08-23T13:24:54.839079+00:00
fe3b83ec8be4fb91cc57,БригадаПроф,youtube,https://www.youtube.com/@brigadaprof,brigadaprof,Санкт-Петербург,872,nano,manual_only,original_profile_opened,https://www.youtube.com/@brigadaprof,https://www.youtube.com/results?search_query=%D0%A2%D1%80%D0%B8+%D0%B2%D0%B5%D1%82%D1%80%D0%B0+%D0%B6%D0%B8%D0%BB%D0%BE%D0%B9+%D0%BA%D0%BE%D0%BC%D0%BF%D0%BB%D0%B5%D0%BA%D1%81+%D0%A1%D0%B0%D0%BD%D0%BA%D1%82-%D0%9F%D0%B5%D1%82%D0%B5%D1%80%D0%B1%D1%83%D1%80%D0%B3+%D0%BE%D0%B1%D0%B7%D0%BE%D1%80&hl=ru,https://www.youtube.com/watch?v=a7Vd1nDgIf4,Видео «ЖК Три Ветра / Обзор квартиры в новостройке СПБ» содержит явную привязку к городу.,True,Три ветра жилой комплекс Санкт-Петербург обзор,2026-08-23T13:24:24.506053+00:00
cb123b7dc33e828e291c,БУБИН ИВЕНТ,youtube,https://www.youtube.com/@bubinevents464,bubinevents464,Санкт-Петербург,48,nano,manual_only,original_profile_opened,https://www.youtube.com/@bubinevents464,https://www.youtube.com/results?search_query=%D0%9F%D0%B5%D1%80%D0%B2%D0%B0%D1%8F+%D1%81%D0%B5%D0%BC%D0%B5%D0%B9%D0%BD%D0%B0%D1%8F+%D0%BA%D0%BB%D0%B8%D0%BD%D0%B8%D0%BA%D0%B0+%D0%9F%D0%B5%D1%82%D0%B5%D1%80%D0%B1%D1%83%D1%80%D0%B3%D0%B0+%D0%A1%D0%B0%D0%BD%D0%BA%D1%82-%D0%9F%D0%B5%D1%82%D0%B5%D1%80%D0%B1%D1%83%D1%80%D0%B3+%D0%BE%D0%B1%D0%B7%D0%BE%D1%80&hl=ru,https://www.youtube.com/watch?v=sv9zn1LKTz0,Видео «Имиджевый видеоролик для «Первой семейной клиники Петербурга» по направлению «флебология»» содержит явную привязку к городу.,True,Первая семейная клиника Петербурга Санкт-Петербург обзор,2026-08-23T13:24:23.979492+00:00
6f687384ae3826bdbcdf,Будни риелтора,youtube,https://www.youtube.com/@agentessa,agentessa,Санкт-Петербург,3240,nano,manual_only,original_profile_opened,https://www.youtube.com/@agentessa,https://www.youtube.com/results?search_query=%D0%92%D0%B0%D1%81%D0%B8%D0%BB%D0%B5%D0%BE%D1%81%D1%82%D1%80%D0%BE%D0%B2%D1%81%D0%BA%D0%B8%D0%B9+%D1%80%D0%B0%D0%B9%D0%BE%D0%BD+%D0%BA%D1%83%D0%B4%D0%B0+%D1%81%D1%85%D0%BE%D0%B4%D0%B8%D1%82%D1%8C&hl=ru,https://www.youtube.com/watch?v=O_tTB2jbgRM,Видео «Где прогуляться и покушать на Васильевском острове в Санкт-Петербурге.» содержит явную привязку к городу.,False,Василеостровский район куда сходить | Комендантский проспект семейный обзор | Кудрово Санкт-Петербург блог | Кудрово обзор мест | Кудрово семейный обзор | Фрунзенский район семейный обзор,2026-08-23T13:24:30.750281+00:00
5b5819a8789a8e18dee2,Будние Дни | Полина Будникова,youtube,https://www.youtube.com/@budniedni,budniedni,Санкт-Петербург,1120,nano,manual_only,original_profile_opened,https://www.youtube.com/@budniedni,https://www.youtube.com/results?search_query=%D0%A1%D0%B5%D1%81%D1%82%D1%80%D0%BE%D1%80%D0%B5%D1%86%D0%BA+%D1%81%D0%B5%D0%BC%D0%B5%D0%B9%D0%BD%D1%8B%D0%B9+%D0%BE%D0%B1%D0%B7%D0%BE%D1%80&hl=ru,https://www.youtube.com/watch?v=BskZzE3KRUU,"Видео «Это не похоже на Петербург | Обзор ЖК в Сестрорецке | Берег Курортный, Мир Внутри» содержит явную привязку к городу.",False,Сестрорецк семейный обзор,2026-08-23T13:24:43.512469+00:00
eb605906bc7a5e5ceebf,Будь! Здоров!,youtube,https://www.youtube.com/@%D0%91%D1%83%D0%B4%D1%8C%D0%97%D0%B4%D0%BE%D1%80%D0%BE%D0%B2-%D1%862%D0%BB,%D0%91%D1%83%D0%B4%D1%8C%D0%97%D0%B4%D0%BE%D1%80%D0%BE%D0%B2-%D1%862%D0%BB,Санкт-Петербург,1660,nano,manual_only,original_profile_opened,https://www.youtube.com/@%D0%91%D1%83%D0%B4%D1%8C%D0%97%D0%B4%D0%BE%D1%80%D0%BE%D0%B2-%D1%862%D0%BB,https://www.youtube.com/results?search_query=%D0%BB%D1%83%D1%87%D1%88%D0%B8%D0%B5+%D1%87%D0%B0%D1%81%D1%82%D0%BD%D1%8B%D0%B5+%D0%BA%D0%BB%D0%B8%D0%BD%D0%B8%D0%BA%D0%B8+%D0%9F%D0%B5%D1%82%D0%B5%D1%80%D0%B1%D1%83%D1%80%D0%B3&hl=ru,https://www.youtube.com/watch?v=OimZtwxWuso,Видео «Доктор Питер и Фонтанка объявят лучшие частные клиники города. А назовут и выберут их читатели» содержит явную привязку к городу.,False,лучшие частные клиники Петербург,2026-08-23T13:24:53.377783+00:00
4ae28f7e6c0872c566f6,Бумага. Петербург,youtube,https://www.youtube.com/@paperpapertv,paperpapertv,Санкт-Петербург,59500,micro,manual_only,original_profile_opened,https://www.youtube.com/@paperpapertv,https://www.youtube.com/results?search_query=%D0%B3%D0%BE%D1%80%D0%BE%D0%B4%D1%81%D0%BA%D0%B8%D0%B5+%D1%81%D0%BE%D0%B1%D1%8B%D1%82%D0%B8%D1%8F+%D0%A1%D0%B0%D0%BD%D0%BA%D1%82-%D0%9F%D0%B5%D1%82%D0%B5%D1%80%D0%B1%D1%83%D1%80%D0%B3+%D0%BE%D0%B1%D0%B7%D0%BE%D1%80&hl=ru,https://www.youtube.com/watch?v=K4xGJ02Btk0,Видео «Город стимуляторов: как новая эпидемия затягивает молодых на дно» содержит явную привязку к городу.,False,городские события Санкт-Петербург обзор,2026-08-23T13:25:00.099354+00:00
d69cf2e7cdda4b2acdb2,Быстро и Точка,youtube,https://www.youtube.com/@%D0%91%D1%8B%D1%81%D1%82%D1%80%D0%BE%D0%B8%D0%A2%D0%BE%D1%87%D0%BA%D0%B0-%D1%8F8%D1%8A,%D0%91%D1%8B%D1%81%D1%82%D1%80%D0%BE%D0%B8%D0%A2%D0%BE%D1%87%D0%BA%D0%B0-%D1%8F8%D1%8A,Санкт-Петербург,8,nano,manual_only,original_profile_opened,https://www.youtube.com/@%D0%91%D1%8B%D1%81%D1%82%D1%80%D0%BE%D0%B8%D0%A2%D0%BE%D1%87%D0%BA%D0%B0-%D1%8F8%D1%8A,https://www.youtube.com/results?search_query=%D0%9A%D1%83%D0%BF%D1%87%D0%B8%D0%BD%D0%BE+%D0%A1%D0%B0%D0%BD%D0%BA%D1%82-%D0%9F%D0%B5%D1%82%D0%B5%D1%80%D0%B1%D1%83%D1%80%D0%B3+%D0%B1%D0%BB%D0%BE%D0%B3&hl=ru,https://www.youtube.com/watch?v=JJLWuUvrNB8,Видео «Таксую в Купчино СПБ» содержит явную привязку к городу.,False,Купчино Санкт-Петербург блог,2026-08-23T13:24:40.207240+00:00
2619115df7918d728944,Бюллетень Недвижимости,youtube,https://www.youtube.com/@TheBnVideo,TheBnVideo,Санкт-Петербург,8410,nano,manual_only,original_profile_opened,https://www.youtube.com/@TheBnVideo,https://www.youtube.com/results?search_query=%D0%9C%D0%B5%D0%B4%D0%BD%D1%8B%D0%B9+%D0%92%D1%81%D0%B0%D0%B4%D0%BD%D0%B8%D0%BA+%D0%B6%D0%B8%D0%BB%D0%BE%D0%B9+%D0%BA%D0%BE%D0%BC%D0%BF%D0%BB%D0%B5%D0%BA%D1%81+%D0%A1%D0%B0%D0%BD%D0%BA%D1%82-%D0%9F%D0%B5%D1%82%D0%B5%D1%80%D0%B1%D1%83%D1%80%D0%B3+%D0%BE%D0%B1%D0%B7%D0%BE%D1%80&hl=ru,https://www.youtube.com/watch?v=6tlHX8C_el4,Видео «В ЖК «Медный всадник» в Петербурге дольщики принимают квартиры» содержит явную привязку к городу.,True,Красносельский район Санкт-Петербург блог | Медный Всадник жилой комплекс Санкт-Петербург обзор | Московский район Санкт-Петербург блог | Невский район Санкт-Петербург блог | Невский район обзор мест | Невский район семейный обзор | Приморский район Санкт-Петербург блог,2026-08-23T13:24:24.830448+00:00
ecbe7f5a659c39b94f5a,В гостях у Татьяны,youtube,https://www.youtube.com/@V_gostiax_y_Tatyana,V_gostiax_y_Tatyana,Санкт-Петербург,1290,nano,manual_only,original_profile_opened,https://www.youtube.com/@V_gostiax_y_Tatyana,https://www.youtube.com/results?search_query=%D0%94%D0%B5%D1%82%D1%81%D0%BA%D0%B8%D0%B9+%D0%BC%D0%B8%D1%80+%D0%A1%D0%B0%D0%BD%D0%BA%D1%82-%D0%9F%D0%B5%D1%82%D0%B5%D1%80%D0%B1%D1%83%D1%80%D0%B3+%D0%BE%D0%B1%D0%B7%D0%BE%D1%80&hl=ru,https://www.youtube.com/watch?v=8L7eyGRXP4M,Видео «Детский Мир в С.Петербурге #КУКЛЫ» содержит явную привязку к городу.,True,Детский мир Санкт-Петербург обзор,2026-08-23T13:24:16.867037+00:00
48bd15682cc151a496fa,В обнимку с Питером,youtube,https://www.youtube.com/@obnyatSPb,obnyatSPb,Санкт-Петербург,2650,nano,manual_only,original_profile_opened,https://www.youtube.com/@obnyatSPb,https://www.youtube.com/results?search_query=%D0%A1%D0%9F%D0%B1+%D0%BA%D1%83%D0%B4%D0%B0+%D1%81%D1%85%D0%BE%D0%B4%D0%B8%D1%82%D1%8C&hl=ru,https://www.youtube.com/watch?v=y03qqroMC_0,Видео «Куда сходить в Питере в 2024? СОВЕТЫ местной...» содержит явную привязку к городу.,True,Прибавление товары для детей Санкт-Петербург обзор | СПб куда сходить | Шушары куда сходить | лучшие детские центры Петербург,2026-08-23T13:24:14.953437+00:00
959709f3da2a6f68cbe8,В погоне ЗА НЕОБЫЧНЫМ,youtube,https://www.youtube.com/@RuWonders,RuWonders,Санкт-Петербург,69800,micro,manual_only,original_profile_opened,https://www.youtube.com/@RuWonders,https://www.youtube.com/results?search_query=%D0%A1%D0%9F%D0%B1+%D0%BD%D0%BE%D0%B2%D1%8B%D0%B5+%D0%BC%D0%B5%D1%81%D1%82%D0%B0&hl=ru,https://www.youtube.com/watch?v=IdAFRxo890A,Видео «Незаезженный САНКТ-ПЕТЕРБУРГ | Гид по секретным достопримечательностям и развлечениям Петербурга» содержит явную привязку к городу.,True,Петербург что посмотреть | ПироШоу СПб Санкт-Петербург обзор | Питер необычные места | СПб новые места | городские прогулки Санкт-Петербург обзор | городские события Санкт-Петербург обзор | лучшие городские прогулки Петербург | лучшие туризм Петербург | лучшие экскурсии Петербург | семейный досуг Санкт-Петербург обзор | туризм Санкт-Петербург обзор | экскурсии Санкт-Петербург обзор,2026-08-23T13:24:15.433240+00:00
127bcdae3c36423ce215,В Поисках Контента,youtube,https://www.youtube.com/@vpkDen,vpkDen,Санкт-Петербург,2580,nano,manual_only,original_profile_opened,https://www.youtube.com/@vpkDen,https://www.youtube.com/results?search_query=%D0%9D%D0%BE%D0%B2%D0%B0%D1%8F+%D0%93%D0%BE%D0%BB%D0%BB%D0%B0%D0%BD%D0%B4%D0%B8%D1%8F+%D1%81%D0%B5%D0%BC%D0%B5%D0%B9%D0%BD%D1%8B%D0%B9+%D0%BE%D0%B1%D0%B7%D0%BE%D1%80&hl=ru,https://www.youtube.com/watch?v=3QbZCAxCBsU,Видео «Санкт-Петербург №11. Новая Голландия. Прогулка по берегу Невы. Заключительная серия. СПБ.» содержит явную привязку к городу.,False,Новая Голландия семейный обзор,2026-08-23T13:24:47.030704+00:00
ccfdb62062f51a7d257a,В путешествии,youtube,https://www.youtube.com/@intraveling,intraveling,Санкт-Петербург,1390,nano,manual_only,original_profile_opened,https://www.youtube.com/@intraveling,https://www.youtube.com/results?search_query=Oceankid+%D0%A1%D0%B0%D0%BD%D0%BA%D1%82-%D0%9F%D0%B5%D1%82%D0%B5%D1%80%D0%B1%D1%83%D1%80%D0%B3+%D0%BE%D0%B1%D0%B7%D0%BE%D1%80&hl=ru,https://www.youtube.com/watch?v=fKEBap1Ep1Y,Видео «Океанариум Санкт Петербург видео 4K - Океанариум СПБ БОЛЬШОЙ ОБЗОР» содержит явную привязку к городу.,True,Oceankid Санкт-Петербург обзор,2026-08-23T13:24:21.786873+00:00
7116d9500fcaf52a7aea,В.В. Пукин,youtube,https://www.youtube.com/@%D0%92.%D0%92.%D0%9F%D1%83%D0%BA%D0%B8%D0%BD-%D0%B76%D0%B7,%D0%92.%D0%92.%D0%9F%D1%83%D0%BA%D0%B8%D0%BD-%D0%B76%D0%B7,Санкт-Петербург,110,nano,manual_only,original_profile_opened,https://www.youtube.com/@%D0%92.%D0%92.%D0%9F%D1%83%D0%BA%D0%B8%D0%BD-%D0%B76%D0%B7,https://www.youtube.com/results?search_query=%D0%9E%D0%B7%D0%B5%D1%80%D0%BA%D0%B8+%D0%A1%D0%B0%D0%BD%D0%BA%D1%82-%D0%9F%D0%B5%D1%82%D0%B5%D1%80%D0%B1%D1%83%D1%80%D0%B3+%D0%B1%D0%BB%D0%BE%D0%B3&hl=ru,https://www.youtube.com/watch?v=ZomGWtzXuoQ,"Видео «Фок ""баня в Озерках"" (Ул. Большая Озёрная, д. 84, СПб)» содержит явную привязку к городу.",False,Озерки Санкт-Петербург блог,2026-08-23T13:24:38.912152+00:00
8d4cf9659aeb1bf10abf,ВАЙБ НОВОСТРОЕК - АГЕНТСТВО НЕДВИЖИМОСТИ,youtube,https://www.youtube.com/@vibenovostroek,vibenovostroek,Санкт-Петербург,507,nano,manual_only,original_profile_opened,https://www.youtube.com/@vibenovostroek,https://www.youtube.com/results?search_query=%D0%9C%D1%83%D1%80%D0%B8%D0%BD%D0%BE+%D0%A1%D0%B0%D0%BD%D0%BA%D1%82-%D0%9F%D0%B5%D1%82%D0%B5%D1%80%D0%B1%D1%83%D1%80%D0%B3+%D0%B1%D0%BB%D0%BE%D0%B3&hl=ru,https://www.youtube.com/watch?v=V2UxpBpDZ0I,Видео «МУРИНО - ИЗ ГЕТТО в лучший район ПИТЕРА / Вся правда» содержит явную привязку к городу.,False,Мурино Санкт-Петербург блог | Мурино обзор мест,2026-08-23T13:24:37.367569+00:00
8f3c5795b29b12ee70b7,Валентина Михайлова,youtube,https://www.youtube.com/@mihvalentina,mihvalentina,Санкт-Петербург,718,nano,manual_only,original_profile_opened,https://www.youtube.com/@mihvalentina,https://www.youtube.com/results?search_query=%D0%BB%D1%83%D1%87%D1%88%D0%B8%D0%B5+%D0%BA%D0%BE%D1%84%D0%B5%D0%B9%D0%BD%D0%B8+%D0%9F%D0%B5%D1%82%D0%B5%D1%80%D0%B1%D1%83%D1%80%D0%B3&hl=ru,https://www.youtube.com/watch?v=DLEXGoP4Osg,"Видео «ГастроПитер | Куда сходить в Санкт-Петербурге? | Кафе, бары, рестораны, достопримечательности Питера» содержит явную привязку к городу.",False,лучшие кофейни Петербург,2026-08-23T13:24:50.222067+00:00
f94a6d78f0f16b97bd58,Валери лайт,youtube,https://www.youtube.com/@valerilite,valerilite,Санкт-Петербург,30600,micro,manual_only,original_profile_opened,https://www.youtube.com/@valerilite,https://www.youtube.com/results?search_query=%D0%BC%D0%B0%D1%81%D1%81%D0%B0%D0%B6+%D0%B8+SPA+%D0%A1%D0%9F%D0%B1+%D0%B1%D0%BB%D0%BE%D0%B3%D0%B5%D1%80&hl=ru,https://www.youtube.com/watch?v=7fiiP2JbLK8,"Видео «Самое красивое и магическое спа для волос, головы и тела #питер #спа» содержит явную привязку к городу.",False,массаж и SPA СПб блогер | массаж и SPA Санкт-Петербург обзор,2026-08-23T13:24:52.286905+00:00
b366486adbdbb7404626,Валерий Дыма,youtube,https://www.youtube.com/@valeriidyma,valeriidyma,Санкт-Петербург,16500,micro,manual_only,original_profile_opened,https://www.youtube.com/@valeriidyma,https://www.youtube.com/results?search_query=%D0%B4%D0%B5%D1%82%D1%81%D0%BA%D0%B8%D0%B5+%D1%86%D0%B5%D0%BD%D1%82%D1%80%D1%8B+%D0%A1%D0%B0%D0%BD%D0%BA%D1%82-%D0%9F%D0%B5%D1%82%D0%B5%D1%80%D0%B1%D1%83%D1%80%D0%B3+%D0%BE%D0%B1%D0%B7%D0%BE%D1%80&hl=ru,https://www.youtube.com/watch?v=9feuDaxhqRg,Видео «Новый парк в ТЦ Голливуд ВЗОРВАЛ МОЗГ 🤯| Обзор Teika Boom ТЦ ГОЛЛИВУД» содержит явную привязку к городу.,False,детские центры Санкт-Петербург обзор,2026-08-23T13:24:53.693973+00:00
876ff6c391ab46417638,Ватек Россия (VATECH Russia),youtube,https://www.youtube.com/@vatecheurasia,vatecheurasia,Санкт-Петербург,3400,nano,manual_only,original_profile_opened,https://www.youtube.com/@vatecheurasia,https://www.youtube.com/results?search_query=%D1%81%D1%82%D0%BE%D0%BC%D0%B0%D1%82%D0%BE%D0%BB%D0%BE%D0%B3%D0%B8%D0%B8+%D0%A1%D0%B0%D0%BD%D0%BA%D1%82-%D0%9F%D0%B5%D1%82%D0%B5%D1%80%D0%B1%D1%83%D1%80%D0%B3+%D0%BE%D0%B1%D0%B7%D0%BE%D1%80&hl=ru,https://www.youtube.com/watch?v=KlVMl3RH4EQ,Видео «Диагностический центр Vatech в Санкт-Петербурге! Часть 1🫶🏻 #стоматология #vatech #зубы» содержит явную привязку к городу.,False,стоматологии Санкт-Петербург обзор,2026-08-23T13:24:52.981005+00:00
70f2041a63c638767103,Ваш странник,youtube,https://www.youtube.com/@Vash_Strannik,Vash_Strannik,Санкт-Петербург,74200,micro,manual_only,original_profile_opened,https://www.youtube.com/@Vash_Strannik,https://www.youtube.com/results?search_query=%D0%9A%D1%83%D0%BF%D1%87%D0%B8%D0%BD%D0%BE+%D0%BA%D1%83%D0%B4%D0%B0+%D1%81%D1%85%D0%BE%D0%B4%D0%B8%D1%82%D1%8C&hl=ru,https://www.youtube.com/watch?v=HQ7499DARlo,Видео «Крематорий Санкт-Петербурга. Обзорная экскурсия. часть 1 . #история #санктпетербург #крематорий» содержит явную привязку к городу.,False,Купчино куда сходить,2026-08-23T13:24:42.617039+00:00
253566b826bf7aed8429,Ваша GavAnna,youtube,https://www.youtube.com/@%D0%A0%D1%8B%D0%B6%D0%B0%D1%8F%D0%B8%D0%B7%D0%9F%D0%98%D0%A2%D0%95%D0%A0%D0%90,%D0%A0%D1%8B%D0%B6%D0%B0%D1%8F%D0%B8%D0%B7%D0%9F%D0%98%D0%A2%D0%95%D0%A0%D0%90,Санкт-Петербург,841,nano,manual_only,original_profile_opened,https://www.youtube.com/@%D0%A0%D1%8B%D0%B6%D0%B0%D1%8F%D0%B8%D0%B7%D0%9F%D0%98%D0%A2%D0%95%D0%A0%D0%90,https://www.youtube.com/results?search_query=%D0%A4%D1%80%D1%83%D0%BD%D0%B7%D0%B5%D0%BD%D1%81%D0%BA%D0%B8%D0%B9+%D1%80%D0%B0%D0%B9%D0%BE%D0%BD+%D0%A1%D0%B0%D0%BD%D0%BA%D1%82-%D0%9F%D0%B5%D1%82%D0%B5%D1%80%D0%B1%D1%83%D1%80%D0%B3+%D0%B1%D0%BB%D0%BE%D0%B3&hl=ru,https://www.youtube.com/watch?v=W-xsf8kFMYE,Видео «Яблоневый сад/Фрунзенский/Спальный район Питера #спальныйрайон #питер #яблоневыйсад» содержит явную привязку к городу.,False,Фрунзенский район Санкт-Петербург блог | Фрунзенский район обзор мест,2026-08-23T13:24:36.567219+00:00
57d9242e6efbeacafe79,ВДУМЫЧ,youtube,https://www.youtube.com/@%D0%92%D0%94%D0%A3%D0%9C%D0%AB%D0%A7,%D0%92%D0%94%D0%A3%D0%9C%D0%AB%D0%A7,Санкт-Петербург,404,nano,manual_only,original_profile_opened,https://www.youtube.com/@%D0%92%D0%94%D0%A3%D0%9C%D0%AB%D0%A7,https://www.youtube.com/results?search_query=%D0%9A%D1%80%D0%B0%D1%81%D0%BD%D0%BE%D1%81%D0%B5%D0%BB%D1%8C%D1%81%D0%BA%D0%B8%D0%B9+%D1%80%D0%B0%D0%B9%D0%BE%D0%BD+%D0%BE%D0%B1%D0%B7%D0%BE%D1%80+%D0%BC%D0%B5%D1%81%D1%82&hl=ru,https://www.youtube.com/watch?v=C41OM__i0Wo,"Видео «От Доблести до ""Бреста"" живого нету места, Красносельский район Санкт Петербург. полная версия» содержит явную привязку к городу.",False,Красносельский район Санкт-Петербург блог | Красносельский район куда сходить | Красносельский район обзор мест,2026-08-23T13:24:33.131625+00:00
3b64f491d3d8e8dddee2,Вежливый Строитель Дизайн и ремонт квартир,youtube,https://www.youtube.com/@%D0%92%D0%B5%D0%B6%D0%BB%D0%B8%D0%B2%D1%8B%D0%B9%D0%A1%D1%82%D1%80%D0%BE%D0%B8%D1%82%D0%B5%D0%BB%D1%8C%D0%94%D0%B8%D0%B7%D0%B0%D0%B9%D0%BD%D0%B8%D1%80%D0%B5%D0%BC%D0%BE%D0%BD%D1%82,%D0%92%D0%B5%D0%B6%D0%BB%D0%B8%D0%B2%D1%8B%D0%B9%D0%A1%D1%82%D1%80%D0%BE%D0%B8%D1%82%D0%B5%D0%BB%D1%8C%D0%94%D0%B8%D0%B7%D0%B0%D0%B9%D0%BD%D0%B8%D1%80%D0%B5%D0%BC%D0%BE%D0%BD%D1%82,Санкт-Петербург,83,nano,manual_only,original_profile_opened,https://www.youtube.com/@%D0%92%D0%B5%D0%B6%D0%BB%D0%B8%D0%B2%D1%8B%D0%B9%D0%A1%D1%82%D1%80%D0%BE%D0%B8%D1%82%D0%B5%D0%BB%D1%8C%D0%94%D0%B8%D0%B7%D0%B0%D0%B9%D0%BD%D0%B8%D1%80%D0%B5%D0%BC%D0%BE%D0%BD%D1%82,https://www.youtube.com/results?search_query=%D0%B1%D0%B0%D1%80%D0%B1%D0%B5%D1%80%D1%88%D0%BE%D0%BF%D1%8B+%D0%A1%D0%B0%D0%BD%D0%BA%D1%82-%D0%9F%D0%B5%D1%82%D0%B5%D1%80%D0%B1%D1%83%D1%80%D0%B3+%D0%BE%D0%B1%D0%B7%D0%BE%D1%80&hl=ru,https://www.youtube.com/watch?v=OJf3O-K6jtk,Видео «Отделка барбершопа в СПб | Интервью с клиентом и обзор» содержит явную привязку к городу.,False,барбершопы Санкт-Петербург обзор,2026-08-23T13:24:51.081910+00:00
9fcb999b088ec8939b16,Ветер Геленджика,youtube,https://www.youtube.com/@wind_wind,wind_wind,Санкт-Петербург,7670,nano,manual_only,original_profile_opened,https://www.youtube.com/@wind_wind,https://www.youtube.com/results?search_query=%D0%B3%D0%BE%D1%80%D0%BE%D0%B4%D1%81%D0%BA%D0%B8%D0%B5+%D0%BF%D1%80%D0%BE%D0%B3%D1%83%D0%BB%D0%BA%D0%B8+%D0%A1%D0%B0%D0%BD%D0%BA%D1%82-%D0%9F%D0%B5%D1%82%D0%B5%D1%80%D0%B1%D1%83%D1%80%D0%B3+%D0%BE%D0%B1%D0%B7%D0%BE%D1%80&hl=ru,https://www.youtube.com/watch?v=Ccm2YzAC9EY,Видео «САНКТ-ПЕТЕРБУРГ... обзор города за 30 минут... июнь 2018...» содержит явную привязку к городу.,False,городские прогулки Санкт-Петербург обзор,2026-08-23T13:25:02.724619+00:00
045b61e4959e4a36b71a,Видео прогулки по Петербургу с Филиппом,youtube,https://www.youtube.com/@filippmiller1,filippmiller1,Санкт-Петербург,817,nano,manual_only,original_profile_opened,https://www.youtube.com/@filippmiller1,https://www.youtube.com/results?search_query=%D0%9A%D0%BE%D0%BC%D0%B5%D0%BD%D0%B4%D0%B0%D0%BD%D1%82%D1%81%D0%BA%D0%B8%D0%B9+%D0%BF%D1%80%D0%BE%D1%81%D0%BF%D0%B5%D0%BA%D1%82+%D0%A1%D0%B0%D0%BD%D0%BA%D1%82-%D0%9F%D0%B5%D1%82%D0%B5%D1%80%D0%B1%D1%83%D1%80%D0%B3+%D0%B1%D0%BB%D0%BE%D0%B3&hl=ru,https://www.youtube.com/watch?v=EL-t1YodC78,Видео «Ночная прогулка по спальному Санкт-Петербургу рн Приморский  Долгозёрная пр Королёва Комендантский» содержит явную привязку к городу.,False,Комендантский проспект Санкт-Петербург блог,2026-08-23T13:24:39.734563+00:00
1be72ebf529a528a1c27,Виктор Козлов,youtube,https://www.youtube.com/@Viktorkozlovspb,Viktorkozlovspb,Санкт-Петербург,809,nano,manual_only,original_profile_opened,https://www.youtube.com/@Viktorkozlovspb,https://www.youtube.com/results?search_query=%D0%B1%D0%B5%D0%B3+%D0%A1%D0%9F%D0%B1+%D0%B1%D0%BB%D0%BE%D0%B3%D0%B5%D1%80&hl=ru,https://www.youtube.com/watch?v=I3Sjr1KA5l8,Видео «Арена марафон 2020 Санкт-Петербург. Мой первый полумарафон. Pushkin Run.» содержит явную привязку к городу.,False,бег СПб блогер,2026-08-23T13:25:05.568158+00:00
5a6e7eaa6dd487d4b30f,Виктор Тарасов | Путешествие в Историю,youtube,https://www.youtube.com/@tarassof,tarassof,Санкт-Петербург,195000,mid,manual_only,original_profile_opened,https://www.youtube.com/@tarassof,https://www.youtube.com/results?search_query=%D0%92%D0%B0%D1%81%D0%B8%D0%BB%D1%8C%D0%B5%D0%B2%D1%81%D0%BA%D0%B8%D0%B9+%D0%BE%D1%81%D1%82%D1%80%D0%BE%D0%B2+%D0%BE%D0%B1%D0%B7%D0%BE%D1%80+%D0%BC%D0%B5%D1%81%D1%82&hl=ru,https://www.youtube.com/watch?v=PxB9RSRrdpI,"Видео «Санкт-Петербург, Исторические путеществия - Васильевский остров, любимое детище Петра Великого» содержит явную привязку к городу.",False,Васильевский остров обзор мест,2026-08-23T13:24:45.654159+00:00
0ca726bad546cc38d430,Виктория Шапиро,youtube,https://www.youtube.com/@Pobeda-00,Pobeda-00,Санкт-Петербург,813,nano,manual_only,original_profile_opened,https://www.youtube.com/@Pobeda-00,https://www.youtube.com/results?search_query=%D0%B4%D0%B5%D1%82%D1%81%D0%BA%D0%B8%D0%B5+%D1%86%D0%B5%D0%BD%D1%82%D1%80%D1%8B+%D0%A1%D0%B0%D0%BD%D0%BA%D1%82-%D0%9F%D0%B5%D1%82%D0%B5%D1%80%D0%B1%D1%83%D1%80%D0%B3+%D0%BE%D0%B1%D0%B7%D0%BE%D1%80&hl=ru,https://www.youtube.com/watch?v=1fz2GewgbHg,"Видео «ТРК ЛЕТО, дети в восторге от ИГРОВОЙ КОМНАТЫ «Joki Joya”. Санкт-Петербург. 29.03.2023» содержит явную привязку к городу.",False,детские центры Санкт-Петербург обзор,2026-08-23T13:24:53.614853+00:00
a70ab20c3444bfeb208b,Виолетта Макаренко,youtube,https://www.youtube.com/@Violetta_makarenko,Violetta_makarenko,Санкт-Петербург,3480,nano,manual_only,original_profile_opened,https://www.youtube.com/@Violetta_makarenko,https://www.youtube.com/results?search_query=%D0%A1%D0%9F%D0%B1+lifestyle+vlog&hl=ru,https://www.youtube.com/watch?v=Bir_ytWjbFE,Видео «Vlog Санкт-Петербург| Вернулась в СПб пожить| Лучшие рестораны|Шоппинг с подругой в ДЛТ|Покупки в ЗЯ» содержит явную привязку к городу.,False,СПб lifestyle vlog,2026-08-23T13:24:15.724824+00:00
ecb476f9e9547d918f41,Виталий Аксёнов,youtube,https://www.youtube.com/channel/UCOqZTRQiwaOhCXncKTG4kJA,UCOqZTRQiwaOhCXncKTG4kJA,Санкт-Петербург,184000,mid,manual_only,original_profile_opened,https://www.youtube.com/channel/UCOqZTRQiwaOhCXncKTG4kJA,https://www.youtube.com/results?search_query=%D0%BB%D1%83%D1%87%D1%88%D0%B8%D0%B5+%D0%BA%D0%BE%D0%BD%D1%86%D0%B5%D1%80%D1%82%D1%8B+%D0%9F%D0%B5%D1%82%D0%B5%D1%80%D0%B1%D1%83%D1%80%D0%B3&hl=ru,https://www.youtube.com/watch?v=NOthHYuEUa8,Видео «Большой сольный концерт Виталия Аксёнова г. Санкт-Петербург 2023» содержит явную привязку к городу.,False,лучшие концерты Петербург,2026-08-23T13:25:00.607510+00:00
585389ee0578d3dd6b9a,Виталий Питер,youtube,https://www.youtube.com/@vitalu_piter,vitalu_piter,Санкт-Петербург,71700,micro,manual_only,original_profile_opened,https://www.youtube.com/@vitalu_piter,https://www.youtube.com/results?search_query=%D0%9F%D1%80%D0%B8%D0%B1%D0%B0%D0%B2%D0%BB%D0%B5%D0%BD%D0%B8%D0%B5+%D1%82%D0%BE%D0%B2%D0%B0%D1%80%D1%8B+%D0%B4%D0%BB%D1%8F+%D0%B4%D0%B5%D1%82%D0%B5%D0%B9+%D0%A1%D0%B0%D0%BD%D0%BA%D1%82-%D0%9F%D0%B5%D1%82%D0%B5%D1%80%D0%B1%D1%83%D1%80%D0%B3+%D0%BE%D0%B1%D0%B7%D0%BE%D1%80&hl=ru,https://www.youtube.com/watch?v=BHHBJm_oddg,Видео «Где купить санкционку в Петербурге» содержит явную привязку к городу.,True,Oceankid Санкт-Петербург обзор | Петроградка куда сходить | Прибавление товары для детей Санкт-Петербург обзор | детские кружки Санкт-Петербург обзор | детские праздники Санкт-Петербург обзор | детские центры Санкт-Петербург обзор | лучшие детские праздники Петербург | лучшие детские центры Петербург | лучшие семейный досуг Петербург | семейный досуг СПб блогер | семейный досуг Санкт-Петербург обзор,2026-08-23T13:24:18.120542+00:00
31c4d4be0743f7e24867,Виталий Третьяков,youtube,https://www.youtube.com/@vitaliy.tretyakov,vitaliy.tretyakov,Санкт-Петербург,12300,micro,manual_only,original_profile_opened,https://www.youtube.com/@vitaliy.tretyakov,https://www.youtube.com/results?search_query=%D0%BB%D1%83%D1%87%D1%88%D0%B8%D0%B5+%D0%BA%D0%BE%D0%BD%D0%B4%D0%B8%D1%82%D0%B5%D1%80%D1%81%D0%BA%D0%B8%D0%B5+%D0%9F%D0%B5%D1%82%D0%B5%D1%80%D0%B1%D1%83%D1%80%D0%B3&hl=ru,https://www.youtube.com/watch?v=rjdwjhhH9UY,Видео «Почему вы будете сожалеть если не посетите МАГАЗИН КОНДИТЕРСКОЙ ФАБРИКИ КРУПСКОЙ в Питере» содержит явную привязку к городу.,False,кондитерские Санкт-Петербург обзор | лучшие кондитерские Петербург,2026-08-23T13:24:50.763259+00:00
95715beeaf121c26a5df,Владимир Егоров,youtube,https://www.youtube.com/@Molotokk,Molotokk,Санкт-Петербург,900,nano,manual_only,original_profile_opened,https://www.youtube.com/@Molotokk,https://www.youtube.com/results?search_query=%D0%9A%D0%BE%D0%BC%D0%B5%D0%BD%D0%B4%D0%B0%D0%BD%D1%82%D1%81%D0%BA%D0%B8%D0%B9+%D0%BF%D1%80%D0%BE%D1%81%D0%BF%D0%B5%D0%BA%D1%82+%D0%BA%D1%83%D0%B4%D0%B0+%D1%81%D1%85%D0%BE%D0%B4%D0%B8%D1%82%D1%8C&hl=ru,https://www.youtube.com/watch?v=6MCln4GwoHE,Видео «#Комендантский пр т 32 СПб #Опасный #перекрёсток. После жалобы решили ставить светофор.» содержит явную привязку к городу.,False,Комендантский проспект куда сходить,2026-08-23T13:24:38.957559+00:00
e422512da31a8d37bbb7,Владимир Карпенко,youtube,https://www.youtube.com/@rielterSPB,rielterSPB,Санкт-Петербург,7030,nano,manual_only,original_profile_opened,https://www.youtube.com/@rielterSPB,https://www.youtube.com/results?search_query=LIFE+%D0%9F%D1%80%D0%B8%D0%BC%D0%BE%D1%80%D1%81%D0%BA%D0%B8%D0%B9+%D0%A1%D0%B0%D0%BD%D0%BA%D1%82-%D0%9F%D0%B5%D1%82%D0%B5%D1%80%D0%B1%D1%83%D1%80%D0%B3+%D0%BE%D0%B1%D0%B7%D0%BE%D1%80&hl=ru,https://www.youtube.com/watch?v=NXoejFl7AjI,Видео «Где жить в Питере |Обзоры Санкт-Петербурга | Приморский район | Обзор квартала Репищева - Парашютная» содержит явную привязку к городу.,True,LIFE Приморский Санкт-Петербург обзор | Выборгский район семейный обзор | Озерки обзор мест | Рыбацкое обзор мест,2026-08-23T13:24:26.019863+00:00
8142f617080b781ae860,Владимир Литаш,youtube,https://www.youtube.com/@vladimirlitash,vladimirlitash,Санкт-Петербург,1530,nano,manual_only,original_profile_opened,https://www.youtube.com/@vladimirlitash,https://www.youtube.com/results?search_query=Legenda+%D0%AF%D1%85%D1%82%D0%B5%D0%BD%D0%BD%D0%B0%D1%8F+%D0%A1%D0%B0%D0%BD%D0%BA%D1%82-%D0%9F%D0%B5%D1%82%D0%B5%D1%80%D0%B1%D1%83%D1%80%D0%B3+%D0%BE%D0%B1%D0%B7%D0%BE%D1%80&hl=ru,https://www.youtube.com/watch?v=q7ujz8dWCH4,Видео «LEGENDA Васильевского СПб | Самый молодежный ЖК» содержит явную привязку к городу.,True,Legenda Яхтенная Санкт-Петербург обзор,2026-08-23T13:24:22.227208+00:00
dfdf2f195372df5da7b6,Владислав Барабанов - Новостройки СПБ,youtube,https://www.youtube.com/@barabanovve,barabanovve,Санкт-Петербург,2410,nano,manual_only,original_profile_opened,https://www.youtube.com/@barabanovve,https://www.youtube.com/results?search_query=%D0%9A%D1%80%D0%B0%D1%81%D0%BD%D0%BE%D0%B3%D0%B2%D0%B0%D1%80%D0%B4%D0%B5%D0%B9%D1%81%D0%BA%D0%B8%D0%B9+%D1%80%D0%B0%D0%B9%D0%BE%D0%BD+%D1%81%D0%B5%D0%BC%D0%B5%D0%B9%D0%BD%D1%8B%D0%B9+%D0%BE%D0%B1%D0%B7%D0%BE%D1%80&hl=ru,https://www.youtube.com/watch?v=0ISI8LzyVNE,Видео «Цветной город в Санкт Петербурге Красногвардейский район своя инфраструктура новостройки 2022» содержит явную привязку к городу.,False,Красногвардейский район семейный обзор | Приморский район семейный обзор | новостройки Питер shorts,2026-08-23T13:24:34.479621+00:00
a95b603f024d14d6308d,Внутри Тьмы | Дудич,youtube,https://www.youtube.com/@Vnutritmi.dudich,Vnutritmi.dudich,Санкт-Петербург,50400,micro,manual_only,original_profile_opened,https://www.youtube.com/@Vnutritmi.dudich,https://www.youtube.com/results?search_query=%D0%9F%D0%B5%D1%82%D0%B5%D1%80%D0%B1%D1%83%D1%80%D0%B3+%D0%B1%D0%BB%D0%BE%D0%B3%D0%B5%D1%80&hl=ru,https://www.youtube.com/watch?v=jmqCS35q3OU,Видео «Это дело потрясло Петербург - Блогер учила женщин быть счастливыми и утопила сына» содержит явную привязку к городу.,False,Петербург блогер | Питер блогер,2026-08-23T13:24:13.317060+00:00
7622dedff2e909ba4a2e,Все Шушары,youtube,https://www.youtube.com/@Stoytv1,Stoytv1,Санкт-Петербург,2180,nano,manual_only,original_profile_opened,https://www.youtube.com/@Stoytv1,https://www.youtube.com/results?search_query=%D0%A8%D1%83%D1%88%D0%B0%D1%80%D1%8B+%D1%81%D0%B5%D0%BC%D0%B5%D0%B9%D0%BD%D1%8B%D0%B9+%D0%BE%D0%B1%D0%B7%D0%BE%D1%80&hl=ru,https://www.youtube.com/watch?v=PTAhSaRSFZQ,Видео «Шушары. Гимн Шушарам. Мои любимые Шушары» содержит явную привязку к городу.,False,Шушары семейный обзор,2026-08-23T13:24:44.712599+00:00
6bede984095928606909,Вселенная Путешествий Varan Media,youtube,https://www.youtube.com/@VaranMedia,VaranMedia,Санкт-Петербург,11100,micro,manual_only,original_profile_opened,https://www.youtube.com/@VaranMedia,https://www.youtube.com/results?search_query=%D0%9F%D0%B0%D1%80%D0%BD%D0%B0%D1%81+%D0%BE%D0%B1%D0%B7%D0%BE%D1%80+%D0%BC%D0%B5%D1%81%D1%82&hl=ru,https://www.youtube.com/watch?v=YcMt4KRj8iU,Видео «Район метро Парнас в Петербурге» содержит явную привязку к городу.,False,Парнас обзор мест,2026-08-23T13:24:39.119001+00:00
29cf44db63ecbd8a1387,Вся Россия. Live,youtube,https://www.youtube.com/@allrussialive,allrussialive,Санкт-Петербург,2960,nano,manual_only,original_profile_opened,https://www.youtube.com/@allrussialive,https://www.youtube.com/results?search_query=%D0%9A%D1%83%D1%80%D0%BE%D1%80%D1%82%D0%BD%D1%8B%D0%B9+%D1%80%D0%B0%D0%B9%D0%BE%D0%BD+%D0%BE%D0%B1%D0%B7%D0%BE%D1%80+%D0%BC%D0%B5%D1%81%D1%82&hl=ru,https://www.youtube.com/watch?v=7pQOXt4TJ2o,Видео «КОМАРОВО | То Самое “На Недельку До Второго”. Балтийский Берег Курортного Района Санкт-Петербурга» содержит явную привязку к городу.,False,Курортный район куда сходить | Курортный район обзор мест | Мурино куда сходить | городские прогулки СПб блогер | городские прогулки Санкт-Петербург обзор | лучшие городские прогулки Петербург | танцы Санкт-Петербург обзор,2026-08-23T13:24:34.237267+00:00
2e4bc66a5d473f9462a3,Всё Интересное,youtube,https://www.youtube.com/@%D0%92%D1%81%D1%91%D0%98%D0%BD%D1%82%D0%B5%D1%80%D0%B5%D1%81%D0%BD%D0%BE%D0%B5-%D0%BE3%D0%BC,%D0%92%D1%81%D1%91%D0%98%D0%BD%D1%82%D0%B5%D1%80%D0%B5%D1%81%D0%BD%D0%BE%D0%B5-%D0%BE3%D0%BC,Санкт-Петербург,84,nano,manual_only,original_profile_opened,https://www.youtube.com/@%D0%92%D1%81%D1%91%D0%98%D0%BD%D1%82%D0%B5%D1%80%D0%B5%D1%81%D0%BD%D0%BE%D0%B5-%D0%BE3%D0%BC,https://www.youtube.com/results?search_query=%D0%9C%D0%B5%D0%B4%D0%BD%D1%8B%D0%B9+%D0%92%D1%81%D0%B0%D0%B4%D0%BD%D0%B8%D0%BA+%D0%B6%D0%B8%D0%BB%D0%BE%D0%B9+%D0%BA%D0%BE%D0%BC%D0%BF%D0%BB%D0%B5%D0%BA%D1%81+%D0%A1%D0%B0%D0%BD%D0%BA%D1%82-%D0%9F%D0%B5%D1%82%D0%B5%D1%80%D0%B1%D1%83%D1%80%D0%B3+%D0%BE%D0%B1%D0%B7%D0%BE%D1%80&hl=ru,https://www.youtube.com/watch?v=ivtkkTHHFes,"Видео «ЖК ""Медный всадник"". 12.09.14. Санкт -Петербург» содержит явную привязку к городу.",True,Медный Всадник жилой комплекс Санкт-Петербург обзор,2026-08-23T13:24:24.627365+00:00
eb7b56fdf7f69e33ed30,Второй канал Латухи! Тут я могу все.,youtube,https://www.youtube.com/@Latuha_2,Latuha_2,Санкт-Петербург,7690,nano,manual_only,original_profile_opened,https://www.youtube.com/@Latuha_2,https://www.youtube.com/results?search_query=%D0%9A%D1%83%D0%BF%D1%87%D0%B8%D0%BD%D0%BE+%D0%BE%D0%B1%D0%B7%D0%BE%D1%80+%D0%BC%D0%B5%D1%81%D1%82&hl=ru,https://www.youtube.com/watch?v=cgSF6ofZHH0,"Видео «Питер, Купчино, оазис?» содержит явную привязку к городу.",False,Купчино обзор мест | Купчино семейный обзор,2026-08-23T13:24:41.451518+00:00
27758f87f48ee712fb6f,Вячеслав Кариус,youtube,https://www.youtube.com/@vvkarius,vvkarius,Санкт-Петербург,353,nano,manual_only,original_profile_opened,https://www.youtube.com/@vvkarius,https://www.youtube.com/results?search_query=%D0%B4%D0%B5%D1%82%D1%81%D0%BA%D0%B8%D0%B5+%D1%86%D0%B5%D0%BD%D1%82%D1%80%D1%8B+%D0%9F%D0%B8%D1%82%D0%B5%D1%80+shorts&hl=ru,https://www.youtube.com/watch?v=1a62JbCiMos,Видео «Санкт-Петербургский Центр Ояма Карате! Набор в детские группы продолжается!» содержит явную привязку к городу.,False,детские центры Питер shorts,2026-08-23T13:24:53.191475+00:00
ad034d269f69a64e9f70,Газпром школа Санкт-Петербург,youtube,https://www.youtube.com/@%D0%93%D0%B0%D0%B7%D0%BF%D1%80%D0%BE%D0%BC%D1%88%D0%BA%D0%BE%D0%BB%D0%B0%D0%A1%D0%B0%D0%BD%D0%BA%D1%82-%D0%9F%D0%B5%D1%82%D0%B5%D1%80%D0%B1%D1%83%D1%80%D0%B3,%D0%93%D0%B0%D0%B7%D0%BF%D1%80%D0%BE%D0%BC%D1%88%D0%BA%D0%BE%D0%BB%D0%B0%D0%A1%D0%B0%D0%BD%D0%BA%D1%82-%D0%9F%D0%B5%D1%82%D0%B5%D1%80%D0%B1%D1%83%D1%80%D0%B3,Санкт-Петербург,332,nano,manual_only,original_profile_opened,https://www.youtube.com/@%D0%93%D0%B0%D0%B7%D0%BF%D1%80%D0%BE%D0%BC%D1%88%D0%BA%D0%BE%D0%BB%D0%B0%D0%A1%D0%B0%D0%BD%D0%BA%D1%82-%D0%9F%D0%B5%D1%82%D0%B5%D1%80%D0%B1%D1%83%D1%80%D0%B3,https://www.youtube.com/results?search_query=MBC+School+%D0%A1%D0%B0%D0%BD%D0%BA%D1%82-%D0%9F%D0%B5%D1%82%D0%B5%D1%80%D0%B1%D1%83%D1%80%D0%B3+%D0%BE%D0%B1%D0%B7%D0%BE%D1%80&hl=ru,https://www.youtube.com/watch?v=WBvMG5JK9Dc,Видео «Частное общеобразовательное учреждение «Газпром школа Санкт-Петербург»» содержит явную привязку к городу.,True,MBC School Санкт-Петербург обзор,2026-08-23T13:24:20.493431+00:00
4debfa8d5666ebffb0d0,Галамарт,youtube,https://www.youtube.com/@galamart_official,galamart_official,Санкт-Петербург,70800,micro,manual_only,original_profile_opened,https://www.youtube.com/@galamart_official,https://www.youtube.com/results?search_query=%D0%A2%D0%A0%D0%9A+%D0%90%D1%82%D0%BC%D0%BE%D1%81%D1%84%D0%B5%D1%80%D0%B0+%D0%A1%D0%B0%D0%BD%D0%BA%D1%82-%D0%9F%D0%B5%D1%82%D0%B5%D1%80%D0%B1%D1%83%D1%80%D0%B3+%D0%BE%D0%B1%D0%B7%D0%BE%D1%80&hl=ru,https://www.youtube.com/watch?v=ttDDFzyDiQU,"Видео «Праздничное открытие Галамарт в г. Санкт-Петербург, ТРК «Атмосфера»» содержит явную привязку к городу.",True,ТРК Атмосфера Санкт-Петербург обзор,2026-08-23T13:24:17.983500+00:00
215a9d679ac21d45a906,Галина Малышева,youtube,https://www.youtube.com/@Melamori07,Melamori07,Санкт-Петербург,7020,nano,manual_only,original_profile_opened,https://www.youtube.com/@Melamori07,https://www.youtube.com/results?search_query=%D0%BB%D1%83%D1%87%D1%88%D0%B8%D0%B5+%D0%BA%D0%BE%D0%BD%D1%86%D0%B5%D1%80%D1%82%D1%8B+%D0%9F%D0%B5%D1%82%D0%B5%D1%80%D0%B1%D1%83%D1%80%D0%B3&hl=ru,https://www.youtube.com/watch?v=1MSyW2DbJKo,"Видео «Концерт группы ""Пикник"" памяти жертв теракта в ""Крокус Сити Холле"" 27.03.2024» содержит явную привязку к городу.",False,лучшие концерты Петербург,2026-08-23T13:25:00.596107+00:00
e0d801d08ecd171b630f,ГАПОНОВ НЕДВИЖИМОСТЬ,youtube,https://www.youtube.com/@gaponovspb,gaponovspb,Санкт-Петербург,2120,nano,manual_only,original_profile_opened,https://www.youtube.com/@gaponovspb,https://www.youtube.com/results?search_query=%D0%9C%D0%BE%D1%81%D0%BA%D0%BE%D0%B2%D1%81%D0%BA%D0%B8%D0%B9+%D1%80%D0%B0%D0%B9%D0%BE%D0%BD+%D1%81%D0%B5%D0%BC%D0%B5%D0%B9%D0%BD%D1%8B%D0%B9+%D0%BE%D0%B1%D0%B7%D0%BE%D1%80&hl=ru,https://www.youtube.com/watch?v=1qbZ1d71Aug,Видео «Как живется в одном из лучших районов Спб. Обзор на Московский район» содержит явную привязку к городу.,False,Московский район Санкт-Петербург блог | Московский район куда сходить | Московский район семейный обзор,2026-08-23T13:24:34.976495+00:00
381186c14eb279c010ae,Где в Петербурге жить хорошо?,youtube,https://www.youtube.com/@goodlifespb,goodlifespb,Санкт-Петербург,12100,micro,manual_only,original_profile_opened,https://www.youtube.com/@goodlifespb,https://www.youtube.com/results?search_query=Lotos+Tower+%D0%A1%D0%B0%D0%BD%D0%BA%D1%82-%D0%9F%D0%B5%D1%82%D0%B5%D1%80%D0%B1%D1%83%D1%80%D0%B3+%D0%BE%D0%B1%D0%B7%D0%BE%D1%80&hl=ru,https://www.youtube.com/watch?v=iaBSd2VJcbY,Видео «ТОП 10 ЛУЧШИХ НОВОСТРОЕК САНКТ-ПЕТЕРБУРГА! | Где лучше купить квартиру?» содержит явную привязку к городу.,True,Lotos Tower Санкт-Петербург обзор | Адмиралтейский район Санкт-Петербург блог | Курортный район обзор мест | Мурино Санкт-Петербург блог | Мурино кафе обзор | Мурино куда сходить | Мурино обзор мест | Пушкинский район Санкт-Петербург блог | жилые комплексы Санкт-Петербург обзор | лучшие жилые комплексы Петербург | лучшие новостройки Петербург | новостройки СПб блогер | новостройки Санкт-Петербург обзор,2026-08-23T13:24:25.424046+00:00
1e82aadfbdf7378b2c91,ГЕНАГЕНТ НОВОСТРОЙКИ СПБ,youtube,https://www.youtube.com/@GenAgentPro,GenAgentPro,Санкт-Петербург,2360,nano,manual_only,original_profile_opened,https://www.youtube.com/@GenAgentPro,https://www.youtube.com/results?search_query=Newfit+%D0%A1%D0%B0%D0%BD%D0%BA%D1%82-%D0%9F%D0%B5%D1%82%D0%B5%D1%80%D0%B1%D1%83%D1%80%D0%B3+%D0%BE%D0%B1%D0%B7%D0%BE%D1%80&hl=ru,https://www.youtube.com/watch?v=6nGq9Y-6qAA,Видео «😱 Страшнее Мурино! Новостройки на Юге Петербурга без метро. купить квартиру ЖК Уютный Новоселье СПБ» содержит явную привязку к городу.,True,MBC School Санкт-Петербург обзор | Newfit Санкт-Петербург обзор | Мурино семейный обзор | Петроградка семейный обзор | Петродворцовый район семейный обзор | РениДент Санкт-Петербург обзор | Черная речка кафе обзор | Черная речка куда сходить | Черная речка обзор мест | Черная речка семейный обзор | Шушары Санкт-Петербург блог | Шушары кафе обзор | Шушары куда сходить | Шушары обзор мест | Шушары семейный обзор | новостройки СПб блогер,2026-08-23T13:24:16.482335+00:00
279e2dec368bd87fa905,Гид Элина Ямушева,youtube,https://www.youtube.com/@elina_iamusheva,elina_iamusheva,Санкт-Петербург,2690,nano,manual_only,original_profile_opened,https://www.youtube.com/@elina_iamusheva,https://www.youtube.com/results?search_query=%D0%BB%D1%83%D1%87%D1%88%D0%B8%D0%B5+%D0%BA%D0%BE%D1%84%D0%B5%D0%B9%D0%BD%D0%B8+%D0%9F%D0%B5%D1%82%D0%B5%D1%80%D0%B1%D1%83%D1%80%D0%B3&hl=ru,https://www.youtube.com/watch?v=gOG7lkJ4mZk,"Видео «Где в Питере пить кофе? Обзор specialty кофеен Gotcha brew, Астер, Смена, Skuratov» содержит явную привязку к городу.",False,лучшие кофейни Петербург,2026-08-23T13:24:50.193742+00:00
2484fc44565881934314,Гильдия стоматологов - стоматологические клиники,youtube,https://www.youtube.com/@gildiadentaspb,gildiadentaspb,Санкт-Петербург,2600,nano,manual_only,original_profile_opened,https://www.youtube.com/@gildiadentaspb,https://www.youtube.com/results?search_query=33-%D0%B9+%D0%97%D1%83%D0%B1+%D0%A1%D0%B0%D0%BD%D0%BA%D1%82-%D0%9F%D0%B5%D1%82%D0%B5%D1%80%D0%B1%D1%83%D1%80%D0%B3+%D0%BE%D0%B1%D0%B7%D0%BE%D1%80&hl=ru,https://www.youtube.com/watch?v=pGlhMG2OoDc,Видео «Гильдия стоматологов открыла новую современную клинику в Московском районе СПб» содержит явную привязку к городу.,True,33-й Зуб Санкт-Петербург обзор | лучшие стоматологии Петербург,2026-08-23T13:24:12.521846+00:00
f6c001e3bf9344282d1b,Глеб Бауэр,youtube,https://www.youtube.com/@fiestaru,fiestaru,Санкт-Петербург,30200,micro,manual_only,original_profile_opened,https://www.youtube.com/@fiestaru,https://www.youtube.com/results?search_query=%D0%BC%D0%B0%D1%81%D1%81%D0%B0%D0%B6+%D0%B8+SPA+%D0%A1%D0%B0%D0%BD%D0%BA%D1%82-%D0%9F%D0%B5%D1%82%D0%B5%D1%80%D0%B1%D1%83%D1%80%D0%B3+%D0%BE%D0%B1%D0%B7%D0%BE%D1%80&hl=ru,https://www.youtube.com/watch?v=c0Z_ylc9LPY,Видео «Где настоящий тайский массаж в Петербурге #глеб_бауэр #питер #обзор» содержит явную привязку к городу.,False,массаж и SPA Санкт-Петербург обзор,2026-08-23T13:24:52.193130+00:00
eb2452906a26b2617737,Глеб Ерошков | #ПИТЕРСКИЙЕСТ,youtube,https://www.youtube.com/@GlebEroshkov,GlebEroshkov,Санкт-Петербург,3380,nano,manual_only,original_profile_opened,https://www.youtube.com/@GlebEroshkov,https://www.youtube.com/results?search_query=%D0%9F%D0%B8%D1%82%D0%B5%D1%80+%D1%84%D1%83%D0%B4+%D0%B1%D0%BB%D0%BE%D0%B3&hl=ru,https://www.youtube.com/watch?v=95w9T-NONnA,Видео «Буузы за 160₽ | Вы серьезно? | Вишневый кекс | Идеальный суп | Шулэн с пельменями | Буузы на Марата» содержит явную привязку к городу.,False,Красносельский район кафе обзор | Петродворцовый район кафе обзор | Питер фуд блог | лучшие маркетологи Петербург | рестораны Санкт-Петербург обзор,2026-08-23T13:24:15.091880+00:00
eb7588d404ca43733d8c,ГОСЗАКАЗ.ТВ - субъективно об объективном,youtube,https://www.youtube.com/@GOSZAKAZTV,GOSZAKAZTV,Санкт-Петербург,141000,mid,manual_only,original_profile_opened,https://www.youtube.com/@GOSZAKAZTV,https://www.youtube.com/results?search_query=%D0%BC%D0%B0%D0%BB%D1%8B%D0%B9+%D0%B1%D0%B8%D0%B7%D0%BD%D0%B5%D1%81+%D0%A1%D0%9F%D0%B1+%D0%B1%D0%BB%D0%BE%D0%B3%D0%B5%D1%80&hl=ru,https://www.youtube.com/watch?v=qKBHZgezydY,Видео «О поддержке малого бизнеса: мнение председателя комитета по госзаказу Санкт-Петербурга - Госзаказ.ТВ» содержит явную привязку к городу.,False,малый бизнес СПб блогер,2026-08-23T13:25:07.020056+00:00
d8ca5086b04ab95e6a56,Гостиницы и отели России,youtube,https://www.youtube.com/@%D0%93%D0%BE%D1%81%D1%82%D0%B8%D0%BD%D0%B8%D1%86%D1%8B%D0%B8%D0%BE%D1%82%D0%B5%D0%BB%D0%B8%D0%A0%D0%BE%D1%81%D1%81%D0%B8%D0%B8,%D0%93%D0%BE%D1%81%D1%82%D0%B8%D0%BD%D0%B8%D1%86%D1%8B%D0%B8%D0%BE%D1%82%D0%B5%D0%BB%D0%B8%D0%A0%D0%BE%D1%81%D1%81%D0%B8%D0%B8,Санкт-Петербург,3750,nano,manual_only,original_profile_opened,https://www.youtube.com/@%D0%93%D0%BE%D1%81%D1%82%D0%B8%D0%BD%D0%B8%D1%86%D1%8B%D0%B8%D0%BE%D1%82%D0%B5%D0%BB%D0%B8%D0%A0%D0%BE%D1%81%D1%81%D0%B8%D0%B8,https://www.youtube.com/results?search_query=%D0%A7%D0%B5%D1%80%D0%BD%D0%B0%D1%8F+%D1%80%D0%B5%D1%87%D0%BA%D0%B0+%D0%BE%D0%B1%D0%B7%D0%BE%D1%80+%D0%BC%D0%B5%D1%81%D1%82&hl=ru,https://www.youtube.com/watch?v=C-dzXvMY7js,Видео «ЧЕРНАЯ РЕЧКА 3* Россия Санкт-Петербург обзор – отель ЧЕРНАЯ РЕЧКА 3* Санкт-Петербург видео обзор» содержит явную привязку к городу.,False,Черная речка обзор мест | винтаж Санкт-Петербург обзор | спорт Санкт-Петербург обзор,2026-08-23T13:24:48.625145+00:00
5257c945936c6628984d,Гоша Дим,youtube,https://www.youtube.com/@Georgiy_Diment,Georgiy_Diment,Санкт-Петербург,132,nano,manual_only,original_profile_opened,https://www.youtube.com/@Georgiy_Diment,https://www.youtube.com/results?search_query=%D0%A1%D0%B5%D1%81%D1%82%D1%80%D0%BE%D1%80%D0%B5%D1%86%D0%BA+%D1%81%D0%B5%D0%BC%D0%B5%D0%B9%D0%BD%D1%8B%D0%B9+%D0%BE%D0%B1%D0%B7%D0%BE%D1%80&hl=ru,https://www.youtube.com/watch?v=3yTMTjQJckQ,Видео «Сестрорецк — Город контрастов на Финском заливе » содержит явную привязку к городу.,False,Сестрорецк куда сходить | Сестрорецк семейный обзор,2026-08-23T13:24:43.993738+00:00
dd2518028571e20eea8a,Грипсы не жалей.,youtube,https://www.youtube.com/@rustugushev,rustugushev,Санкт-Петербург,109,nano,manual_only,original_profile_opened,https://www.youtube.com/@rustugushev,https://www.youtube.com/results?search_query=%D0%B4%D0%BE%D0%BC%D0%B0%D1%88%D0%BD%D0%B8%D0%B5+%D0%B6%D0%B8%D0%B2%D0%BE%D1%82%D0%BD%D1%8B%D0%B5+%D0%A1%D0%B0%D0%BD%D0%BA%D1%82-%D0%9F%D0%B5%D1%82%D0%B5%D1%80%D0%B1%D1%83%D1%80%D0%B3+%D0%BE%D0%B1%D0%B7%D0%BE%D1%80&hl=ru,https://www.youtube.com/watch?v=HM3IsyaaRRk,Видео «Как пройти на выставке животных 10 км? | Зоошоу Санкт-Петербурга полный обзор. » содержит явную привязку к городу.,False,домашние животные Санкт-Петербург обзор,2026-08-23T13:25:03.117705+00:00
98031b57358004b844ae,гуксандра,youtube,https://www.youtube.com/@guxsandra,guxsandra,Санкт-Петербург,3640,nano,manual_only,original_profile_opened,https://www.youtube.com/@guxsandra,https://www.youtube.com/results?search_query=%D0%A1%D0%B5%D1%81%D1%82%D1%80%D0%BE%D1%80%D0%B5%D1%86%D0%BA+%D0%A1%D0%B0%D0%BD%D0%BA%D1%82-%D0%9F%D0%B5%D1%82%D0%B5%D1%80%D0%B1%D1%83%D1%80%D0%B3+%D0%B1%D0%BB%D0%BE%D0%B3&hl=ru,https://www.youtube.com/watch?v=o6FMM4bpAOQ,Видео «VLOG👈🏻| 5 дней | САНКТ-ПЕТЕРБУРГ📍» содержит явную привязку к городу.,False,Лахта Санкт-Петербург блог | Пушкин Санкт-Петербург блог | Сестрорецк Санкт-Петербург блог | Шушары Санкт-Петербург блог,2026-08-23T13:24:43.269857+00:00
c7ac56c47fec9caa89de,Гуляю по Санкт-Петербургу,youtube,https://www.youtube.com/@walkspb,walkspb,Санкт-Петербург,7360,nano,manual_only,original_profile_opened,https://www.youtube.com/@walkspb,https://www.youtube.com/results?search_query=%D0%92%D0%B0%D1%81%D0%B8%D0%BB%D0%B5%D0%BE%D1%81%D1%82%D1%80%D0%BE%D0%B2%D1%81%D0%BA%D0%B8%D0%B9+%D1%80%D0%B0%D0%B9%D0%BE%D0%BD+%D0%A1%D0%B0%D0%BD%D0%BA%D1%82-%D0%9F%D0%B5%D1%82%D0%B5%D1%80%D0%B1%D1%83%D1%80%D0%B3+%D0%B1%D0%BB%D0%BE%D0%B3&hl=ru,https://www.youtube.com/watch?v=xLujf_VS8ys,Видео «Прогулка по Васильевскому острову в Санкт Петербурге 4К» содержит явную привязку к городу.,False,Василеостровский район Санкт-Петербург блог | Васильевский остров Санкт-Петербург блог | Новая Голландия Санкт-Петербург блог | Новая Голландия куда сходить | Новая Голландия обзор мест | Петроградский район Санкт-Петербург блог,2026-08-23T13:24:31.288656+00:00
52d1078f70d93186d5f8,Гурманистка,youtube,https://www.youtube.com/@Gurmanistka,Gurmanistka,Санкт-Петербург,259,nano,manual_only,original_profile_opened,https://www.youtube.com/@Gurmanistka,https://www.youtube.com/results?search_query=%D0%9A%D0%BE%D0%BC%D0%B5%D0%BD%D0%B4%D0%B0%D0%BD%D1%82%D1%81%D0%BA%D0%B8%D0%B9+%D0%BF%D1%80%D0%BE%D1%81%D0%BF%D0%B5%D0%BA%D1%82+%D0%BA%D0%B0%D1%84%D0%B5+%D0%BE%D0%B1%D0%B7%D0%BE%D1%80&hl=ru,https://www.youtube.com/watch?v=rL1uDK9hPpM,Видео «ИЛИ - 20 блюд по 290 руб: ГДЕ ПОДВОХ?! Большой обзор ресторана» содержит явную привязку к городу.,False,Комендантский проспект кафе обзор,2026-08-23T13:24:39.294377+00:00
08effdc69da23dcab064,Давай Двинем!,youtube,https://www.youtube.com/@davaidvinem,davaidvinem,Санкт-Петербург,13800,micro,manual_only,original_profile_opened,https://www.youtube.com/@davaidvinem,https://www.youtube.com/results?search_query=%D0%9F%D0%B5%D1%82%D0%B5%D1%80%D0%B1%D1%83%D1%80%D0%B3+%D1%80%D0%B5%D0%BA%D0%BE%D0%BC%D0%B5%D0%BD%D0%B4%D0%B0%D1%86%D0%B8%D0%B8&hl=ru,https://www.youtube.com/watch?v=KHmYt_bF9pM,Видео «Куда сходить в Питере 2026? Самый необычный маршрут» содержит явную привязку к городу.,True,FunCity Санкт-Петербург обзор | Калининский район куда сходить | Кудрово куда сходить | Лахта куда сходить | Мурино куда сходить | Невский район куда сходить | Петербург рекомендации | Петербург что посмотреть | Петергоф куда сходить | Петроградка куда сходить | Петроградка обзор мест | ПироШоу СПб Санкт-Петербург обзор | Питер необычные места | Пушкин куда сходить | СПб куда сходить | СПб новые места | Шушары куда сходить | городские прогулки Санкт-Петербург обзор | городские события Санкт-Петербург обзор | детские кружки Санкт-Петербург обзор | лучшие афиша Петербург | лучшие выставки Петербург | лучшие городские прогулки Петербург | лучшие городские события Петербург | лучшие семейный досуг Петербург | лучшие туризм Петербург | семейный досуг СПб блогер | семейный досуг Санкт-Петербург обзор | туризм Санкт-Петербург обзор,2026-08-23T13:24:14.468998+00:00
0a8f7b58e9ab5dc8d1b7,Даниил Resto Mesto 🥐,youtube,https://www.youtube.com/@resto_mesto,resto_mesto,Санкт-Петербург,849,nano,manual_only,original_profile_opened,https://www.youtube.com/@resto_mesto,https://www.youtube.com/results?search_query=%D0%92%D0%B0%D1%81%D0%B8%D0%BB%D0%B5%D0%BE%D1%81%D1%82%D1%80%D0%BE%D0%B2%D1%81%D0%BA%D0%B8%D0%B9+%D1%80%D0%B0%D0%B9%D0%BE%D0%BD+%D0%BA%D0%B0%D1%84%D0%B5+%D0%BE%D0%B1%D0%B7%D0%BE%D1%80&hl=ru,https://www.youtube.com/watch?v=2YfLZYhnlME,Видео «Обзор ресторанов на Васильевском острове! Где вкусно пообедать в  Санкт-Петербурге.» содержит явную привязку к городу.,False,Василеостровский район кафе обзор | Васильевский остров кафе обзор | Петроградка кафе обзор | кафе СПб блогер | кафе Санкт-Петербург обзор | кофейни Питер shorts | кофейни СПб блогер | кофейни Санкт-Петербург обзор | лучшие кофейни Петербург | рестораны СПб блогер,2026-08-23T13:24:31.227071+00:00
252c7a98da57e964d1b2,Даниил Савельев,youtube,https://www.youtube.com/@daniilsavelev,daniilsavelev,Санкт-Петербург,167000,mid,manual_only,original_profile_opened,https://www.youtube.com/@daniilsavelev,https://www.youtube.com/results?search_query=DESALU+%D0%A1%D0%B0%D0%BD%D0%BA%D1%82-%D0%9F%D0%B5%D1%82%D0%B5%D1%80%D0%B1%D1%83%D1%80%D0%B3+%D0%BE%D0%B1%D0%B7%D0%BE%D1%80&hl=ru,https://www.youtube.com/watch?v=2Wj__SlGZqo,Видео «ЛУЧШИЕ места зимнего ПЕТЕРБУРГА | История и атмосфера праздника Северной столицы. 4К» содержит явную привязку к городу.,True,DESALU Санкт-Петербург обзор,2026-08-23T13:24:16.511302+00:00
ce0008f6f11d81c065d4,Даниил Торопов,youtube,https://www.youtube.com/@%D0%94%D0%B0%D0%BD%D0%B8%D0%B8%D0%BB%D0%A2%D0%BE%D1%80%D0%BE%D0%BF%D0%BE%D0%B2,%D0%94%D0%B0%D0%BD%D0%B8%D0%B8%D0%BB%D0%A2%D0%BE%D1%80%D0%BE%D0%BF%D0%BE%D0%B2,Санкт-Петербург,1030,nano,manual_only,original_profile_opened,https://www.youtube.com/@%D0%94%D0%B0%D0%BD%D0%B8%D0%B8%D0%BB%D0%A2%D0%BE%D1%80%D0%BE%D0%BF%D0%BE%D0%B2,https://www.youtube.com/results?search_query=%D0%9A%D0%BE%D0%BB%D0%BF%D0%B8%D0%BD%D1%81%D0%BA%D0%B8%D0%B9+%D1%80%D0%B0%D0%B9%D0%BE%D0%BD+%D1%81%D0%B5%D0%BC%D0%B5%D0%B9%D0%BD%D1%8B%D0%B9+%D0%BE%D0%B1%D0%B7%D0%BE%D1%80&hl=ru,https://www.youtube.com/watch?v=_bu0BklxGbQ,Видео «Купить Участок в Колпино.Колпинский район. Участок под строительство» содержит явную привязку к городу.,False,Колпинский район семейный обзор,2026-08-23T13:24:31.933840+00:00
336dc6a47f25cb540430,Данил Нестерук,youtube,https://www.youtube.com/@danilnesteruk,danilnesteruk,Санкт-Петербург,1570,nano,manual_only,original_profile_opened,https://www.youtube.com/@danilnesteruk,https://www.youtube.com/results?search_query=%D1%82%D1%83%D1%80%D0%B8%D0%B7%D0%BC+%D0%A1%D0%B0%D0%BD%D0%BA%D1%82-%D0%9F%D0%B5%D1%82%D0%B5%D1%80%D0%B1%D1%83%D1%80%D0%B3+%D0%BE%D0%B1%D0%B7%D0%BE%D1%80&hl=ru,https://www.youtube.com/watch?v=EE1hCb5Cjzg,Видео «Санкт-Петербург | почему это город МАГНИТ ?  большой выпуск» содержит явную привязку к городу.,False,туризм Санкт-Петербург обзор,2026-08-23T13:25:03.676806+00:00
9ee9d642dffe8e6a4a6a,Данил Смолин,youtube,https://www.youtube.com/@%D0%94%D0%B0%D0%BD%D0%B8%D0%BB%D0%A1%D0%BC%D0%BE%D0%BB%D0%B8%D0%BD-%D1%8C5%D1%8E,%D0%94%D0%B0%D0%BD%D0%B8%D0%BB%D0%A1%D0%BC%D0%BE%D0%BB%D0%B8%D0%BD-%D1%8C5%D1%8E,Санкт-Петербург,114,nano,manual_only,original_profile_opened,https://www.youtube.com/@%D0%94%D0%B0%D0%BD%D0%B8%D0%BB%D0%A1%D0%BC%D0%BE%D0%BB%D0%B8%D0%BD-%D1%8C5%D1%8E,https://www.youtube.com/results?search_query=%D0%9A%D0%BE%D0%BC%D0%B5%D0%BD%D0%B4%D0%B0%D0%BD%D1%82%D1%81%D0%BA%D0%B8%D0%B9+%D0%BF%D1%80%D0%BE%D1%81%D0%BF%D0%B5%D0%BA%D1%82+%D0%BE%D0%B1%D0%B7%D0%BE%D1%80+%D0%BC%D0%B5%D1%81%D1%82&hl=ru,https://www.youtube.com/watch?v=67oGWyXyjUI,"Видео «Санкт-Петербург, Комендантский пр. 69, 23 этаж. студия» содержит явную привязку к городу.",False,Комендантский проспект обзор мест,2026-08-23T13:24:39.483941+00:00
6a1039fe6718fdf5be92,Дарья Бакулина ветеринарный терапевт,youtube,https://www.youtube.com/@veterinarDar,veterinarDar,Санкт-Петербург,1660,nano,manual_only,original_profile_opened,https://www.youtube.com/@veterinarDar,https://www.youtube.com/results?search_query=%D0%B2%D0%B5%D1%82%D0%BA%D0%BB%D0%B8%D0%BD%D0%B8%D0%BA%D0%B8+%D0%A1%D0%9F%D0%B1+%D0%B1%D0%BB%D0%BE%D0%B3%D0%B5%D1%80&hl=ru,https://www.youtube.com/watch?v=TDsvh_B0_hs,"Видео «Экскурсия: Ветеринарный Университет в г. Санкт-Петербург, 2024» содержит явную привязку к городу.",False,ветклиники СПб блогер,2026-08-23T13:25:04.302628+00:00
b3f1de7aa92b52145c8d,Дарья Конюшко | Кондитер -Технолог,youtube,https://www.youtube.com/@foodblog.dariakon,foodblog.dariakon,Санкт-Петербург,1800,nano,manual_only,original_profile_opened,https://www.youtube.com/@foodblog.dariakon,https://www.youtube.com/results?search_query=%D0%BB%D1%83%D1%87%D1%88%D0%B8%D0%B5+%D0%BA%D0%BE%D0%BD%D0%B4%D0%B8%D1%82%D0%B5%D1%80%D1%81%D0%BA%D0%B8%D0%B5+%D0%9F%D0%B5%D1%82%D0%B5%D1%80%D0%B1%D1%83%D1%80%D0%B3&hl=ru,https://www.youtube.com/watch?v=uUvSDgjXC6Y,Видео «ГДЕ САМЫЕ ЛУЧШИЕ ДЕСЕРТЫ В СПБ? ОБЗОР КЛАССИКИ» содержит явную привязку к городу.,False,кондитерские СПб блогер | кондитерские Санкт-Петербург обзор | лучшие кондитерские Петербург,2026-08-23T13:24:50.280356+00:00
1a40cd9f89b0078084b8,Дарья Януш,youtube,https://www.youtube.com/@yanushdaria,yanushdaria,Санкт-Петербург,593,nano,manual_only,original_profile_opened,https://www.youtube.com/@yanushdaria,https://www.youtube.com/results?search_query=%D0%BB%D1%83%D1%87%D1%88%D0%B8%D0%B5+%D1%80%D0%B5%D1%81%D1%82%D0%BE%D1%80%D0%B0%D0%BD%D1%8B+%D0%9F%D0%B5%D1%82%D0%B5%D1%80%D0%B1%D1%83%D1%80%D0%B3&hl=ru,https://www.youtube.com/watch?v=tXafwDAPFq0,"Видео «ТОП-5 Ресторанов Петербурга. Места Питера, которые вы обязательно должны посетить» содержит явную привязку к городу.",False,лучшие рестораны Петербург | рестораны Санкт-Петербург обзор,2026-08-23T13:24:49.879081+00:00
d97eeac046238e5a6ea4,Дауир Шакиржан,youtube,https://www.youtube.com/@DauirShakirzhan,DauirShakirzhan,Санкт-Петербург,61500,micro,manual_only,original_profile_opened,https://www.youtube.com/@DauirShakirzhan,https://www.youtube.com/results?search_query=Gulliver+%D0%A1%D0%B0%D0%BD%D0%BA%D1%82-%D0%9F%D0%B5%D1%82%D0%B5%D1%80%D0%B1%D1%83%D1%80%D0%B3+%D0%BE%D0%B1%D0%B7%D0%BE%D1%80&hl=ru,https://www.youtube.com/watch?v=nZgEBaoJZVw,"Видео «Санкт-Петербург | ТД ""Гулливер"" | Глобус и кораблики на линях» содержит явную привязку к городу.",True,Gulliver Санкт-Петербург обзор,2026-08-23T13:24:17.238226+00:00
637f583aa3a761d08836,Дачник. Загородное строительство,youtube,https://www.youtube.com/@CK_Dachnik,CK_Dachnik,Санкт-Петербург,18200,micro,manual_only,original_profile_opened,https://www.youtube.com/@CK_Dachnik,https://www.youtube.com/results?search_query=%D0%9A%D1%83%D1%80%D0%BE%D1%80%D1%82%D0%BD%D1%8B%D0%B9+%D1%80%D0%B0%D0%B9%D0%BE%D0%BD+%D0%BE%D0%B1%D0%B7%D0%BE%D1%80+%D0%BC%D0%B5%D1%81%D1%82&hl=ru,https://www.youtube.com/watch?v=EdBdkirSKls,Видео «Идеальное место для загородного дома в Санкт-Петербурге / Обзор популярных районов для дачи» содержит явную привязку к городу.,False,Курортный район обзор мест | Петродворцовый район обзор мест | Пушкинский район обзор мест,2026-08-23T13:24:34.834410+00:00
d45237a20dc629a158f1,Даша | Переехавшая в Петербург,youtube,https://www.youtube.com/@darya_lobanova,darya_lobanova,Санкт-Петербург,157,nano,manual_only,original_profile_opened,https://www.youtube.com/@darya_lobanova,https://www.youtube.com/results?search_query=%D0%9F%D0%B5%D1%82%D0%B5%D1%80%D0%B1%D1%83%D1%80%D0%B3+%D0%B3%D0%BE%D1%80%D0%BE%D0%B4%D1%81%D0%BA%D0%BE%D0%B9+%D0%B1%D0%BB%D0%BE%D0%B3&hl=ru,https://www.youtube.com/watch?v=85k8KvD-Gpg,Видео «Как планировать бюджет на переезд в другой город | Переезд в Санкт-Петербург» содержит явную привязку к городу.,False,Петербург городской блог,2026-08-23T13:24:14.285342+00:00
0a2e4451785a84e2ad07,Даша на шпагате и пуделя,youtube,https://www.youtube.com/@dasha_tuti_pudi,dasha_tuti_pudi,Санкт-Петербург,588,nano,manual_only,original_profile_opened,https://www.youtube.com/@dasha_tuti_pudi,https://www.youtube.com/results?search_query=%D0%B9%D0%BE%D0%B3%D0%B0+%D0%9F%D0%B8%D1%82%D0%B5%D1%80+shorts&hl=ru,https://www.youtube.com/watch?v=xQA2zsmcQVY,Видео «❌Не делайте эту позу.. #yoga #video #shorts #yogi #спб #санктпетербург» содержит явную привязку к городу.,False,йога Питер shorts,2026-08-23T13:24:52.215906+00:00
c2849da15dc2f2ccb796,Даша Никитина,youtube,https://www.youtube.com/@darianktn,darianktn,Санкт-Петербург,2640,nano,manual_only,original_profile_opened,https://www.youtube.com/@darianktn,https://www.youtube.com/results?search_query=%D0%9F%D0%B5%D1%82%D1%80%D0%BE%D0%B3%D1%80%D0%B0%D0%B4%D0%BA%D0%B0+%D0%A1%D0%B0%D0%BD%D0%BA%D1%82-%D0%9F%D0%B5%D1%82%D0%B5%D1%80%D0%B1%D1%83%D1%80%D0%B3+%D0%B1%D0%BB%D0%BE%D0%B3&hl=ru,https://www.youtube.com/watch?v=FgRzTHAjegY,"Видео «Как путешествовать одной? | Петербург, Verle Garden и Петроградка» содержит явную привязку к городу.",False,Петроградка Санкт-Петербург блог,2026-08-23T13:24:44.996514+00:00
2a765315a1474a2680b9,ДВИЖнеДВИЖ,youtube,https://www.youtube.com/@dvizh_ne_dvizh,dvizh_ne_dvizh,Санкт-Петербург,953,nano,manual_only,original_profile_opened,https://www.youtube.com/@dvizh_ne_dvizh,https://www.youtube.com/results?search_query=%D0%A0%D1%8B%D0%B1%D0%B0%D1%86%D0%BA%D0%BE%D0%B5+%D0%BA%D1%83%D0%B4%D0%B0+%D1%81%D1%85%D0%BE%D0%B4%D0%B8%D1%82%D1%8C&hl=ru,https://www.youtube.com/watch?v=l3xRb9Lpu3U,Видео «Выпуск 17 : Во что застройщики превратили Рыбацкое! Живи! В Рыбацком | СПБ |САМОЛЕТ» содержит явную привязку к городу.,False,Рыбацкое Санкт-Петербург блог | Рыбацкое куда сходить,2026-08-23T13:24:40.394279+00:00
50019708f0d2a8fa677b,Дегустейшн,youtube,https://www.youtube.com/@%D0%94%D0%B5%D0%B3%D1%83%D1%81%D1%82%D0%B5%D0%B9%D1%88%D0%BD,%D0%94%D0%B5%D0%B3%D1%83%D1%81%D1%82%D0%B5%D0%B9%D1%88%D0%BD,Санкт-Петербург,4380,nano,manual_only,original_profile_opened,https://www.youtube.com/@%D0%94%D0%B5%D0%B3%D1%83%D1%81%D1%82%D0%B5%D0%B9%D1%88%D0%BD,https://www.youtube.com/results?search_query=%D1%81%D1%82%D1%80%D0%B8%D1%82%D1%84%D1%83%D0%B4+%D0%A1%D0%9F%D0%B1+%D0%B1%D0%BB%D0%BE%D0%B3%D0%B5%D1%80&hl=ru,https://www.youtube.com/watch?v=rq8JjL2qwRY,Видео «СЕКРЕТНАЯ КИТАЙСКАЯ СТОЛОВКА В ПИТЕРЕ ● Блогеры одобряют?» содержит явную привязку к городу.,False,стритфуд СПб блогер,2026-08-23T13:24:50.979600+00:00
45fbb9fa99d830e30e54,"Денис Иливанов - ""Вся Правда о новостройках""",youtube,https://www.youtube.com/@denisilivanov,denisilivanov,Санкт-Петербург,1730,nano,manual_only,original_profile_opened,https://www.youtube.com/@denisilivanov,https://www.youtube.com/results?search_query=%D0%90%D0%B4%D0%BC%D0%B8%D1%80%D0%B0%D0%BB%D1%82%D0%B5%D0%B9%D1%81%D0%BA%D0%B8%D0%B9+%D1%80%D0%B0%D0%B9%D0%BE%D0%BD+%D1%81%D0%B5%D0%BC%D0%B5%D0%B9%D0%BD%D1%8B%D0%B9+%D0%BE%D0%B1%D0%B7%D0%BE%D1%80&hl=ru,https://www.youtube.com/watch?v=v-hUdfH6cNs,"Видео «Обзор ЖК ""Идеалист"" в Адмиралтейском районе СПб: Элитное Жилье в центре Петербурга!» содержит явную привязку к городу.",False,Адмиралтейский район семейный обзор,2026-08-23T13:24:25.603554+00:00
3a002b4e14f4afb7204e,Дентал Клиник СПБ,youtube,https://www.youtube.com/@dentalclinicspb,dentalclinicspb,Санкт-Петербург,29,nano,manual_only,original_profile_opened,https://www.youtube.com/@dentalclinicspb,https://www.youtube.com/results?search_query=%D1%81%D1%82%D0%BE%D0%BC%D0%B0%D1%82%D0%BE%D0%BB%D0%BE%D0%B3%D0%B8%D0%B8+%D0%A1%D0%B0%D0%BD%D0%BA%D1%82-%D0%9F%D0%B5%D1%82%D0%B5%D1%80%D0%B1%D1%83%D1%80%D0%B3+%D0%BE%D0%B1%D0%B7%D0%BE%D1%80&hl=ru,https://www.youtube.com/watch?v=7lp6c7iWoG0,Видео «Видео обзор клиники на ул. Ушинского 3 Санкт-Петербург» содержит явную привязку к городу.,False,стоматологии Санкт-Петербург обзор,2026-08-23T13:24:52.972603+00:00
d96714a7862dea98b524,ДЕНЬ ИЗ МОЕЙ ЖИЗНИ,youtube,https://www.youtube.com/@%D0%94%D0%95%D0%9D%D0%AC%D0%98%D0%97%D0%9C%D0%9E%D0%95%D0%99%D0%96%D0%98%D0%97%D0%9D%D0%98-%D0%BE8%D1%81,%D0%94%D0%95%D0%9D%D0%AC%D0%98%D0%97%D0%9C%D0%9E%D0%95%D0%99%D0%96%D0%98%D0%97%D0%9D%D0%98-%D0%BE8%D1%81,Санкт-Петербург,1040,nano,manual_only,original_profile_opened,https://www.youtube.com/@%D0%94%D0%95%D0%9D%D0%AC%D0%98%D0%97%D0%9C%D0%9E%D0%95%D0%99%D0%96%D0%98%D0%97%D0%9D%D0%98-%D0%BE8%D1%81,https://www.youtube.com/results?search_query=%D0%9D%D0%BE%D0%B2%D0%B0%D1%8F+%D0%93%D0%BE%D0%BB%D0%BB%D0%B0%D0%BD%D0%B4%D0%B8%D1%8F+%D0%BE%D0%B1%D0%B7%D0%BE%D1%80+%D0%BC%D0%B5%D1%81%D1%82&hl=ru,https://www.youtube.com/watch?v=7uaYtYX0qzc,Видео «НОВАЯ ГОЛЛАНДИЯ СПб |Достопримечательности Санкт-Петербурга| Новая Голландия |остров Новая Голландия» содержит явную привязку к городу.,False,Новая Голландия куда сходить | Новая Голландия обзор мест,2026-08-23T13:24:45.827975+00:00
ac9732a24f03a4c591c6,Деревенский заколхоз,youtube,https://www.youtube.com/@derevenskiy_zakolhoz,derevenskiy_zakolhoz,Санкт-Петербург,52600,micro,manual_only,original_profile_opened,https://www.youtube.com/@derevenskiy_zakolhoz,https://www.youtube.com/results?search_query=%D0%A1%D0%B5%D1%81%D1%82%D1%80%D0%BE%D1%80%D0%B5%D1%86%D0%BA+%D0%A1%D0%B0%D0%BD%D0%BA%D1%82-%D0%9F%D0%B5%D1%82%D0%B5%D1%80%D0%B1%D1%83%D1%80%D0%B3+%D0%B1%D0%BB%D0%BE%D0%B3&hl=ru,https://www.youtube.com/watch?v=LL7BApcA7Rg,"Видео «#Сестрорецк 2025 Самый крутой курорт Петербурга Пляжи, честный обзор» содержит явную привязку к городу.",False,Сестрорецк Санкт-Петербург блог | Сестрорецк куда сходить | Сестрорецк обзор мест | Сестрорецк семейный обзор,2026-08-23T13:24:44.151228+00:00
439110654e75458ab951,ДжиТи Лайт,youtube,https://www.youtube.com/@TheGtlight,TheGtlight,Санкт-Петербург,517,nano,manual_only,original_profile_opened,https://www.youtube.com/@TheGtlight,https://www.youtube.com/results?search_query=%D0%A2%D0%A0%D0%9A+%D0%90%D1%82%D0%BC%D0%BE%D1%81%D1%84%D0%B5%D1%80%D0%B0+%D0%A1%D0%B0%D0%BD%D0%BA%D1%82-%D0%9F%D0%B5%D1%82%D0%B5%D1%80%D0%B1%D1%83%D1%80%D0%B3+%D0%BE%D0%B1%D0%B7%D0%BE%D1%80&hl=ru,https://www.youtube.com/watch?v=3IKcBJ2N1u4,"Видео «Светодиодный экран для рекламы, Санкт-Петербург, «Теле2», ТРК «Атмосфера» | ДжиТи Лайт» содержит явную привязку к городу.",True,ТРК Атмосфера Санкт-Петербург обзор,2026-08-23T13:24:18.227663+00:00
d65174ce5fe3798c5842,Диана Якупова,youtube,https://www.youtube.com/@ona_diana,ona_diana,Санкт-Петербург,3930,nano,manual_only,original_profile_opened,https://www.youtube.com/@ona_diana,https://www.youtube.com/results?search_query=%D0%B9%D0%BE%D0%B3%D0%B0+%D0%A1%D0%B0%D0%BD%D0%BA%D1%82-%D0%9F%D0%B5%D1%82%D0%B5%D1%80%D0%B1%D1%83%D1%80%D0%B3+%D0%BE%D0%B1%D0%B7%D0%BE%D1%80&hl=ru,https://www.youtube.com/watch?v=3W6o9hq_lfo,"Видео «ОБЗОР САМЫХ КРАСИВЫХ СТУДИЙ ПИЛАТЕСА И ЙОГИ В ПИТЕРЕ: Zefir, Flex Balance, Fitnoteca | ФИЛЬМ ВЫЗОВ» содержит явную привязку к городу.",False,йога Санкт-Петербург обзор | лучшие йога Петербург,2026-08-23T13:24:52.550286+00:00
c835756fde22d4a0532d,Дизайн и ремонт квартир,youtube,https://www.youtube.com/@Ininteriorstudio,Ininteriorstudio,Санкт-Петербург,14100,micro,manual_only,original_profile_opened,https://www.youtube.com/@Ininteriorstudio,https://www.youtube.com/results?search_query=%D0%B4%D0%B8%D0%B7%D0%B0%D0%B9%D0%BD+%D0%B8%D0%BD%D1%82%D0%B5%D1%80%D1%8C%D0%B5%D1%80%D0%B0+%D0%A1%D0%9F%D0%B1+%D0%B1%D0%BB%D0%BE%D0%B3%D0%B5%D1%80&hl=ru,https://www.youtube.com/watch?v=HEaSP2z7xHA,Видео «Дизайн интерьера СПБ. Квартира на Крестовском острове. #Продизайн» содержит явную привязку к городу.,False,дизайн интерьера СПб блогер | лучшие дизайн интерьера Петербург | ремонт Санкт-Петербург обзор,2026-08-23T13:25:01.809351+00:00
8255b3bd6dbda9bce7be,Дизайнер Батеньков Александр,youtube,https://www.youtube.com/@BatenkoffRu,BatenkoffRu,Санкт-Петербург,115000,mid,manual_only,original_profile_opened,https://www.youtube.com/@BatenkoffRu,https://www.youtube.com/results?search_query=%D0%9A%D1%80%D0%B0%D1%81%D0%BD%D0%BE%D0%B3%D0%B2%D0%B0%D1%80%D0%B4%D0%B5%D0%B9%D1%81%D0%BA%D0%B8%D0%B9+%D1%80%D0%B0%D0%B9%D0%BE%D0%BD+%D0%A1%D0%B0%D0%BD%D0%BA%D1%82-%D0%9F%D0%B5%D1%82%D0%B5%D1%80%D0%B1%D1%83%D1%80%D0%B3+%D0%B1%D0%BB%D0%BE%D0%B3&hl=ru,https://www.youtube.com/watch?v=VGyHnI5yAog,Видео «Как устроен город Санкт Петербург #дизайнер #отделка #подключ #дизайн #ремонт #вип #construction» содержит явную привязку к городу.,False,Красногвардейский район Санкт-Петербург блог | стоматологии Санкт-Петербург обзор,2026-08-23T13:24:32.722842+00:00
0d5e064d994b1933449f,ДИЗАЙНЕР ИНТЕРЬЕРА СПБ,youtube,https://www.youtube.com/@designer_spb,designer_spb,Санкт-Петербург,1470,nano,manual_only,original_profile_opened,https://www.youtube.com/@designer_spb,https://www.youtube.com/results?search_query=%D1%80%D0%B5%D0%BC%D0%BE%D0%BD%D1%82+%D0%A1%D0%B0%D0%BD%D0%BA%D1%82-%D0%9F%D0%B5%D1%82%D0%B5%D1%80%D0%B1%D1%83%D1%80%D0%B3+%D0%BE%D0%B1%D0%B7%D0%BE%D1%80&hl=ru,https://www.youtube.com/watch?v=j3y4pEyFLWo,Видео «Обзор квартиры 100 м в стиле современной классики в центре Петербурга» содержит явную привязку к городу.,False,дизайн интерьера Санкт-Петербург обзор | лучшие дизайн интерьера Петербург | ремонт Санкт-Петербург обзор,2026-08-23T13:25:01.688761+00:00
b1b759dd999d58f41b36,Дина Рай,youtube,https://www.youtube.com/@businka_dins,businka_dins,Санкт-Петербург,2640,nano,manual_only,original_profile_opened,https://www.youtube.com/@businka_dins,https://www.youtube.com/results?search_query=%D0%9C%D0%BE%D1%81%D0%BA%D0%BE%D0%B2%D1%81%D0%BA%D0%B8%D0%B9+%D1%80%D0%B0%D0%B9%D0%BE%D0%BD+%D0%A1%D0%B0%D0%BD%D0%BA%D1%82-%D0%9F%D0%B5%D1%82%D0%B5%D1%80%D0%B1%D1%83%D1%80%D0%B3+%D0%B1%D0%BB%D0%BE%D0%B3&hl=ru,https://www.youtube.com/watch?v=q5YWuYXIZMI,Видео «ЖИЗНЬ ВО ВРЕМЯ КАРАНТИНА | Санкт-Петербург/Московский район» содержит явную привязку к городу.,False,Московский район Санкт-Петербург блог | Фрунзенский район Санкт-Петербург блог,2026-08-23T13:24:34.992496+00:00
5ff3f2f69b02cd8d1949,Дмитрий Бумагин,youtube,https://www.youtube.com/@dimabumagin,dimabumagin,Санкт-Петербург,490,nano,manual_only,original_profile_opened,https://www.youtube.com/@dimabumagin,https://www.youtube.com/results?search_query=%D0%9F%D0%B0%D1%80%D0%BD%D0%B0%D1%81+%D0%A1%D0%B0%D0%BD%D0%BA%D1%82-%D0%9F%D0%B5%D1%82%D0%B5%D1%80%D0%B1%D1%83%D1%80%D0%B3+%D0%B1%D0%BB%D0%BE%D0%B3&hl=ru,https://www.youtube.com/watch?v=LxluPoTs8gk,"Видео «Парнас в Петербурге: плюсы, минусы и личный опыт жизни с 2012 года» содержит явную привязку к городу.",False,Парнас Санкт-Петербург блог | Парнас кафе обзор | Парнас куда сходить | Парнас обзор мест | Парнас семейный обзор,2026-08-23T13:24:38.104630+00:00
ff3ed3ce3d6192df741a,Дмитрий в Большом городе,youtube,https://www.youtube.com/@DmitriyPiter,DmitriyPiter,Санкт-Петербург,466,nano,manual_only,original_profile_opened,https://www.youtube.com/@DmitriyPiter,https://www.youtube.com/results?search_query=%D0%92%D0%B0%D1%81%D0%B8%D0%BB%D0%B5%D0%BE%D1%81%D1%82%D1%80%D0%BE%D0%B2%D1%81%D0%BA%D0%B8%D0%B9+%D1%80%D0%B0%D0%B9%D0%BE%D0%BD+%D0%A1%D0%B0%D0%BD%D0%BA%D1%82-%D0%9F%D0%B5%D1%82%D0%B5%D1%80%D0%B1%D1%83%D1%80%D0%B3+%D0%B1%D0%BB%D0%BE%D0%B3&hl=ru,https://www.youtube.com/watch?v=V4adVxKKXSs,Видео «Санкт-Петербург / Прогулка по Васильевскому острову / 4К» содержит явную привязку к городу.,False,Василеостровский район Санкт-Петербург блог | Васильевский остров Санкт-Петербург блог | Васильевский остров куда сходить,2026-08-23T13:24:31.038434+00:00
ef2e80fc104372cc1d4b,Дмитрий Медведев,youtube,https://www.youtube.com/@%D0%94%D0%BC%D0%B8%D1%82%D1%80%D0%B8%D0%B9%D0%9C%D0%B5%D0%B4%D0%B2%D0%B5%D0%B4%D0%B5%D0%B2-%D0%BE8%D0%B3,%D0%94%D0%BC%D0%B8%D1%82%D1%80%D0%B8%D0%B9%D0%9C%D0%B5%D0%B4%D0%B2%D0%B5%D0%B4%D0%B5%D0%B2-%D0%BE8%D0%B3,Санкт-Петербург,16,nano,manual_only,original_profile_opened,https://www.youtube.com/@%D0%94%D0%BC%D0%B8%D1%82%D1%80%D0%B8%D0%B9%D0%9C%D0%B5%D0%B4%D0%B2%D0%B5%D0%B4%D0%B5%D0%B2-%D0%BE8%D0%B3,https://www.youtube.com/results?search_query=%D0%9A%D1%83%D1%80%D0%BE%D1%80%D1%82%D0%BD%D1%8B%D0%B9+%D1%80%D0%B0%D0%B9%D0%BE%D0%BD+%D0%A1%D0%B0%D0%BD%D0%BA%D1%82-%D0%9F%D0%B5%D1%82%D0%B5%D1%80%D0%B1%D1%83%D1%80%D0%B3+%D0%B1%D0%BB%D0%BE%D0%B3&hl=ru,https://www.youtube.com/watch?v=sgP118N17-k,Видео «Курортный район п. Песочный (Санкт-Петербург)» содержит явную привязку к городу.,False,Курортный район Санкт-Петербург блог,2026-08-23T13:24:33.687594+00:00
2231fa3356b3f2276d93,Дмитрий Новиков,youtube,https://www.youtube.com/@%D0%94%D0%BC%D0%B8%D1%82%D1%80%D0%B8%D0%B9%D0%9D%D0%BE%D0%B2%D0%B8%D0%BA%D0%BE%D0%B2-%D1%8D7%D0%BA,%D0%94%D0%BC%D0%B8%D1%82%D1%80%D0%B8%D0%B9%D0%9D%D0%BE%D0%B2%D0%B8%D0%BA%D0%BE%D0%B2-%D1%8D7%D0%BA,Санкт-Петербург,319,nano,manual_only,original_profile_opened,https://www.youtube.com/@%D0%94%D0%BC%D0%B8%D1%82%D1%80%D0%B8%D0%B9%D0%9D%D0%BE%D0%B2%D0%B8%D0%BA%D0%BE%D0%B2-%D1%8D7%D0%BA,https://www.youtube.com/results?search_query=%D0%9A%D0%B0%D0%BB%D0%B8%D0%BD%D0%B8%D0%BD%D1%81%D0%BA%D0%B8%D0%B9+%D1%80%D0%B0%D0%B9%D0%BE%D0%BD+%D0%A1%D0%B0%D0%BD%D0%BA%D1%82-%D0%9F%D0%B5%D1%82%D0%B5%D1%80%D0%B1%D1%83%D1%80%D0%B3+%D0%B1%D0%BB%D0%BE%D0%B3&hl=ru,https://www.youtube.com/watch?v=hXSMCkIsYsQ,Видео «Калининский район Петербурга» содержит явную привязку к городу.,False,Калининский район Санкт-Петербург блог,2026-08-23T13:24:30.953820+00:00
4498defd27971b81b1b4,Дмитрий Резунов / Сам Себе Музыкант,youtube,https://www.youtube.com/@%D0%A0%D0%B5%D0%B7%D1%83%D0%BD%D0%BE%D0%B2,%D0%A0%D0%B5%D0%B7%D1%83%D0%BD%D0%BE%D0%B2,Санкт-Петербург,122,nano,manual_only,original_profile_opened,https://www.youtube.com/@%D0%A0%D0%B5%D0%B7%D1%83%D0%BD%D0%BE%D0%B2,https://www.youtube.com/results?search_query=%D0%90%D0%B4%D0%BC%D0%B8%D1%80%D0%B0%D0%BB%D1%82%D0%B5%D0%B9%D1%81%D0%BA%D0%B8%D0%B9+%D1%80%D0%B0%D0%B9%D0%BE%D0%BD+%D0%A1%D0%B0%D0%BD%D0%BA%D1%82-%D0%9F%D0%B5%D1%82%D0%B5%D1%80%D0%B1%D1%83%D1%80%D0%B3+%D0%B1%D0%BB%D0%BE%D0%B3&hl=ru,https://www.youtube.com/watch?v=jQLn-Aqbzm8,Видео «Прогулка по Адмиралтейскому району Санкт-Петербурга 19 мая 2025» содержит явную привязку к городу.,False,Адмиралтейский район Санкт-Петербург блог | Васильевский остров Санкт-Петербург блог,2026-08-23T13:24:25.806895+00:00
f6516add77e8711ac45d,Дневник Директора Школы,youtube,https://www.youtube.com/@dnevnikdirektora,dnevnikdirektora,Санкт-Петербург,8930,nano,manual_only,original_profile_opened,https://www.youtube.com/@dnevnikdirektora,https://www.youtube.com/results?search_query=%D0%92%D0%B0%D1%81%D0%B8%D0%BB%D1%8C%D0%B5%D0%B2%D1%81%D0%BA%D0%B8%D0%B9+%D0%BE%D1%81%D1%82%D1%80%D0%BE%D0%B2+%D0%A1%D0%B0%D0%BD%D0%BA%D1%82-%D0%9F%D0%B5%D1%82%D0%B5%D1%80%D0%B1%D1%83%D1%80%D0%B3+%D0%B1%D0%BB%D0%BE%D0%B3&hl=ru,https://www.youtube.com/watch?v=PqukGROO1nk,Видео «Почему Васильевский остров не стал центром Петербурга?» содержит явную привязку к городу.,False,Васильевский остров Санкт-Петербург блог | Васильевский остров куда сходить,2026-08-23T13:24:44.981040+00:00
f507188aca62a22636e0,Дневник петербурженки,youtube,https://www.youtube.com/@Life_78,Life_78,Санкт-Петербург,211,nano,manual_only,original_profile_opened,https://www.youtube.com/@Life_78,https://www.youtube.com/results?search_query=%D0%9E%D0%B7%D0%B5%D1%80%D0%BA%D0%B8+%D0%BA%D1%83%D0%B4%D0%B0+%D1%81%D1%85%D0%BE%D0%B4%D0%B8%D1%82%D1%8C&hl=ru,https://www.youtube.com/watch?v=inx8-uqOOP8,"Видео «Лето🌼🌾-это маленькая жизнь😍. Санкт-Петербург, станция метро"" Озерки"".» содержит явную привязку к городу.",False,Озерки куда сходить,2026-08-23T13:24:39.846217+00:00
eccfcd9d01990392b7c4,Долгие Тренировки,youtube,https://www.youtube.com/@DolgieTrenirovki,DolgieTrenirovki,Санкт-Петербург,107,nano,manual_only,original_profile_opened,https://www.youtube.com/@DolgieTrenirovki,https://www.youtube.com/results?search_query=HIT+FITNESS+%D0%A1%D0%B0%D0%BD%D0%BA%D1%82-%D0%9F%D0%B5%D1%82%D0%B5%D1%80%D0%B1%D1%83%D1%80%D0%B3+%D0%BE%D0%B1%D0%B7%D0%BE%D1%80&hl=ru,https://www.youtube.com/watch?v=TbRW-2pofcM,Видео «Обзор Фитнес Хауса на Комендантском проспекте 2А в Санкт Петербурге 💪» содержит явную привязку к городу.,True,FITNESSBAR Санкт-Петербург обзор | Fitness House Санкт-Петербург обзор | HIT FITNESS Санкт-Петербург обзор | Newfit Санкт-Петербург обзор | фитнес Санкт-Петербург обзор,2026-08-23T13:24:16.015046+00:00
5dba9d0805e6947b5dad,ДОРОГИ Санкт-Петербурга,youtube,https://www.youtube.com/@thebbest123,thebbest123,Санкт-Петербург,1760,nano,manual_only,original_profile_opened,https://www.youtube.com/@thebbest123,https://www.youtube.com/results?search_query=%D0%A2%D0%A0%D0%9A+%D0%90%D1%82%D0%BC%D0%BE%D1%81%D1%84%D0%B5%D1%80%D0%B0+%D0%A1%D0%B0%D0%BD%D0%BA%D1%82-%D0%9F%D0%B5%D1%82%D0%B5%D1%80%D0%B1%D1%83%D1%80%D0%B3+%D0%BE%D0%B1%D0%B7%D0%BE%D1%80&hl=ru,https://www.youtube.com/watch?v=NWhrklGXBus,"Видео «Санкт-Петербург. Комендантский проспект, проспект Королёва, Коломяжский.» содержит явную привязку к городу.",True,Комендантский проспект Санкт-Петербург блог | Комендантский проспект обзор мест | ТРК Атмосфера Санкт-Петербург обзор,2026-08-23T13:24:17.843184+00:00
3dba49c62c728c16b5d1,Доходная недвижимость в Москве. Евгений Барболин,youtube,https://www.youtube.com/@e.barbolin,e.barbolin,Санкт-Петербург,1430,nano,manual_only,original_profile_opened,https://www.youtube.com/@e.barbolin,https://www.youtube.com/results?search_query=%D0%A7%D0%B5%D1%80%D0%BD%D0%B0%D1%8F+%D1%80%D0%B5%D1%87%D0%BA%D0%B0+%D0%A1%D0%B0%D0%BD%D0%BA%D1%82-%D0%9F%D0%B5%D1%82%D0%B5%D1%80%D0%B1%D1%83%D1%80%D0%B3+%D0%B1%D0%BB%D0%BE%D0%B3&hl=ru,https://www.youtube.com/watch?v=HsogIaIwW1c,Видео «ЖК ZOOM Черная речка. Санкт-Петербург. Обзор локации» содержит явную привязку к городу.,False,Черная речка Санкт-Петербург блог,2026-08-23T13:24:48.502388+00:00
d81a4501b53f70dd82d7,ДРУГАЯ СТРАНА,youtube,https://www.youtube.com/@DRUGAYA_STRANA,DRUGAYA_STRANA,Санкт-Петербург,111000,mid,manual_only,original_profile_opened,https://www.youtube.com/@DRUGAYA_STRANA,https://www.youtube.com/results?search_query=%D0%9F%D0%B5%D1%82%D0%B5%D1%80%D0%B1%D1%83%D1%80%D0%B3+%D0%B1%D0%BB%D0%BE%D0%B3%D0%B5%D1%80&hl=ru,https://www.youtube.com/watch?v=ip22k1oFR8U,Видео «🤯ШОК: Питер ПЕРЕХОДИТ на сторону ВСУ? Блогер ЖДЕТ армию с цветами. КРАХ режима у Путина ПОД НОСОМ?» содержит явную привязку к городу.,False,Петербург блогер,2026-08-23T13:24:13.532143+00:00
2451295ff1bab79d9c27,Душа Санкт-Петербурга,youtube,https://www.youtube.com/@-spb2024,-spb2024,Санкт-Петербург,160000,mid,manual_only,original_profile_opened,https://www.youtube.com/@-spb2024,https://www.youtube.com/results?search_query=%D0%A1%D0%9F%D0%B1+%D0%B0%D0%B2%D1%82%D0%BE%D1%80%D1%81%D0%BA%D0%B8%D0%B9+%D0%BA%D0%B0%D0%BD%D0%B0%D0%BB&hl=ru,https://www.youtube.com/watch?v=HpP4OwamGTU,Видео «Экскурсия по рекам и каналам Петербурга с Сергеем Нечаевым.» содержит явную привязку к городу.,False,СПб авторский канал | выставки Санкт-Петербург обзор | лучшие выставки Петербург | лучшие музеи Петербург | лучшие экскурсии Петербург | музеи СПб блогер | музеи Санкт-Петербург обзор | экскурсии СПб блогер | экскурсии Санкт-Петербург обзор,2026-08-23T13:24:12.536999+00:00
29b1643b32093a4f0a7a,Ева Спа,youtube,https://www.youtube.com/@%D0%95%D0%B2%D0%B0%D0%A1%D0%BF%D0%B0-%D0%B45%D1%8C,%D0%95%D0%B2%D0%B0%D0%A1%D0%BF%D0%B0-%D0%B45%D1%8C,Санкт-Петербург,12,nano,manual_only,original_profile_opened,https://www.youtube.com/@%D0%95%D0%B2%D0%B0%D0%A1%D0%BF%D0%B0-%D0%B45%D1%8C,https://www.youtube.com/results?search_query=%D0%BC%D0%B0%D1%81%D1%81%D0%B0%D0%B6+%D0%B8+SPA+%D0%A1%D0%9F%D0%B1+%D0%B1%D0%BB%D0%BE%D0%B3%D0%B5%D1%80&hl=ru,https://www.youtube.com/watch?v=vy1357N3Kic,"Видео «Spa-салон ""EVA SPA"" Санкт-Петербург,Красное Село» содержит явную привязку к городу.",False,массаж и SPA СПб блогер,2026-08-23T13:24:52.079060+00:00
75d87cb7ba4ac71a71cf,Евгений Анцупов,youtube,https://www.youtube.com/@%D0%95%D0%B2%D0%B3%D0%B5%D0%BD%D0%B8%D0%B9%D0%90%D0%BD%D1%86%D1%83%D0%BF%D0%BE%D0%B2-%D1%8E7%D1%89,%D0%95%D0%B2%D0%B3%D0%B5%D0%BD%D0%B8%D0%B9%D0%90%D0%BD%D1%86%D1%83%D0%BF%D0%BE%D0%B2-%D1%8E7%D1%89,Санкт-Петербург,2,nano,manual_only,original_profile_opened,https://www.youtube.com/@%D0%95%D0%B2%D0%B3%D0%B5%D0%BD%D0%B8%D0%B9%D0%90%D0%BD%D1%86%D1%83%D0%BF%D0%BE%D0%B2-%D1%8E7%D1%89,https://www.youtube.com/results?search_query=%D0%9A%D0%B8%D1%80%D0%BE%D0%B2%D1%81%D0%BA%D0%B8%D0%B9+%D1%80%D0%B0%D0%B9%D0%BE%D0%BD+%D0%A1%D0%B0%D0%BD%D0%BA%D1%82-%D0%9F%D0%B5%D1%82%D0%B5%D1%80%D0%B1%D1%83%D1%80%D0%B3+%D0%B1%D0%BB%D0%BE%D0%B3&hl=ru,https://www.youtube.com/watch?v=0h4l0XGGv7k,Видео «Город Санкт-Петербург Кировский район» содержит явную привязку к городу.,False,Кировский район Санкт-Петербург блог,2026-08-23T13:24:31.716733+00:00
c35710e58959ca46b853,Евгений Бескровный | Честно о недвижимости,youtube,https://www.youtube.com/@beskrovnyi_evgenyi,beskrovnyi_evgenyi,Санкт-Петербург,197,nano,manual_only,original_profile_opened,https://www.youtube.com/@beskrovnyi_evgenyi,https://www.youtube.com/results?search_query=%D0%9A%D1%83%D1%80%D0%BE%D1%80%D1%82%D0%BD%D1%8B%D0%B9+%D1%80%D0%B0%D0%B9%D0%BE%D0%BD+%D0%BE%D0%B1%D0%B7%D0%BE%D1%80+%D0%BC%D0%B5%D1%81%D1%82&hl=ru,https://www.youtube.com/watch?v=lyvmPfKuhO8,Видео «Секреты Курортного района Санкт-Петербурга: откровенный разговор об идеальной загородной жизни в СПб» содержит явную привязку к городу.,False,Курортный район обзор мест,2026-08-23T13:24:34.713326+00:00
036ca050a031def42319,Евгений Вайнтруб | Новостройки | СПБ,youtube,https://www.youtube.com/@evgeny_vaintrub,evgeny_vaintrub,Санкт-Петербург,68,nano,manual_only,original_profile_opened,https://www.youtube.com/@evgeny_vaintrub,https://www.youtube.com/results?search_query=%D0%92%D0%B0%D1%81%D0%B8%D0%BB%D1%8C%D0%B5%D0%B2%D1%81%D0%BA%D0%B8%D0%B9+%D0%BE%D1%81%D1%82%D1%80%D0%BE%D0%B2+%D1%81%D0%B5%D0%BC%D0%B5%D0%B9%D0%BD%D1%8B%D0%B9+%D0%BE%D0%B1%D0%B7%D0%BE%D1%80&hl=ru,https://www.youtube.com/watch?v=63JHLXl1YKA,Видео «Васильевский остров - лучший для жизни в Санкт-Петербурге?» содержит явную привязку к городу.,False,Васильевский остров семейный обзор,2026-08-23T13:24:45.349080+00:00
97e9b5ebe5de7d69cd63,Евгения | Тревел путешествия с лайфхаками,youtube,https://www.youtube.com/@evg.grigoreva,evg.grigoreva,Санкт-Петербург,183,nano,manual_only,original_profile_opened,https://www.youtube.com/@evg.grigoreva,https://www.youtube.com/results?search_query=%D0%A1%D0%9F%D0%B1+%D0%BA%D1%83%D0%B4%D0%B0+%D1%81%D1%85%D0%BE%D0%B4%D0%B8%D1%82%D1%8C&hl=ru,https://www.youtube.com/watch?v=F8LKay_BHIk,"Видео «Санкт-Петербург - большой обзор, куда сходить, что интересного посмотреть, план на неделю» содержит явную привязку к городу.",False,СПб куда сходить | туризм Санкт-Петербург обзор,2026-08-23T13:24:14.875700+00:00
32a649c759bc48f77a81,Евгения Бровкина | В сети,youtube,https://www.youtube.com/@brovkina_life,brovkina_life,Санкт-Петербург,330,nano,manual_only,original_profile_opened,https://www.youtube.com/@brovkina_life,https://www.youtube.com/results?search_query=%D0%9D%D0%B5%D0%B2%D1%81%D0%BA%D0%B8%D0%B9+%D1%80%D0%B0%D0%B9%D0%BE%D0%BD+%D0%A1%D0%B0%D0%BD%D0%BA%D1%82-%D0%9F%D0%B5%D1%82%D0%B5%D1%80%D0%B1%D1%83%D1%80%D0%B3+%D0%B1%D0%BB%D0%BE%D0%B3&hl=ru,https://www.youtube.com/watch?v=pZylejkMdkg,Видео «Невский район» содержит явную привязку к городу.,False,Невский район Санкт-Петербург блог,2026-08-23T13:24:34.756108+00:00
34071b6edf8f8e819895,ЕГОР ШУТОВ: ЧЕСТНЫЕ НОВОСТРОЙКИ САНКТ-ПЕТЕРБУРГА,youtube,https://www.youtube.com/@novostroyki_chestno,novostroyki_chestno,Санкт-Петербург,1260,nano,manual_only,original_profile_opened,https://www.youtube.com/@novostroyki_chestno,https://www.youtube.com/results?search_query=%D0%BD%D0%BE%D0%B2%D0%BE%D1%81%D1%82%D1%80%D0%BE%D0%B9%D0%BA%D0%B8+%D0%A1%D0%B0%D0%BD%D0%BA%D1%82-%D0%9F%D0%B5%D1%82%D0%B5%D1%80%D0%B1%D1%83%D1%80%D0%B3+%D0%BE%D0%B1%D0%B7%D0%BE%D1%80&hl=ru,https://www.youtube.com/watch?v=4i2yBNgCrWg,Видео «ЖК «Универ Сити» от Setl Group – Лучший ЖК на юге Петербурга? Полный разбор проекта!» содержит явную привязку к городу.,False,жилые комплексы Санкт-Петербург обзор | лучшие новостройки Петербург | новостройки СПб блогер | новостройки Санкт-Петербург обзор,2026-08-23T13:25:02.233979+00:00
66bf02574534a30e99d5,Егория Абанина,youtube,https://www.youtube.com/@egoriya.spb.realty,egoriya.spb.realty,Санкт-Петербург,151,nano,manual_only,original_profile_opened,https://www.youtube.com/@egoriya.spb.realty,https://www.youtube.com/results?search_query=%D0%9B%D1%8B%D0%B6%D0%BD%D1%8B%D0%B9+2+%D0%A1%D0%B0%D0%BD%D0%BA%D1%82-%D0%9F%D0%B5%D1%82%D0%B5%D1%80%D0%B1%D1%83%D1%80%D0%B3+%D0%BE%D0%B1%D0%B7%D0%BE%D1%80&hl=ru,https://www.youtube.com/watch?v=zT-5GZkq6Os,"Видео «Купить студию Лыжный пер. 4 корп. 3 СПб, Приморский район ЖК «Геометрия»» содержит явную привязку к городу.",True,Дом с курантами Санкт-Петербург обзор | Лыжный 2 Санкт-Петербург обзор,2026-08-23T13:24:23.272417+00:00
668e02e08b7a61967eae,ЕГЭ ФИЗИКА | Снежана Планк | Вебиум,youtube,https://www.youtube.com/@planck_ege,planck_ege,Санкт-Петербург,71900,micro,manual_only,original_profile_opened,https://www.youtube.com/@planck_ege,https://www.youtube.com/results?search_query=%D0%BE%D0%B1%D1%80%D0%B0%D0%B7%D0%BE%D0%B2%D0%B0%D0%BD%D0%B8%D0%B5+%D0%A1%D0%B0%D0%BD%D0%BA%D1%82-%D0%9F%D0%B5%D1%82%D0%B5%D1%80%D0%B1%D1%83%D1%80%D0%B3+%D0%BE%D0%B1%D0%B7%D0%BE%D1%80&hl=ru,https://www.youtube.com/watch?v=gTDt99yyEvU,"Видео «ВСЁ ПРО ГОРНЫЙ | Сессии, общаги, форма, столовые | Стоит ли поступать туда?» содержит явную привязку к городу.",False,образование Санкт-Петербург обзор,2026-08-23T13:25:06.630360+00:00
1d6cc21a47b1feee184a,ежик в книжном тумане,youtube,https://www.youtube.com/@yozhik_v_knizhnom_tumane,yozhik_v_knizhnom_tumane,Санкт-Петербург,2780,nano,manual_only,original_profile_opened,https://www.youtube.com/@yozhik_v_knizhnom_tumane,https://www.youtube.com/results?search_query=%D0%BA%D0%BD%D0%B8%D0%B6%D0%BD%D1%8B%D0%B5+%D0%BC%D0%B0%D0%B3%D0%B0%D0%B7%D0%B8%D0%BD%D1%8B+%D0%A1%D0%9F%D0%B1+%D0%B1%D0%BB%D0%BE%D0%B3%D0%B5%D1%80&hl=ru,https://www.youtube.com/watch?v=kBydQNR615w,Видео «🌇 КНИЖНЫЕ МАГАЗИНЫ Санкт-Петербурга | праздную день рождения и гуляю по городу | VLOG» содержит явную привязку к городу.,False,книжные магазины СПб блогер,2026-08-23T13:25:06.539768+00:00
2ca5711cf02676254e14,Екатерина Дробышева,youtube,https://www.youtube.com/@ekaterinadrobisheva,ekaterinadrobisheva,Санкт-Петербург,884,nano,manual_only,original_profile_opened,https://www.youtube.com/@ekaterinadrobisheva,https://www.youtube.com/results?search_query=%D0%A1%D0%B5%D1%81%D1%82%D1%80%D0%BE%D1%80%D0%B5%D1%86%D0%BA+%D0%BA%D0%B0%D1%84%D0%B5+%D0%BE%D0%B1%D0%B7%D0%BE%D1%80&hl=ru,https://www.youtube.com/watch?v=NQNcbn9malU,Видео «ЗАГОРОДНЫЙ КЛУБ СКАНДИНАВИЯ г. Сестрорецк #спб #отель #сестрорецк #загородныйотель» содержит явную привязку к городу.,False,Сестрорецк Санкт-Петербург блог | Сестрорецк кафе обзор | Сестрорецк куда сходить | Сестрорецк обзор мест | Удельная Санкт-Петербург блог | Удельная обзор мест,2026-08-23T13:24:41.623166+00:00
e3dfa35c78eb95f5672a,Екатерина Лова🩷,youtube,https://www.youtube.com/@lova_borodina_spb,lova_borodina_spb,Санкт-Петербург,2,nano,manual_only,original_profile_opened,https://www.youtube.com/@lova_borodina_spb,https://www.youtube.com/results?search_query=%D0%9A%D1%83%D0%B4%D1%80%D0%BE%D0%B2%D0%BE+%D0%A1%D0%B0%D0%BD%D0%BA%D1%82-%D0%9F%D0%B5%D1%82%D0%B5%D1%80%D0%B1%D1%83%D1%80%D0%B3+%D0%B1%D0%BB%D0%BE%D0%B3&hl=ru,https://www.youtube.com/watch?v=P8p-7sPkExE,Видео «Блог Ловы «Moments Of Life»: о переезде в Санкт-Петербург🩷» содержит явную привязку к городу.,False,Кудрово Санкт-Петербург блог,2026-08-23T13:24:37.680596+00:00
6e48616401a290340ea4,Екатерина Помпеева,youtube,https://www.youtube.com/@katyyyyaa,katyyyyaa,Санкт-Петербург,314,nano,manual_only,original_profile_opened,https://www.youtube.com/@katyyyyaa,https://www.youtube.com/results?search_query=%D0%B2%D1%8B%D1%81%D1%82%D0%B0%D0%B2%D0%BA%D0%B8+%D0%A1%D0%9F%D0%B1+%D0%B1%D0%BB%D0%BE%D0%B3%D0%B5%D1%80&hl=ru,https://www.youtube.com/watch?v=_wawVYGqKiM,"Видео «выставки АВГУСТА в Петербурге + места, где вкусно поесть | мини-гид | влог» содержит явную привязку к городу.",False,выставки СПб блогер | лучшие выставки Петербург,2026-08-23T13:24:57.726166+00:00
322bcd0114db56584a3f,Екатерина Силкина,youtube,https://www.youtube.com/@Silkinaaaa,Silkinaaaa,Санкт-Петербург,508,nano,manual_only,original_profile_opened,https://www.youtube.com/@Silkinaaaa,https://www.youtube.com/results?search_query=%D0%BB%D1%83%D1%87%D1%88%D0%B8%D0%B5+%D0%B4%D0%B5%D1%82%D1%81%D0%BA%D0%B8%D0%B5+%D1%86%D0%B5%D0%BD%D1%82%D1%80%D1%8B+%D0%9F%D0%B5%D1%82%D0%B5%D1%80%D0%B1%D1%83%D1%80%D0%B3&hl=ru,https://www.youtube.com/watch?v=wX7pEymwLco,Видео «Охта парк! Куда сходить с семьей и детьми в Санкт-Петербурге!» содержит явную привязку к городу.,False,лучшие детские центры Петербург,2026-08-23T13:24:53.827046+00:00
85c55118ec29f9191ed3,Елена Fox,youtube,https://www.youtube.com/@elenaphotofox,elenaphotofox,Санкт-Петербург,244,nano,manual_only,original_profile_opened,https://www.youtube.com/@elenaphotofox,https://www.youtube.com/results?search_query=%D0%9A%D1%83%D0%B4%D1%80%D0%BE%D0%B2%D0%BE+%D0%BA%D1%83%D0%B4%D0%B0+%D1%81%D1%85%D0%BE%D0%B4%D0%B8%D1%82%D1%8C&hl=ru,https://www.youtube.com/watch?v=ztKHfgnHAHM,Видео «В ПИТЕР с мужем и 🐕 на 5 дней🤍 Куда сходить если вы первый раз в городе🫶🏻 Солнечный сентябрь 2024» содержит явную привязку к городу.,False,Кудрово куда сходить | Шушары куда сходить,2026-08-23T13:24:37.955016+00:00
e4f666c9bf0e76df7549,Елена Бойко о недвижимости,youtube,https://www.youtube.com/@towngroupestate,towngroupestate,Санкт-Петербург,1880,nano,manual_only,original_profile_opened,https://www.youtube.com/@towngroupestate,https://www.youtube.com/results?search_query=%D0%92%D0%B0%D1%81%D0%B8%D0%BB%D0%B5%D0%BE%D1%81%D1%82%D1%80%D0%BE%D0%B2%D1%81%D0%BA%D0%B8%D0%B9+%D1%80%D0%B0%D0%B9%D0%BE%D0%BD+%D1%81%D0%B5%D0%BC%D0%B5%D0%B9%D0%BD%D1%8B%D0%B9+%D0%BE%D0%B1%D0%B7%D0%BE%D1%80&hl=ru,https://www.youtube.com/watch?v=9czoxxrbqec,Видео «Про Василеостровский остров от коренного жителя. Преимущества и недостатки.» содержит явную привязку к городу.,False,Василеостровский район куда сходить | Василеостровский район семейный обзор | Невский район кафе обзор | Невский район куда сходить | Невский район обзор мест | Невский район семейный обзор,2026-08-23T13:24:27.559199+00:00
8f73797593c813717254,Елена Жемчугова,youtube,https://www.youtube.com/@ElenaZhemchug,ElenaZhemchug,Санкт-Петербург,11500,micro,manual_only,original_profile_opened,https://www.youtube.com/@ElenaZhemchug,https://www.youtube.com/results?search_query=%D0%A2%D0%A0%D0%9A+%D0%90%D1%82%D0%BC%D0%BE%D1%81%D1%84%D0%B5%D1%80%D0%B0+%D0%A1%D0%B0%D0%BD%D0%BA%D1%82-%D0%9F%D0%B5%D1%82%D0%B5%D1%80%D0%B1%D1%83%D1%80%D0%B3+%D0%BE%D0%B1%D0%B7%D0%BE%D1%80&hl=ru,https://www.youtube.com/watch?v=tMlk4zBkNKA,Видео «Питер  ТРК Сити Молл» содержит явную привязку к городу.,True,Адмиралтейский район Санкт-Петербург блог | Калининский район Санкт-Петербург блог | Калининский район кафе обзор | Калининский район обзор мест | Калининский район семейный обзор | Комендантский проспект Санкт-Петербург блог | Комендантский проспект куда сходить | Комендантский проспект семейный обзор | Красногвардейский район семейный обзор | Красносельский район Санкт-Петербург блог | Озерки куда сходить | Приморский район семейный обзор | Проспект Просвещения Санкт-Петербург блог | Проспект Просвещения обзор мест | Проспект Просвещения семейный обзор | Рыбацкое Санкт-Петербург блог | ТРК Атмосфера Санкт-Петербург обзор,2026-08-23T13:24:18.168180+00:00
03d05f85d36187bd4c82,Елена Кристал TRUE💎,youtube,https://www.youtube.com/@ElenaCrystalTrue,ElenaCrystalTrue,Санкт-Петербург,25700,micro,manual_only,original_profile_opened,https://www.youtube.com/@ElenaCrystalTrue,https://www.youtube.com/results?search_query=Borneo+Beauty+%D0%A1%D0%B0%D0%BD%D0%BA%D1%82-%D0%9F%D0%B5%D1%82%D0%B5%D1%80%D0%B1%D1%83%D1%80%D0%B3+%D0%BE%D0%B1%D0%B7%D0%BE%D1%80&hl=ru,https://www.youtube.com/watch?v=5zaPwcLNDj8,Видео «ТРЕШ БРОВИ В САЛОНЕ ГДЕ МАССАЖИСТ УБИЛ ДЕВУШКУ😱😱😱/ОБЗОР САЛОНА КРАСОТЫ САНКТ-ПЕТЕРБУРГ» содержит явную привязку к городу.,True,Borneo Beauty Санкт-Петербург обзор | Naomi beauty Санкт-Петербург обзор | Джи Клиник Санкт-Петербург обзор | Лак студия маникюра Санкт-Петербург обзор | ветклиники СПб блогер | ветклиники Санкт-Петербург обзор | лучшие маникюр Петербург | лучшие салоны красоты Петербург | лучшие частные клиники Петербург | маникюр СПб блогер | маникюр Санкт-Петербург обзор | массаж и SPA Санкт-Петербург обзор | парикмахерские СПб блогер | парикмахерские Санкт-Петербург обзор | салоны красоты Санкт-Петербург обзор | стоматологии СПб блогер | стоматологии Санкт-Петербург обзор | частные клиники СПб блогер | частные клиники Санкт-Петербург обзор,2026-08-23T13:24:17.220609+00:00
494e8d4007b29a13bfea,Елена Шер,youtube,https://www.youtube.com/@%D0%95%D0%BB%D0%B5%D0%BD%D0%B0%D0%A8%D0%B5%D1%80-%D1%8E5%D1%81,%D0%95%D0%BB%D0%B5%D0%BD%D0%B0%D0%A8%D0%B5%D1%80-%D1%8E5%D1%81,Санкт-Петербург,3630,nano,manual_only,original_profile_opened,https://www.youtube.com/@%D0%95%D0%BB%D0%B5%D0%BD%D0%B0%D0%A8%D0%B5%D1%80-%D1%8E5%D1%81,https://www.youtube.com/results?search_query=%D0%92%D0%B0%D1%81%D0%B8%D0%BB%D0%B5%D0%BE%D1%81%D1%82%D1%80%D0%BE%D0%B2%D1%81%D0%BA%D0%B8%D0%B9+%D1%80%D0%B0%D0%B9%D0%BE%D0%BD+%D0%BA%D0%B0%D1%84%D0%B5+%D0%BE%D0%B1%D0%B7%D0%BE%D1%80&hl=ru,https://www.youtube.com/watch?v=GvpDhC6Y6-I,"Видео «Итальянское кафе. Rimski. Василеостровская, СПб» содержит явную привязку к городу.",False,Василеостровский район кафе обзор | детские праздники Санкт-Петербург обзор,2026-08-23T13:24:30.485291+00:00
c9bb39c7e61d048da010,Елизавета,youtube,https://www.youtube.com/@%D0%95%D0%BB%D0%B8%D0%B7%D0%B0%D0%B2%D0%B5%D1%82%D0%B0-%D0%B17%D1%8C6%D0%B2,%D0%95%D0%BB%D0%B8%D0%B7%D0%B0%D0%B2%D0%B5%D1%82%D0%B0-%D0%B17%D1%8C6%D0%B2,Санкт-Петербург,15,nano,manual_only,original_profile_opened,https://www.youtube.com/@%D0%95%D0%BB%D0%B8%D0%B7%D0%B0%D0%B2%D0%B5%D1%82%D0%B0-%D0%B17%D1%8C6%D0%B2,https://www.youtube.com/results?search_query=%D0%BB%D1%83%D1%87%D1%88%D0%B8%D0%B5+%D0%BC%D1%83%D0%B7%D0%B5%D0%B8+%D0%9F%D0%B5%D1%82%D0%B5%D1%80%D0%B1%D1%83%D1%80%D0%B3&hl=ru,https://www.youtube.com/watch?v=vYw0mERr1ao,Видео «Лучшие музеи Санкт-Петербурга» содержит явную привязку к городу.,False,лучшие музеи Петербург,2026-08-23T13:24:55.515544+00:00
5dca7581d93870803625,Елизавета и Николай Время перемен,youtube,https://www.youtube.com/@ElizavetaRaeva,ElizavetaRaeva,Санкт-Петербург,3700,nano,manual_only,original_profile_opened,https://www.youtube.com/@ElizavetaRaeva,https://www.youtube.com/results?search_query=%D0%9A%D0%B8%D1%80%D0%BE%D0%B2%D1%81%D0%BA%D0%B8%D0%B9+%D1%80%D0%B0%D0%B9%D0%BE%D0%BD+%D0%A1%D0%B0%D0%BD%D0%BA%D1%82-%D0%9F%D0%B5%D1%82%D0%B5%D1%80%D0%B1%D1%83%D1%80%D0%B3+%D0%B1%D0%BB%D0%BE%D0%B3&hl=ru,https://www.youtube.com/watch?v=yf9JY_DQw2k,Видео «Кировский район / Санкт-Петербург/» содержит явную привязку к городу.,False,Кировский район Санкт-Петербург блог | Кировский район семейный обзор,2026-08-23T13:24:31.753940+00:00
f108b3143a0927d49cdc,ЕОН Недвижимость,youtube,https://www.youtube.com/@eon_spb,eon_spb,Санкт-Петербург,13000,micro,manual_only,original_profile_opened,https://www.youtube.com/@eon_spb,https://www.youtube.com/results?search_query=%D0%A0%D0%B5%D0%BD%D0%B8%D0%94%D0%B5%D0%BD%D1%82+%D0%A1%D0%B0%D0%BD%D0%BA%D1%82-%D0%9F%D0%B5%D1%82%D0%B5%D1%80%D0%B1%D1%83%D1%80%D0%B3+%D0%BE%D0%B1%D0%B7%D0%BE%D1%80&hl=ru,https://www.youtube.com/watch?v=F4LfCxKFNb0,Видео «КАК ЖИВУТ У МОРЯ В ПЕТЕРБУРГЕ? Комплекс Репин/ Тауны Моменты.Repino/ ЖК Ranta Residence» содержит явную привязку к городу.,True,Адмиралтейский район семейный обзор | Петродворцовый район семейный обзор | РениДент Санкт-Петербург обзор | Удельная семейный обзор | жилые комплексы Санкт-Петербург обзор,2026-08-23T13:24:23.302494+00:00
72ac98fd32adc4bf3d27,Ехал Грека,youtube,https://www.youtube.com/@EhalGreka,EhalGreka,Санкт-Петербург,7010,nano,manual_only,original_profile_opened,https://www.youtube.com/@EhalGreka,https://www.youtube.com/results?search_query=%D0%92%D0%B0%D1%81%D0%B8%D0%BB%D0%B5%D0%BE%D1%81%D1%82%D1%80%D0%BE%D0%B2%D1%81%D0%BA%D0%B8%D0%B9+%D1%80%D0%B0%D0%B9%D0%BE%D0%BD+%D0%BA%D1%83%D0%B4%D0%B0+%D1%81%D1%85%D0%BE%D0%B4%D0%B8%D1%82%D1%8C&hl=ru,https://www.youtube.com/watch?v=tUZvRZ7HN1w,Видео «Васильевский остров Петербурга: главные туристические места» содержит явную привязку к городу.,False,Василеостровский район куда сходить | Васильевский остров Санкт-Петербург блог | Васильевский остров куда сходить | Васильевский остров обзор мест,2026-08-23T13:24:30.080680+00:00
fda2fbd7ec40b0c44622,Живите в Петербурге,youtube,https://www.youtube.com/@%D0%96%D0%B8%D0%B2%D0%B8%D1%82%D0%B5%D0%B2%D0%9F%D0%B5%D1%82%D0%B5%D1%80%D0%B1%D1%83%D1%80%D0%B3%D0%B5,%D0%96%D0%B8%D0%B2%D0%B8%D1%82%D0%B5%D0%B2%D0%9F%D0%B5%D1%82%D0%B5%D1%80%D0%B1%D1%83%D1%80%D0%B3%D0%B5,Санкт-Петербург,340,nano,manual_only,original_profile_opened,https://www.youtube.com/@%D0%96%D0%B8%D0%B2%D0%B8%D1%82%D0%B5%D0%B2%D0%9F%D0%B5%D1%82%D0%B5%D1%80%D0%B1%D1%83%D1%80%D0%B3%D0%B5,https://www.youtube.com/results?search_query=%D0%9F%D1%80%D0%B8%D0%BC%D0%BE%D1%80%D1%81%D0%BA%D0%B8%D0%B9+%D1%80%D0%B0%D0%B9%D0%BE%D0%BD+%D0%A1%D0%B0%D0%BD%D0%BA%D1%82-%D0%9F%D0%B5%D1%82%D0%B5%D1%80%D0%B1%D1%83%D1%80%D0%B3+%D0%B1%D0%BB%D0%BE%D0%B3&hl=ru,https://www.youtube.com/watch?v=YOeh8-muANo,Видео «Живите в Петербурге Приморский район Часть первая» содержит явную привязку к городу.,False,Приморский район Санкт-Петербург блог,2026-08-23T13:24:35.990438+00:00
71658839dae1aa916b51,Живу Рыбалкой - Фото Видео Обзоры,youtube,https://www.youtube.com/@888tigr888,888tigr888,Санкт-Петербург,7920,nano,manual_only,original_profile_opened,https://www.youtube.com/@888tigr888,https://www.youtube.com/results?search_query=%D0%92%D0%B0%D1%81%D0%B8%D0%BB%D0%B5%D0%BE%D1%81%D1%82%D1%80%D0%BE%D0%B2%D1%81%D0%BA%D0%B8%D0%B9+%D1%80%D0%B0%D0%B9%D0%BE%D0%BD+%D0%BE%D0%B1%D0%B7%D0%BE%D1%80+%D0%BC%D0%B5%D1%81%D1%82&hl=ru,https://www.youtube.com/watch?v=FsStbGciWdg,Видео «КАРДИО СЖИГАЕМ ЖИР ВИДЕО ПРОГУЛА ПО ГОРОДУ Василеостровского района -ОСЕНЬ САМАЯ КРАСИВАЯ ПОРА ГОДА» содержит явную привязку к городу.,False,Василеостровский район обзор мест | Василеостровский район семейный обзор,2026-08-23T13:24:26.657778+00:00
13d2bea82f793e05662c,Живём с интересом,youtube,https://www.youtube.com/@%D0%A1%D0%B8%D0%BD%D1%82%D0%B5%D1%80%D0%B5%D1%81%D0%BE%D0%BC%D0%BA%D0%B6%D0%B8%D0%B7%D0%BD%D0%B8,%D0%A1%D0%B8%D0%BD%D1%82%D0%B5%D1%80%D0%B5%D1%81%D0%BE%D0%BC%D0%BA%D0%B6%D0%B8%D0%B7%D0%BD%D0%B8,Санкт-Петербург,1270,nano,manual_only,original_profile_opened,https://www.youtube.com/@%D0%A1%D0%B8%D0%BD%D1%82%D0%B5%D1%80%D0%B5%D1%81%D0%BE%D0%BC%D0%BA%D0%B6%D0%B8%D0%B7%D0%BD%D0%B8,https://www.youtube.com/results?search_query=%D1%82%D0%B5%D0%B0%D1%82%D1%80%D1%8B+%D0%A1%D0%B0%D0%BD%D0%BA%D1%82-%D0%9F%D0%B5%D1%82%D0%B5%D1%80%D0%B1%D1%83%D1%80%D0%B3+%D0%BE%D0%B1%D0%B7%D0%BE%D1%80&hl=ru,https://www.youtube.com/watch?v=wGsckyrzV7I,"Видео «Театр Эстрады (Санкт-Петербург). Обзор. Variety Theater (Russia, St. Petersburg). Review.» содержит явную привязку к городу.",False,театры Санкт-Петербург обзор,2026-08-23T13:24:55.351450+00:00
29e4bee291c77e403dc6,Жизнь в городе. City life,youtube,https://www.youtube.com/@creativebusinesssolutions1,creativebusinesssolutions1,Санкт-Петербург,188,nano,manual_only,original_profile_opened,https://www.youtube.com/@creativebusinesssolutions1,https://www.youtube.com/results?search_query=%D0%9E%D0%B7%D0%B5%D1%80%D0%BA%D0%B8+%D0%BA%D1%83%D0%B4%D0%B0+%D1%81%D1%85%D0%BE%D0%B4%D0%B8%D1%82%D1%8C&hl=ru,https://www.youtube.com/watch?v=eLy3OtQllvE,"Видео «Санкт-Петербург, Озерки и окрестности. Короткая прогулка» содержит явную привязку к городу.",False,Озерки куда сходить,2026-08-23T13:24:39.849551+00:00
63b5e6ce5b3efe9b94c4,Жизнь в Питере,youtube,https://www.youtube.com/@piterlife1703,piterlife1703,Санкт-Петербург,3170,nano,manual_only,original_profile_opened,https://www.youtube.com/@piterlife1703,https://www.youtube.com/results?search_query=%D0%9F%D0%B0%D1%80%D0%BD%D0%B0%D1%81+%D0%BA%D1%83%D0%B4%D0%B0+%D1%81%D1%85%D0%BE%D0%B4%D0%B8%D1%82%D1%8C&hl=ru,https://www.youtube.com/watch?v=NI4rTsuSYVU,Видео «ОБЗОР РАЙОНА ПАРНАС | ПЛЮСЫ И МИНУСЫ | ЕЩЕ ОДНО ГЕТТО?» содержит явную привязку к городу.,False,Купчино обзор мест | Парнас куда сходить | Парнас обзор мест | Проспект Просвещения Санкт-Петербург блог | Проспект Просвещения кафе обзор | Проспект Просвещения куда сходить | Проспект Просвещения обзор мест | Проспект Просвещения семейный обзор | Шушары обзор мест | Шушары семейный обзор | школы Санкт-Петербург обзор,2026-08-23T13:24:38.129716+00:00
733c843ffd741c4c6948,Жизнь во время путешествий,youtube,https://www.youtube.com/@life_while_traveling,life_while_traveling,Санкт-Петербург,3740,nano,manual_only,original_profile_opened,https://www.youtube.com/@life_while_traveling,https://www.youtube.com/results?search_query=FunCity+%D0%A1%D0%B0%D0%BD%D0%BA%D1%82-%D0%9F%D0%B5%D1%82%D0%B5%D1%80%D0%B1%D1%83%D1%80%D0%B3+%D0%BE%D0%B1%D0%B7%D0%BE%D1%80&hl=ru,https://www.youtube.com/watch?v=0rY1a1RqPwQ,Видео «Лучший аквапарк Санкт-Петербурга / The best water park in St. Petersburg» содержит явную привязку к городу.,True,FunCity Санкт-Петербург обзор | Oceankid Санкт-Петербург обзор,2026-08-23T13:24:20.319433+00:00
7172dde0827fa881bfaa,Жизнь Прекрасна СПб,youtube,https://www.youtube.com/@ZhiznPrekrasna-SPb-2,ZhiznPrekrasna-SPb-2,Санкт-Петербург,15800,micro,manual_only,original_profile_opened,https://www.youtube.com/@ZhiznPrekrasna-SPb-2,https://www.youtube.com/results?search_query=%D0%9A%D1%83%D1%80%D0%BE%D1%80%D1%82%D0%BD%D1%8B%D0%B9+%D1%80%D0%B0%D0%B9%D0%BE%D0%BD+%D0%BE%D0%B1%D0%B7%D0%BE%D1%80+%D0%BC%D0%B5%D1%81%D1%82&hl=ru,https://www.youtube.com/watch?v=-iPzQiWY0FA,Видео «ГДЕ  ОТДЫХАЮТ  В  ЗЕЛЕНОГОРСКЕ. КУРОРТНЫЙ  РАЙОН  САНКТ-ПЕТЕРБУРГА/WHERE TO RELAX IN ZELENOGORSK.» содержит явную привязку к городу.,False,Курортный район обзор мест | Новая Голландия куда сходить | Пушкинский район Санкт-Петербург блог,2026-08-23T13:24:35.183312+00:00
ffc688488d1cc174c499,Жру.ру,youtube,https://www.youtube.com/@%D0%96%D1%80%D1%83.%D1%80%D1%83,%D0%96%D1%80%D1%83.%D1%80%D1%83,Санкт-Петербург,31200,micro,manual_only,original_profile_opened,https://www.youtube.com/@%D0%96%D1%80%D1%83.%D1%80%D1%83,https://www.youtube.com/results?search_query=%D0%B4%D0%BE%D1%81%D1%82%D0%B0%D0%B2%D0%BA%D0%B0+%D0%B5%D0%B4%D1%8B+%D0%A1%D0%9F%D0%B1+%D0%B1%D0%BB%D0%BE%D0%B3%D0%B5%D1%80&hl=ru,https://www.youtube.com/watch?v=P1ESU-wJ30I,"Видео «Жру.ру-30, Обзор доставки еды в Санкт-Петербурге «Pizzaroni». Не ожидал...» содержит явную привязку к городу.",False,доставка еды СПб блогер,2026-08-23T13:24:50.884102+00:00
f48d0f5bd7368647aa10,Заводской проспект,youtube,https://www.youtube.com/@rajonklp,rajonklp,Санкт-Петербург,528,nano,manual_only,original_profile_opened,https://www.youtube.com/@rajonklp,https://www.youtube.com/results?search_query=%D0%9A%D0%BE%D0%BB%D0%BF%D0%B8%D0%BD%D1%81%D0%BA%D0%B8%D0%B9+%D1%80%D0%B0%D0%B9%D0%BE%D0%BD+%D1%81%D0%B5%D0%BC%D0%B5%D0%B9%D0%BD%D1%8B%D0%B9+%D0%BE%D0%B1%D0%B7%D0%BE%D1%80&hl=ru,https://www.youtube.com/watch?v=KFu_Dgqo3Ks,"Видео «Колпино, Колпинский район Санкт-Петербурга, обзор. Разруха февраль 2022» содержит явную привязку к городу.",False,Колпинский район куда сходить | Колпинский район обзор мест | Колпинский район семейный обзор,2026-08-23T13:24:31.833006+00:00
dfaed8d710e584746294,Заехали с Андреем Григорьевым / О недвижимости,youtube,https://www.youtube.com/@zaehali,zaehali,Санкт-Петербург,2560,nano,manual_only,original_profile_opened,https://www.youtube.com/@zaehali,https://www.youtube.com/results?search_query=%D0%9A%D1%83%D0%BF%D1%87%D0%B8%D0%BD%D0%BE+%D1%81%D0%B5%D0%BC%D0%B5%D0%B9%D0%BD%D1%8B%D0%B9+%D0%BE%D0%B1%D0%B7%D0%BE%D1%80&hl=ru,https://www.youtube.com/watch?v=UWeCseKpXZ8,Видео «Обзор ЖК Новое Купчино — новая очередь / Дунайская / Строительный трест» содержит явную привязку к городу.,False,Купчино семейный обзор,2026-08-23T13:24:42.380108+00:00
d773cbad05c84a90ba54,"ЗАЗЕРКАЛЬЕ - детские праздники, аниматоры, шоу",youtube,https://www.youtube.com/@zazerkalyespbru,zazerkalyespbru,Санкт-Петербург,74,nano,manual_only,original_profile_opened,https://www.youtube.com/@zazerkalyespbru,https://www.youtube.com/results?search_query=%D0%B4%D0%B5%D1%82%D1%81%D0%BA%D0%B8%D0%B5+%D0%BF%D1%80%D0%B0%D0%B7%D0%B4%D0%BD%D0%B8%D0%BA%D0%B8+%D0%A1%D0%9F%D0%B1+%D0%B1%D0%BB%D0%BE%D0%B3%D0%B5%D1%80&hl=ru,https://www.youtube.com/watch?v=xNh6u7P0rQ0,Видео «Бумажное шоу Спб; детский праздник от Зазеркалья; zazerkalye-spb.ru; +79215748485» содержит явную привязку к городу.,False,детские праздники СПб блогер,2026-08-23T13:24:54.732635+00:00
adfd0aa0e145c8a7ae75,Запечатанный звук,youtube,https://www.youtube.com/@sealed_sound,sealed_sound,Санкт-Петербург,134000,mid,manual_only,original_profile_opened,https://www.youtube.com/@sealed_sound,https://www.youtube.com/results?search_query=%D0%9F%D0%B8%D1%82%D0%B5%D1%80+%D0%BB%D0%BE%D0%BA%D0%B0%D0%BB%D1%8C%D0%BD%D1%8B%D0%B9+%D0%B0%D0%B2%D1%82%D0%BE%D1%80&hl=ru,https://www.youtube.com/watch?v=6vVQNs2xdwE,Видео «ПЕТЕРБУРГ ПОСТРОЕН НЕ ЛЮДЬМИ? Медный Всадник и Крах Официальной Истории» содержит явную привязку к городу.,False,Питер локальный автор,2026-08-23T13:24:14.069948+00:00
3f0005f1ceab09ca2366,Зачем мы едем в Геленджик?,youtube,https://www.youtube.com/@travelingrf,travelingrf,Санкт-Петербург,23500,micro,manual_only,original_profile_opened,https://www.youtube.com/@travelingrf,https://www.youtube.com/results?search_query=%D0%92%D1%8B%D0%B1%D0%BE%D1%80%D0%B3%D1%81%D0%BA%D0%B8%D0%B9+%D1%80%D0%B0%D0%B9%D0%BE%D0%BD+%D0%BA%D1%83%D0%B4%D0%B0+%D1%81%D1%85%D0%BE%D0%B4%D0%B8%D1%82%D1%8C&hl=ru,https://www.youtube.com/watch?v=VNtN0LNCKMs,Видео «Подробный обзор Выборга |  Выборг очень красивый город возле Санкт - Петербурга | Выборг 2023.» содержит явную привязку к городу.,False,Выборгский район куда сходить | Петергоф обзор мест | Петродворцовый район обзор мест,2026-08-23T13:24:31.487707+00:00
e0111364ef720e890d20,Здесь был Игнат Солошенко,youtube,https://www.youtube.com/@ignatsoloshenko,ignatsoloshenko,Санкт-Петербург,7830,nano,manual_only,original_profile_opened,https://www.youtube.com/@ignatsoloshenko,https://www.youtube.com/results?search_query=%D0%92%D0%B0%D1%81%D0%B8%D0%BB%D0%B5%D0%BE%D1%81%D1%82%D1%80%D0%BE%D0%B2%D1%81%D0%BA%D0%B8%D0%B9+%D1%80%D0%B0%D0%B9%D0%BE%D0%BD+%D0%BE%D0%B1%D0%B7%D0%BE%D1%80+%D0%BC%D0%B5%D1%81%D1%82&hl=ru,https://www.youtube.com/watch?v=eQEKFDqKGNc,Видео «Василеостровкий район - Санкт-Петербург» содержит явную привязку к городу.,False,Василеостровский район Санкт-Петербург блог | Василеостровский район обзор мест | Василеостровский район семейный обзор,2026-08-23T13:24:26.828965+00:00
dc76e210adc7067d1db8,Иван Владимирович,youtube,https://www.youtube.com/@ivan.torokhov,ivan.torokhov,Санкт-Петербург,7,nano,manual_only,original_profile_opened,https://www.youtube.com/@ivan.torokhov,https://www.youtube.com/results?search_query=%D0%9A%D1%80%D0%B0%D1%81%D0%BD%D0%BE%D1%81%D0%B5%D0%BB%D1%8C%D1%81%D0%BA%D0%B8%D0%B9+%D1%80%D0%B0%D0%B9%D0%BE%D0%BD+%D0%A1%D0%B0%D0%BD%D0%BA%D1%82-%D0%9F%D0%B5%D1%82%D0%B5%D1%80%D0%B1%D1%83%D1%80%D0%B3+%D0%B1%D0%BB%D0%BE%D0%B3&hl=ru,https://www.youtube.com/watch?v=z_7txdfRL3k,Видео «Санкт-Петербург (Красносельский район)» содержит явную привязку к городу.,False,Красносельский район Санкт-Петербург блог,2026-08-23T13:24:32.858206+00:00
6b5cdbea9781489ab997,Иван Жилинский,youtube,https://www.youtube.com/@-skitime5273,-skitime5273,Санкт-Петербург,46000,micro,manual_only,original_profile_opened,https://www.youtube.com/@-skitime5273,https://www.youtube.com/results?search_query=%D0%9B%D1%8B%D0%B6%D0%BD%D1%8B%D0%B9+2+%D0%A1%D0%B0%D0%BD%D0%BA%D1%82-%D0%9F%D0%B5%D1%82%D0%B5%D1%80%D0%B1%D1%83%D1%80%D0%B3+%D0%BE%D0%B1%D0%B7%D0%BE%D1%80&hl=ru,https://www.youtube.com/watch?v=buJtJX6gNts,Видео «ЛЫЖНЫЙ ТОННЕЛЬ в СПб. Рай для ФЕРМЕРА!» содержит явную привязку к городу.,True,Лыжный 2 Санкт-Петербург обзор,2026-08-23T13:24:23.880409+00:00
3735bc8e02ca6007192b,Иван Иванов,youtube,https://www.youtube.com/@1clinicspb,1clinicspb,Санкт-Петербург,8,nano,manual_only,original_profile_opened,https://www.youtube.com/@1clinicspb,https://www.youtube.com/results?search_query=%D0%9F%D0%B5%D1%80%D0%B2%D0%B0%D1%8F+%D1%81%D0%B5%D0%BC%D0%B5%D0%B9%D0%BD%D0%B0%D1%8F+%D0%BA%D0%BB%D0%B8%D0%BD%D0%B8%D0%BA%D0%B0+%D0%9F%D0%B5%D1%82%D0%B5%D1%80%D0%B1%D1%83%D1%80%D0%B3%D0%B0+%D0%A1%D0%B0%D0%BD%D0%BA%D1%82-%D0%9F%D0%B5%D1%82%D0%B5%D1%80%D0%B1%D1%83%D1%80%D0%B3+%D0%BE%D0%B1%D0%B7%D0%BE%D1%80&hl=ru,https://www.youtube.com/watch?v=MwZgMOnxj8c,Видео «Хирургия в Первой семейной клинике Петербурга» содержит явную привязку к городу.,True,Первая семейная клиника Петербурга Санкт-Петербург обзор,2026-08-23T13:24:23.517610+00:00
c6aaaccf83b3543af691,Игорь PROновостройки,youtube,https://www.youtube.com/@PROnovostroiky,PROnovostroiky,Санкт-Петербург,342,nano,manual_only,original_profile_opened,https://www.youtube.com/@PROnovostroiky,https://www.youtube.com/results?search_query=%D0%A7%D0%B5%D1%80%D0%BD%D0%B0%D1%8F+%D1%80%D0%B5%D1%87%D0%BA%D0%B0+%D1%81%D0%B5%D0%BC%D0%B5%D0%B9%D0%BD%D1%8B%D0%B9+%D0%BE%D0%B1%D0%B7%D0%BE%D1%80&hl=ru,https://www.youtube.com/watch?v=NMDcj5LFQzA,Видео «Полный обзор ЖК Черная речка от ЦДС. Готовые квартиры рядом с набережной и метро!» содержит явную привязку к городу.,False,Черная речка семейный обзор,2026-08-23T13:24:49.023078+00:00
57620886cedcb57dd9da,игорь бойков,youtube,https://www.youtube.com/@Igorboikov,Igorboikov,Санкт-Петербург,986,nano,manual_only,original_profile_opened,https://www.youtube.com/@Igorboikov,https://www.youtube.com/results?search_query=%D0%9A%D1%80%D0%B0%D1%81%D0%BD%D0%BE%D0%B3%D0%B2%D0%B0%D1%80%D0%B4%D0%B5%D0%B9%D1%81%D0%BA%D0%B8%D0%B9+%D1%80%D0%B0%D0%B9%D0%BE%D0%BD+%D0%BE%D0%B1%D0%B7%D0%BE%D1%80+%D0%BC%D0%B5%D1%81%D1%82&hl=ru,https://www.youtube.com/watch?v=eizJdopo7ck,Видео «Прогулка по красногвардейскому району спб» содержит явную привязку к городу.,False,Красногвардейский район Санкт-Петербург блог | Красногвардейский район куда сходить | Красногвардейский район обзор мест | Красногвардейский район семейный обзор,2026-08-23T13:24:32.171639+00:00
91da75787ed90179d2a9,Игорь Бурун,youtube,https://www.youtube.com/@Igorburun,Igorburun,Санкт-Петербург,3610,nano,manual_only,original_profile_opened,https://www.youtube.com/@Igorburun,https://www.youtube.com/results?search_query=%D0%BB%D1%83%D1%87%D1%88%D0%B8%D0%B5+%D1%84%D0%B8%D1%82%D0%BD%D0%B5%D1%81+%D0%9F%D0%B5%D1%82%D0%B5%D1%80%D0%B1%D1%83%D1%80%D0%B3&hl=ru,https://www.youtube.com/watch?v=6e3aIErhebQ,Видео «Самый инстаграмный зал СПб. Тренировки в отказ.» содержит явную привязку к городу.,False,лучшие фитнес Петербург,2026-08-23T13:24:52.303701+00:00
1429b2946a3d69245f8e,Игорь Капков,youtube,https://www.youtube.com/@3DVideoFotokiv,3DVideoFotokiv,Санкт-Петербург,3310,nano,manual_only,original_profile_opened,https://www.youtube.com/@3DVideoFotokiv,https://www.youtube.com/results?search_query=%D0%92%D0%B0%D1%81%D0%B8%D0%BB%D1%8C%D0%B5%D0%B2%D1%81%D0%BA%D0%B8%D0%B9+%D0%BE%D1%81%D1%82%D1%80%D0%BE%D0%B2+%D0%BE%D0%B1%D0%B7%D0%BE%D1%80+%D0%BC%D0%B5%D1%81%D1%82&hl=ru,https://www.youtube.com/watch?v=mYllLhhSSkc,Видео «Васильевский остров. Известные места.» содержит явную привязку к городу.,False,Васильевский остров обзор мест,2026-08-23T13:24:44.908664+00:00
2e1951baf415389626ee,Игорь Кретов,youtube,https://www.youtube.com/@%D0%98%D0%B3%D0%BE%D1%80%D1%8C%D0%9A%D1%80%D0%B5%D1%82%D0%BE%D0%B2,%D0%98%D0%B3%D0%BE%D1%80%D1%8C%D0%9A%D1%80%D0%B5%D1%82%D0%BE%D0%B2,Санкт-Петербург,30100,micro,manual_only,original_profile_opened,https://www.youtube.com/@%D0%98%D0%B3%D0%BE%D1%80%D1%8C%D0%9A%D1%80%D0%B5%D1%82%D0%BE%D0%B2,https://www.youtube.com/results?search_query=%D1%81%D0%B5%D0%BC%D0%B5%D0%B9%D0%BD%D1%8B%D0%B9+%D0%B4%D0%BE%D1%81%D1%83%D0%B3+%D0%A1%D0%9F%D0%B1+%D0%B1%D0%BB%D0%BE%D0%B3%D0%B5%D1%80&hl=ru,https://www.youtube.com/watch?v=M-M15iHwv5A,Видео «Как обманывают туристов в Санкт-Петербурге» содержит явную привязку к городу.,False,семейный досуг СПб блогер,2026-08-23T13:24:54.501823+00:00
4bc022ecc9aa2b7c9262,Игры Блох,youtube,https://www.youtube.com/@GameforBlox,GameforBlox,Санкт-Петербург,171,nano,manual_only,original_profile_opened,https://www.youtube.com/@GameforBlox,https://www.youtube.com/results?search_query=%D0%9A%D1%83%D0%B4%D1%80%D0%BE%D0%B2%D0%BE+%D0%A1%D0%B0%D0%BD%D0%BA%D1%82-%D0%9F%D0%B5%D1%82%D0%B5%D1%80%D0%B1%D1%83%D1%80%D0%B3+%D0%B1%D0%BB%D0%BE%D0%B3&hl=ru,https://www.youtube.com/watch?v=-antDzudjDw,Видео «Санкт-Петербург | Тревел Блог от Игры Блох» содержит явную привязку к городу.,False,Кудрово Санкт-Петербург блог | Сестрорецк Санкт-Петербург блог,2026-08-23T13:24:37.832755+00:00
4fcd536c1eb5aefc6c64,Идейные,youtube,https://www.youtube.com/@ideinie,ideinie,Санкт-Петербург,182000,mid,manual_only,original_profile_opened,https://www.youtube.com/@ideinie,https://www.youtube.com/results?search_query=%D0%9F%D0%B8%D1%82%D0%B5%D1%80+%D0%BB%D0%BE%D0%BA%D0%B0%D0%BB%D1%8C%D0%BD%D1%8B%D0%B9+%D0%B0%D0%B2%D1%82%D0%BE%D1%80&hl=ru,https://www.youtube.com/watch?v=3My3DM2z9tk,Видео «АНТИРЕЙТИНГ квартир в ЦЕНТРЕ ПИТЕРА | МИНУСЫ ПЕТЕРБУРГА | ОШИБКИ при выборе жилья в СТАРОМ ФОНДЕ» содержит явную привязку к городу.,False,Питер локальный автор | ремонт СПб блогер,2026-08-23T13:24:14.053276+00:00
33fc174ac60a612f4d87,ИЗБАШ,youtube,https://www.youtube.com/@toyota_icelate,toyota_icelate,Санкт-Петербург,466,nano,manual_only,original_profile_opened,https://www.youtube.com/@toyota_icelate,https://www.youtube.com/results?search_query=%D0%92%D1%8B%D0%B1%D0%BE%D1%80%D0%B3%D1%81%D0%BA%D0%B8%D0%B9+%D1%80%D0%B0%D0%B9%D0%BE%D0%BD+%D0%BA%D1%83%D0%B4%D0%B0+%D1%81%D1%85%D0%BE%D0%B4%D0%B8%D1%82%D1%8C&hl=ru,https://www.youtube.com/watch?v=d20nCNRf8kM,"Видео «ВЫБОРГ - ЧЕМ ЗАНЯТЬСЯ, ГДЕ ПОЕСТЬ, ЧТО ПОСМОТРЕТЬ | Часовая башня, рынок, усадьба Киискиля» содержит явную привязку к городу.",False,Выборгский район куда сходить,2026-08-23T13:24:31.247652+00:00
b91a5f867363898ca32b,Илларион Алтунь,youtube,https://www.youtube.com/channel/UCi9wqX-AdGpfvh4p8rTszng,UCi9wqX-AdGpfvh4p8rTszng,Санкт-Петербург,1120,nano,manual_only,original_profile_opened,https://www.youtube.com/channel/UCi9wqX-AdGpfvh4p8rTszng,https://www.youtube.com/results?search_query=%D0%9F%D1%80%D0%B8%D0%BC%D0%BE%D1%80%D1%81%D0%BA%D0%B8%D0%B9+%D1%80%D0%B0%D0%B9%D0%BE%D0%BD+%D0%BE%D0%B1%D0%B7%D0%BE%D1%80+%D0%BC%D0%B5%D1%81%D1%82&hl=ru,https://www.youtube.com/watch?v=Wo14GlNpfp4,Видео «Почему все ЖАЛЕЮТ о переезде в Приморский район?» содержит явную привязку к городу.,False,Приморский район куда сходить | Приморский район обзор мест | Рыбацкое Санкт-Петербург блог | Рыбацкое кафе обзор | Рыбацкое куда сходить | Рыбацкое обзор мест | Рыбацкое семейный обзор,2026-08-23T13:24:36.169234+00:00
fcbf28d642757a133f83,ИЛЛЮZИЯ ОБМАNА СПб игровой клуб,youtube,https://www.youtube.com/@io-spb,io-spb,Санкт-Петербург,530,nano,manual_only,original_profile_opened,https://www.youtube.com/@io-spb,https://www.youtube.com/results?search_query=Level+UP+%D0%A1%D0%B0%D0%BD%D0%BA%D1%82-%D0%9F%D0%B5%D1%82%D0%B5%D1%80%D0%B1%D1%83%D1%80%D0%B3+%D0%BE%D0%B1%D0%B7%D0%BE%D1%80&hl=ru,https://www.youtube.com/watch?v=WeXSXW14Lt0,"Видео «Закрытый ретинг. Проект для начинающих игроков ""LEVEL UP""» содержит явную привязку к городу.",True,Level UP Санкт-Петербург обзор,2026-08-23T13:24:17.000322+00:00
3b4cf9165423d4fc7cfd,Илона Янайтис. Эксперт и наставник в сфере красоты,youtube,https://www.youtube.com/@ilonayanaitis,ilonayanaitis,Санкт-Петербург,386,nano,manual_only,original_profile_opened,https://www.youtube.com/@ilonayanaitis,https://www.youtube.com/results?search_query=%D0%BB%D1%83%D1%87%D1%88%D0%B8%D0%B5+%D0%BF%D0%B0%D1%80%D0%B8%D0%BA%D0%BC%D0%B0%D1%85%D0%B5%D1%80%D1%81%D0%BA%D0%B8%D0%B5+%D0%9F%D0%B5%D1%82%D0%B5%D1%80%D0%B1%D1%83%D1%80%D0%B3&hl=ru,https://www.youtube.com/watch?v=ukqFkYtgAAM,Видео «лучший салон красоты в спб» содержит явную привязку к городу.,False,лучшие парикмахерские Петербург | лучшие салоны красоты Петербург,2026-08-23T13:24:51.020033+00:00
34db948c0c2729cb45ea,Илья Мытко,youtube,https://www.youtube.com/@ilyamytko_,ilyamytko_,Санкт-Петербург,745,nano,manual_only,original_profile_opened,https://www.youtube.com/@ilyamytko_,https://www.youtube.com/results?search_query=%D0%9B%D0%B0%D1%85%D1%82%D0%B0+%D0%A1%D0%B0%D0%BD%D0%BA%D1%82-%D0%9F%D0%B5%D1%82%D0%B5%D1%80%D0%B1%D1%83%D1%80%D0%B3+%D0%B1%D0%BB%D0%BE%D0%B3&hl=ru,https://www.youtube.com/watch?v=T_H06pEDWNI,Видео «ПОТЕРЯЛ ПАСПОРТ в путешествии! Необычные места Петербурга.» содержит явную привязку к городу.,False,Лахта Санкт-Петербург блог,2026-08-23T13:24:47.092961+00:00
d5623e85bd41e0a73518,ИЛЬЯ САЖИН | лечение грыжи без операции,youtube,https://www.youtube.com/@safeyoga,safeyoga,Санкт-Петербург,10000,micro,manual_only,original_profile_opened,https://www.youtube.com/@safeyoga,https://www.youtube.com/results?search_query=%D0%B9%D0%BE%D0%B3%D0%B0+%D0%A1%D0%B0%D0%BD%D0%BA%D1%82-%D0%9F%D0%B5%D1%82%D0%B5%D1%80%D0%B1%D1%83%D1%80%D0%B3+%D0%BE%D0%B1%D0%B7%D0%BE%D1%80&hl=ru,https://www.youtube.com/watch?v=NbpkhhLCjw8,Видео «Ambient Yoga | Медитация в движении | Йога в Санкт-Петербурге» содержит явную привязку к городу.,False,йога Санкт-Петербург обзор,2026-08-23T13:24:52.755603+00:00
a23e048e35436f27b563,Институт красоты ГАЛАКТИКА,youtube,https://www.youtube.com/@galaxy.clinic,galaxy.clinic,Санкт-Петербург,18000,micro,manual_only,original_profile_opened,https://www.youtube.com/@galaxy.clinic,https://www.youtube.com/results?search_query=%D1%81%D1%82%D0%BE%D0%BC%D0%B0%D1%82%D0%BE%D0%BB%D0%BE%D0%B3%D0%B8%D0%B8+%D0%A1%D0%B0%D0%BD%D0%BA%D1%82-%D0%9F%D0%B5%D1%82%D0%B5%D1%80%D0%B1%D1%83%D1%80%D0%B3+%D0%BE%D0%B1%D0%B7%D0%BE%D1%80&hl=ru,https://www.youtube.com/watch?v=W5zEGg33Vbw,"Видео «СТОМАТОЛОГИЯ - новая  стоматология в Санкт-Петербурге, Институт красоты ГАЛАКТИКА» содержит явную привязку к городу.",False,лучшие стоматологии Петербург | стоматологии Санкт-Петербург обзор,2026-08-23T13:24:53.027737+00:00
d1fdb71d14ee37785cf6,ИНТАН Стоматологии,youtube,https://www.youtube.com/@intanstom,intanstom,Санкт-Петербург,1420,nano,manual_only,original_profile_opened,https://www.youtube.com/@intanstom,https://www.youtube.com/results?search_query=%D0%98%D0%BD%D1%82%D0%B0%D0%BD+%D0%A1%D0%B0%D0%BD%D0%BA%D1%82-%D0%9F%D0%B5%D1%82%D0%B5%D1%80%D0%B1%D1%83%D1%80%D0%B3+%D0%BE%D0%B1%D0%B7%D0%BE%D1%80&hl=ru,https://www.youtube.com/watch?v=B89jySVa8_Y,Видео «ИНТАН на канале РОССИЯ» содержит явную привязку к городу.,True,Интан Санкт-Петербург обзор,2026-08-23T13:24:21.206221+00:00
35f173338d8605a84f7f,Интересные путешествия,youtube,https://www.youtube.com/@InterestingTravel,InterestingTravel,Санкт-Петербург,14400,micro,manual_only,original_profile_opened,https://www.youtube.com/@InterestingTravel,https://www.youtube.com/results?search_query=%D0%9F%D0%B8%D1%82%D0%B5%D1%80+%D0%BD%D0%B5%D0%BE%D0%B1%D1%8B%D1%87%D0%BD%D1%8B%D0%B5+%D0%BC%D0%B5%D1%81%D1%82%D0%B0&hl=ru,https://www.youtube.com/watch?v=cAF1jmGHDpc,Видео «Необычные места Петербурга. Что посмотреть в Питере бесплатно [Интересные путешествия]» содержит явную привязку к городу.,False,Питер необычные места,2026-08-23T13:24:16.312159+00:00
9b321833bfe75292995f,Интересный Петербург,youtube,https://www.youtube.com/@%D0%98%D0%BD%D1%82%D0%B5%D1%80%D0%B5%D1%81%D0%BD%D1%8B%D0%B9%D0%9F%D0%B5%D1%82%D0%B5%D1%80%D0%B1%D1%83%D1%80%D0%B3-%D1%8A8%D1%80,%D0%98%D0%BD%D1%82%D0%B5%D1%80%D0%B5%D1%81%D0%BD%D1%8B%D0%B9%D0%9F%D0%B5%D1%82%D0%B5%D1%80%D0%B1%D1%83%D1%80%D0%B3-%D1%8A8%D1%80,Санкт-Петербург,174,nano,manual_only,original_profile_opened,https://www.youtube.com/@%D0%98%D0%BD%D1%82%D0%B5%D1%80%D0%B5%D1%81%D0%BD%D1%8B%D0%B9%D0%9F%D0%B5%D1%82%D0%B5%D1%80%D0%B1%D1%83%D1%80%D0%B3-%D1%8A8%D1%80,https://www.youtube.com/results?search_query=%D0%9D%D0%BE%D0%B2%D0%B0%D1%8F+%D0%93%D0%BE%D0%BB%D0%BB%D0%B0%D0%BD%D0%B4%D0%B8%D1%8F+%D1%81%D0%B5%D0%BC%D0%B5%D0%B9%D0%BD%D1%8B%D0%B9+%D0%BE%D0%B1%D0%B7%D0%BE%D1%80&hl=ru,https://www.youtube.com/watch?v=WzR8b2PMnX4,Видео «Новая Голландия - Обзор на Каток 2020» содержит явную привязку к городу.,False,Новая Голландия семейный обзор,2026-08-23T13:24:46.810725+00:00
dbcb955177c1898314ad,"Ирина  - Жизнь, как она есть.",youtube,https://www.youtube.com/@irina.dalmat.,irina.dalmat.,Санкт-Петербург,17400,micro,manual_only,original_profile_opened,https://www.youtube.com/@irina.dalmat.,https://www.youtube.com/results?search_query=%D0%A2%D0%A0%D0%9A+%D0%90%D1%82%D0%BC%D0%BE%D1%81%D1%84%D0%B5%D1%80%D0%B0+%D0%A1%D0%B0%D0%BD%D0%BA%D1%82-%D0%9F%D0%B5%D1%82%D0%B5%D1%80%D0%B1%D1%83%D1%80%D0%B3+%D0%BE%D0%B1%D0%B7%D0%BE%D1%80&hl=ru,https://www.youtube.com/watch?v=B0UCWUvNM8w,"Видео «ТРК ПРОМЕНАД, АТМОСФЕРА. и мои покупки из магазина Призма.» содержит явную привязку к городу.",True,ТРК Атмосфера Санкт-Петербург обзор,2026-08-23T13:24:17.784008+00:00
9e649ab32cd013dc14e0,Ирина Поленина,youtube,https://www.youtube.com/@%D0%98%D1%80%D0%B8%D0%BD%D0%B0%D0%9F%D0%BE%D0%BB%D0%B5%D0%BD%D0%B8%D0%BD%D0%B0-%D1%828%D1%8A,%D0%98%D1%80%D0%B8%D0%BD%D0%B0%D0%9F%D0%BE%D0%BB%D0%B5%D0%BD%D0%B8%D0%BD%D0%B0-%D1%828%D1%8A,Санкт-Петербург,49,nano,manual_only,original_profile_opened,https://www.youtube.com/@%D0%98%D1%80%D0%B8%D0%BD%D0%B0%D0%9F%D0%BE%D0%BB%D0%B5%D0%BD%D0%B8%D0%BD%D0%B0-%D1%828%D1%8A,https://www.youtube.com/results?search_query=FunCity+%D0%A1%D0%B0%D0%BD%D0%BA%D1%82-%D0%9F%D0%B5%D1%82%D0%B5%D1%80%D0%B1%D1%83%D1%80%D0%B3+%D0%BE%D0%B1%D0%B7%D0%BE%D1%80&hl=ru,https://www.youtube.com/watch?v=o1v2AsaaYZg,Видео «Даня в Fun City СПб 21.06.22» содержит явную привязку к городу.,True,FunCity Санкт-Петербург обзор,2026-08-23T13:24:20.302535+00:00
101c53578ac86b9de7e4,"Ириска - блогер | танцы, путешествия",youtube,https://www.youtube.com/@iriskazaraeva,iriskazaraeva,Санкт-Петербург,2170,nano,manual_only,original_profile_opened,https://www.youtube.com/@iriskazaraeva,https://www.youtube.com/results?search_query=%D0%A1%D0%9F%D0%B1+%D0%BA%D1%83%D0%B4%D0%B0+%D1%81%D1%85%D0%BE%D0%B4%D0%B8%D1%82%D1%8C&hl=ru,https://www.youtube.com/watch?v=A244Xb4rp0k,"Видео «Санкт-Петербург. Куда сходить за 3 дня. Отель, рестораны и достопримечательности» содержит явную привязку к городу.",False,Мурино куда сходить | СПб куда сходить,2026-08-23T13:24:14.977730+00:00
62ca45e0b374821b6caa,Искусство отдыхать / Александра Милованова,youtube,https://www.youtube.com/@tut-hotel,tut-hotel,Санкт-Петербург,4170,nano,manual_only,original_profile_opened,https://www.youtube.com/@tut-hotel,https://www.youtube.com/results?search_query=%D1%81%D0%B5%D0%BC%D0%B5%D0%B9%D0%BD%D1%8B%D0%B9+%D0%B4%D0%BE%D1%81%D1%83%D0%B3+%D0%A1%D0%9F%D0%B1+%D0%B1%D0%BB%D0%BE%D0%B3%D0%B5%D1%80&hl=ru,https://www.youtube.com/watch?v=Lzdm3JsmXMA,Видео «ВЫ ДОЛЖНЫ ЭТО УВИДЕТЬ!!! Гостиница Санкт-Петербург» содержит явную привязку к городу.,False,лучшие отели Петербург | отели СПб блогер | отели Санкт-Петербург обзор | семейный досуг СПб блогер,2026-08-23T13:24:54.371518+00:00
7f6750197903da1cab4c,История Петербурга romanovtrip,youtube,https://www.youtube.com/@romanovtrip,romanovtrip,Санкт-Петербург,15800,micro,manual_only,original_profile_opened,https://www.youtube.com/@romanovtrip,https://www.youtube.com/results?search_query=%D0%9F%D0%B5%D1%82%D0%B5%D1%80%D0%B1%D1%83%D1%80%D0%B3+%D1%80%D0%B5%D0%BA%D0%BE%D0%BC%D0%B5%D0%BD%D0%B4%D0%B0%D1%86%D0%B8%D0%B8&hl=ru,https://www.youtube.com/watch?v=11vHW_7kUF4,Видео «12 лайфхаков туристу в Петербурге» содержит явную привязку к городу.,False,Васильевский остров куда сходить | Васильевский остров семейный обзор | Петербург рекомендации | СПб куда сходить,2026-08-23T13:24:14.318555+00:00
fde9cbe64cf41c184d6d,История РФ,youtube,https://www.youtube.com/@r-hroniki,r-hroniki,Санкт-Петербург,158000,mid,manual_only,original_profile_opened,https://www.youtube.com/@r-hroniki,https://www.youtube.com/results?search_query=%D0%9F%D0%B8%D1%82%D0%B5%D1%80+%D0%BB%D0%BE%D0%BA%D0%B0%D0%BB%D1%8C%D0%BD%D1%8B%D0%B9+%D0%B0%D0%B2%D1%82%D0%BE%D1%80&hl=ru,https://www.youtube.com/watch?v=EB3pdSRzDgQ,Видео «КТО НА САМОМ ДЕЛЕ ПОСТРОИЛ ПЕТЕРБУРГ?» содержит явную привязку к городу.,False,Питер локальный автор,2026-08-23T13:24:13.913469+00:00
ce7dba2d1bff214e07da,ЙогаМастер Денис Валгутов СПб-Пхукет в йоге 26 лет,youtube,https://www.youtube.com/@yogaboga,yogaboga,Санкт-Петербург,7790,nano,manual_only,original_profile_opened,https://www.youtube.com/@yogaboga,https://www.youtube.com/results?search_query=%D0%B9%D0%BE%D0%B3%D0%B0+%D0%A1%D0%9F%D0%B1+%D0%B1%D0%BB%D0%BE%D0%B3%D0%B5%D1%80&hl=ru,https://www.youtube.com/watch?v=Tn--seG-nFE,Видео «ДЕНЬ 9 ЙОГА АМПЛИТУДА Йога Мастер Денис Валгутов СПб-Пхукет в йоге 26 лет в прямом эфире!» содержит явную привязку к городу.,False,йога СПб блогер,2026-08-23T13:24:52.164601+00:00
2df9eb82cd9e59404666,Казахский триатлет,youtube,https://www.youtube.com/@kaztri,kaztri,Санкт-Петербург,2370,nano,manual_only,original_profile_opened,https://www.youtube.com/@kaztri,https://www.youtube.com/results?search_query=%D0%B1%D0%B5%D0%B3+%D0%A1%D0%B0%D0%BD%D0%BA%D1%82-%D0%9F%D0%B5%D1%82%D0%B5%D1%80%D0%B1%D1%83%D1%80%D0%B3+%D0%BE%D0%B1%D0%B7%D0%BE%D1%80&hl=ru,https://www.youtube.com/watch?v=5g3QbloKYEw,Видео «Лига триатлона в Санкт-Петербурге. Обзор олимпийской дистанции.» содержит явную привязку к городу.,False,бег Санкт-Петербург обзор,2026-08-23T13:25:05.589743+00:00
81868a388f9798b7e442,Касумов Александр,youtube,https://www.youtube.com/@Kasumov_Aleksandr,Kasumov_Aleksandr,Санкт-Петербург,2860,nano,manual_only,original_profile_opened,https://www.youtube.com/@Kasumov_Aleksandr,https://www.youtube.com/results?search_query=%D0%A1%D0%B5%D1%81%D1%82%D1%80%D0%BE%D1%80%D0%B5%D1%86%D0%BA+%D1%81%D0%B5%D0%BC%D0%B5%D0%B9%D0%BD%D1%8B%D0%B9+%D0%BE%D0%B1%D0%B7%D0%BE%D1%80&hl=ru,https://www.youtube.com/watch?v=q-4m4Fg8mDM,"Видео «Семейный отдых в Акаваклубе ""Вода"" Сестрорецк Санкт-Петербург. СПА отель.» содержит явную привязку к городу.",False,Сестрорецк семейный обзор,2026-08-23T13:24:43.634559+00:00
a5ac2f9badd9c12645de,Катя Лесня,youtube,https://www.youtube.com/@les.nikk23,les.nikk23,Санкт-Петербург,1100,nano,manual_only,original_profile_opened,https://www.youtube.com/@les.nikk23,https://www.youtube.com/results?search_query=%D0%BA%D0%BE%D1%84%D0%B5%D0%B9%D0%BD%D0%B8+%D0%A1%D0%9F%D0%B1+%D0%B1%D0%BB%D0%BE%D0%B3%D0%B5%D1%80&hl=ru,https://www.youtube.com/watch?v=XLTvJJiW4uk,Видео «3 кофейни в Петербурге Ⓜ️ Василеостровская» содержит явную привязку к городу.,False,кофейни СПб блогер,2026-08-23T13:24:49.812105+00:00
de861a2a43f338a58f10,"Катя, кстати",youtube,https://www.youtube.com/@Lazydazyy,Lazydazyy,Санкт-Петербург,2370,nano,manual_only,original_profile_opened,https://www.youtube.com/@Lazydazyy,https://www.youtube.com/results?search_query=%D0%9F%D0%B0%D1%80%D0%BD%D0%B0%D1%81+%D0%BA%D1%83%D0%B4%D0%B0+%D1%81%D1%85%D0%BE%D0%B4%D0%B8%D1%82%D1%8C&hl=ru,https://www.youtube.com/watch?v=fDaX_iEO3Rk,Видео «Парнас: РАЙ ИЛИ АД? Разбор внутри видео» содержит явную привязку к городу.,False,Парнас куда сходить | Парнас семейный обзор,2026-08-23T13:24:38.077989+00:00
ee2b933d20b49a154146,Киселев о недвижимости в СПб,youtube,https://www.youtube.com/@the_realtor,the_realtor,Санкт-Петербург,8270,nano,manual_only,original_profile_opened,https://www.youtube.com/@the_realtor,https://www.youtube.com/results?search_query=%D0%9F%D1%80%D0%B8%D0%BC%D0%BE%D1%80%D1%81%D0%BA%D0%B8%D0%B9+%D1%80%D0%B0%D0%B9%D0%BE%D0%BD+%D0%A1%D0%B0%D0%BD%D0%BA%D1%82-%D0%9F%D0%B5%D1%82%D0%B5%D1%80%D0%B1%D1%83%D1%80%D0%B3+%D0%B1%D0%BB%D0%BE%D0%B3&hl=ru,https://www.youtube.com/watch?v=fUlWmrMtejs,"Видео «ЖК ""Полис Приморский 2"", приморский район Санкт-Петербурга» содержит явную привязку к городу.",False,Приморский район Санкт-Петербург блог | Шушары семейный обзор | жилые комплексы Санкт-Петербург обзор,2026-08-23T13:24:36.572918+00:00
2d1369fedcdf5a21e30d,КЛИНИКА АБРИЕЛЛЬ,youtube,https://www.youtube.com/@abriell_clinic,abriell_clinic,Санкт-Петербург,33700,micro,manual_only,original_profile_opened,https://www.youtube.com/@abriell_clinic,https://www.youtube.com/results?search_query=%D0%B2%D0%B5%D1%82%D0%BA%D0%BB%D0%B8%D0%BD%D0%B8%D0%BA%D0%B8+%D0%A1%D0%B0%D0%BD%D0%BA%D1%82-%D0%9F%D0%B5%D1%82%D0%B5%D1%80%D0%B1%D1%83%D1%80%D0%B3+%D0%BE%D0%B1%D0%B7%D0%BE%D1%80&hl=ru,https://www.youtube.com/watch?v=aPGfYxYjA0Q,"Видео «КЛИНИКА ЭСТЕТИЧЕСКОЙ ХИРУРГИИ ""АБРИЕЛЛЬ"" В САНКТ-ПЕТЕРБУРГЕ / ОБЗОР ПАЛАТЫ ОТ ПАЦИЕНТКИ #абриелль» содержит явную привязку к городу.",False,ветклиники Санкт-Петербург обзор,2026-08-23T13:25:04.131941+00:00
3ee91950f9e18079060d,Книжный сыщик,youtube,https://www.youtube.com/@sandrabooks97,sandrabooks97,Санкт-Петербург,1060,nano,manual_only,original_profile_opened,https://www.youtube.com/@sandrabooks97,https://www.youtube.com/results?search_query=%D0%BA%D0%BD%D0%B8%D0%B6%D0%BD%D1%8B%D0%B5+%D0%BC%D0%B0%D0%B3%D0%B0%D0%B7%D0%B8%D0%BD%D1%8B+%D0%A1%D0%B0%D0%BD%D0%BA%D1%82-%D0%9F%D0%B5%D1%82%D0%B5%D1%80%D0%B1%D1%83%D1%80%D0%B3+%D0%BE%D0%B1%D0%B7%D0%BE%D1%80&hl=ru,https://www.youtube.com/watch?v=b4qd1_9g13c,Видео «КНИЖНЫЕ МАГАЗИНЫ ПЕТЕРБУРГА 😍📚 ГДЕ КУПИТЬ КНИГИ В ПИТЕРЕ» содержит явную привязку к городу.,False,книжные магазины СПб блогер | книжные магазины Санкт-Петербург обзор | лучшие книжные магазины Петербург,2026-08-23T13:25:06.347735+00:00
9a07a97249e8f944ae8a,Коллективный Путин 2 | Collective Putin 2,youtube,https://www.youtube.com/@%D0%9A%D0%BE%D0%BB%D0%BB%D0%B5%D0%BA%D1%82%D0%B8%D0%B2%D0%BD%D1%8B%D0%B9%D0%9F%D1%83%D1%82%D0%B8%D0%BD2,%D0%9A%D0%BE%D0%BB%D0%BB%D0%B5%D0%BA%D1%82%D0%B8%D0%B2%D0%BD%D1%8B%D0%B9%D0%9F%D1%83%D1%82%D0%B8%D0%BD2,Санкт-Петербург,2310,nano,manual_only,original_profile_opened,https://www.youtube.com/@%D0%9A%D0%BE%D0%BB%D0%BB%D0%B5%D0%BA%D1%82%D0%B8%D0%B2%D0%BD%D1%8B%D0%B9%D0%9F%D1%83%D1%82%D0%B8%D0%BD2,https://www.youtube.com/results?search_query=%D0%9F%D0%B5%D1%82%D0%B5%D1%80%D0%B1%D1%83%D1%80%D0%B3+%D0%B1%D0%BB%D0%BE%D0%B3%D0%B5%D1%80&hl=ru,https://www.youtube.com/watch?v=VjuHSIwYJ-4,"Видео «Санкт-Петербург. Российский блогер пытается доказать, что уровень жизни в России выше, чем в Эстонии» содержит явную привязку к городу.",False,Петербург блогер,2026-08-23T13:24:13.303472+00:00
e5428d0a652757a3ff9c,Колпино Online,youtube,https://www.youtube.com/@Online-ow6nn,Online-ow6nn,Санкт-Петербург,77,nano,manual_only,original_profile_opened,https://www.youtube.com/@Online-ow6nn,https://www.youtube.com/results?search_query=%D0%9A%D0%BE%D0%BB%D0%BF%D0%B8%D0%BD%D1%81%D0%BA%D0%B8%D0%B9+%D1%80%D0%B0%D0%B9%D0%BE%D0%BD+%D1%81%D0%B5%D0%BC%D0%B5%D0%B9%D0%BD%D1%8B%D0%B9+%D0%BE%D0%B1%D0%B7%D0%BE%D1%80&hl=ru,https://www.youtube.com/watch?v=I_RNYv5CTjM,Видео «Колпинский район Санкт-Петербурга» содержит явную привязку к городу.,False,Колпинский район Санкт-Петербург блог | Колпинский район кафе обзор | Колпинский район обзор мест | Колпинский район семейный обзор,2026-08-23T13:24:31.785719+00:00
3b0b60ae42ceb148a591,Колпинский район,youtube,https://www.youtube.com/@pontonniy,pontonniy,Санкт-Петербург,1680,nano,manual_only,original_profile_opened,https://www.youtube.com/@pontonniy,https://www.youtube.com/results?search_query=%D0%9A%D0%BE%D0%BB%D0%BF%D0%B8%D0%BD%D1%81%D0%BA%D0%B8%D0%B9+%D1%80%D0%B0%D0%B9%D0%BE%D0%BD+%D0%A1%D0%B0%D0%BD%D0%BA%D1%82-%D0%9F%D0%B5%D1%82%D0%B5%D1%80%D0%B1%D1%83%D1%80%D0%B3+%D0%B1%D0%BB%D0%BE%D0%B3&hl=ru,https://www.youtube.com/watch?v=CypTMrkpuxM,Видео «Интервью с предпринимателями посёлка Понтонный (Колпинский район Спб)» содержит явную привязку к городу.,False,Колпинский район Санкт-Петербург блог,2026-08-23T13:24:31.998537+00:00
deb24132f92566dc778a,Коля Касперский | ЕГЭ по Информатике | Вебиум,youtube,https://www.youtube.com/@kaspersky_ege,kaspersky_ege,Санкт-Петербург,30300,micro,manual_only,original_profile_opened,https://www.youtube.com/@kaspersky_ege,https://www.youtube.com/results?search_query=%D0%BB%D1%83%D1%87%D1%88%D0%B8%D0%B5+%D0%BE%D0%B1%D1%80%D0%B0%D0%B7%D0%BE%D0%B2%D0%B0%D0%BD%D0%B8%D0%B5+%D0%9F%D0%B5%D1%82%D0%B5%D1%80%D0%B1%D1%83%D1%80%D0%B3&hl=ru,https://www.youtube.com/watch?v=ueFlbJ5_6tw,Видео «Тир лист вузов Санкт-Петербурга для технарей | Коля Касперский | Вебиум» содержит явную привязку к городу.,False,лучшие образование Петербург,2026-08-23T13:25:06.644812+00:00
54e8caa4d1a73bdca829,Конкурс Мастера гостеприимства. Андрей Евтушенко,youtube,https://www.youtube.com/@%D0%9A%D0%BE%D0%BD%D0%BA%D1%83%D1%80%D1%81%D0%9C%D0%B0%D1%81%D1%82%D0%B5%D1%80%D0%B0%D0%B3%D0%BE%D1%81%D1%82%D0%B5%D0%BF%D1%80%D0%B8%D0%B8%D0%BC%D1%81%D1%82%D0%B2%D0%B0.%D0%90,%D0%9A%D0%BE%D0%BD%D0%BA%D1%83%D1%80%D1%81%D0%9C%D0%B0%D1%81%D1%82%D0%B5%D1%80%D0%B0%D0%B3%D0%BE%D1%81%D1%82%D0%B5%D0%BF%D1%80%D0%B8%D0%B8%D0%BC%D1%81%D1%82%D0%B2%D0%B0.%D0%90,Санкт-Петербург,,unknown,manual_only,original_profile_opened,https://www.youtube.com/@%D0%9A%D0%BE%D0%BD%D0%BA%D1%83%D1%80%D1%81%D0%9C%D0%B0%D1%81%D1%82%D0%B5%D1%80%D0%B0%D0%B3%D0%BE%D1%81%D1%82%D0%B5%D0%BF%D1%80%D0%B8%D0%B8%D0%BC%D1%81%D1%82%D0%B2%D0%B0.%D0%90,https://www.youtube.com/results?search_query=%D0%BB%D1%83%D1%87%D1%88%D0%B8%D0%B5+%D0%B4%D0%B5%D1%82%D1%81%D0%BA%D0%B8%D0%B5+%D0%BF%D1%80%D0%B0%D0%B7%D0%B4%D0%BD%D0%B8%D0%BA%D0%B8+%D0%9F%D0%B5%D1%82%D0%B5%D1%80%D0%B1%D1%83%D1%80%D0%B3&hl=ru,https://www.youtube.com/watch?v=BegbN9PyCnU,Видео «Детский праздник в Санкт-Петербурге» содержит явную привязку к городу.,False,лучшие детские праздники Петербург,2026-08-23T13:24:55.067029+00:00
1577c8ec67f67ea85581,Конспирология от Павла Косолапова.,youtube,https://www.youtube.com/@otezciprian,otezciprian,Санкт-Петербург,3950,nano,manual_only,original_profile_opened,https://www.youtube.com/@otezciprian,https://www.youtube.com/results?search_query=%D0%A1%D0%9F%D0%B1+%D0%B0%D0%B2%D1%82%D0%BE%D1%80%D1%81%D0%BA%D0%B8%D0%B9+%D0%BA%D0%B0%D0%BD%D0%B0%D0%BB&hl=ru,https://www.youtube.com/watch?v=nQxkImcFIz4,Видео «Святыни Санкт - Петербурга. Подписывайтесь на мой авторский канал. Чудеса блаженной Ксении. Павел.» содержит явную привязку к городу.,False,СПб авторский канал,2026-08-23T13:24:12.507509+00:00
bca0323e4bbecb608e65,Коренной Петербуржец,youtube,https://www.youtube.com/@lovekic,lovekic,Санкт-Петербург,591,nano,manual_only,original_profile_opened,https://www.youtube.com/@lovekic,https://www.youtube.com/results?search_query=%D0%9F%D0%B5%D1%82%D0%B5%D1%80%D0%B1%D1%83%D1%80%D0%B3+%D1%87%D1%82%D0%BE+%D0%BF%D0%BE%D1%81%D0%BC%D0%BE%D1%82%D1%80%D0%B5%D1%82%D1%8C&hl=ru,https://www.youtube.com/watch?v=fo6iz0B37VE,Видео «Топ-15 мест в Питере за 1 день | Что посмотреть в Санкт-Петербурге» содержит явную привязку к городу.,False,Петербург что посмотреть,2026-08-23T13:24:15.117003+00:00
9c31a9fd9fbffe9fa778,Коршун из Санкт-Петербурга,youtube,https://www.youtube.com/@-Korshun,-Korshun,Санкт-Петербург,51200,micro,manual_only,original_profile_opened,https://www.youtube.com/@-Korshun,https://www.youtube.com/results?search_query=33-%D0%B9+%D0%97%D1%83%D0%B1+%D0%A1%D0%B0%D0%BD%D0%BA%D1%82-%D0%9F%D0%B5%D1%82%D0%B5%D1%80%D0%B1%D1%83%D1%80%D0%B3+%D0%BE%D0%B1%D0%B7%D0%BE%D1%80&hl=ru,https://www.youtube.com/watch?v=_mDaSfZ1lj0,Видео «Один день из моей жизни. Где в Питере дешево залечить зубы.» содержит явную привязку к городу.,True,33-й Зуб Санкт-Петербург обзор | Дом с курантами Санкт-Петербург обзор | Колпинский район куда сходить | Комендантский проспект кафе обзор | Комендантский проспект куда сходить | Красносельский район куда сходить | Красносельский район семейный обзор | Кронштадт Санкт-Петербург блог | Озерки Санкт-Петербург блог | Озерки кафе обзор | Озерки куда сходить | Озерки обзор мест | Озерки семейный обзор | Питер локальный автор | Проспект Просвещения Санкт-Петербург блог | Проспект Просвещения кафе обзор | Проспект Просвещения куда сходить | Проспект Просвещения семейный обзор | СПб семейный блог | Удельная Санкт-Петербург блог | Черная речка Санкт-Петербург блог | отели СПб блогер,2026-08-23T13:24:12.533642+00:00
df83b02cbae01a1fb23c,Котова Наталья,youtube,https://www.youtube.com/@kotova-natalia,kotova-natalia,Санкт-Петербург,9480,nano,manual_only,original_profile_opened,https://www.youtube.com/@kotova-natalia,https://www.youtube.com/results?search_query=%D0%9D%D0%BE%D0%B2%D0%B0%D1%8F+%D0%93%D0%BE%D0%BB%D0%BB%D0%B0%D0%BD%D0%B4%D0%B8%D1%8F+%D0%BE%D0%B1%D0%B7%D0%BE%D1%80+%D0%BC%D0%B5%D1%81%D1%82&hl=ru,https://www.youtube.com/watch?v=1rdooIU3_fQ,Видео «Вокруг Новой Голландии. Поездка в Санкт-Петербург.» содержит явную привязку к городу.,False,Новая Голландия обзор мест,2026-08-23T13:24:45.818960+00:00
1f3bd99cc55509746bd3,Крапивницкий Евгений,youtube,https://www.youtube.com/@Krapivnitskii,Krapivnitskii,Санкт-Петербург,8,nano,manual_only,original_profile_opened,https://www.youtube.com/@Krapivnitskii,https://www.youtube.com/results?search_query=HIT+FITNESS+%D0%A1%D0%B0%D0%BD%D0%BA%D1%82-%D0%9F%D0%B5%D1%82%D0%B5%D1%80%D0%B1%D1%83%D1%80%D0%B3+%D0%BE%D0%B1%D0%B7%D0%BE%D1%80&hl=ru,https://www.youtube.com/watch?v=y6Vd8PZrB84,"Видео «Спортлайф СПб отзыв на фитнес клуб. Обзор сети тренажерных залов Sportlife: цены, услуги, сервис» содержит явную привязку к городу.",True,Fitness House Санкт-Петербург обзор | HIT FITNESS Санкт-Петербург обзор | Wonderfit Санкт-Петербург обзор | лучшие фитнес Петербург | спорт Санкт-Петербург обзор | фитнес Санкт-Петербург обзор,2026-08-23T13:24:15.990358+00:00
ab1e2efafbf0d3c12c45,Кристина | уютная slow-life,youtube,https://www.youtube.com/@cristinayahontova,cristinayahontova,Санкт-Петербург,1550,nano,manual_only,original_profile_opened,https://www.youtube.com/@cristinayahontova,https://www.youtube.com/results?search_query=%D0%A1%D0%9F%D0%B1+lifestyle+vlog&hl=ru,https://www.youtube.com/watch?v=2U9lodwkFDs,Видео «наши тихие дни в Петербурге 🤎 уютный влог вне дома» содержит явную привязку к городу.,False,СПб lifestyle vlog,2026-08-23T13:24:15.721789+00:00
cde8c228b354175a5f56,Кристина Кузнецова | Создай себя «сам(а)»,youtube,https://www.youtube.com/@kuznetskrisss,kuznetskrisss,Санкт-Петербург,21,nano,manual_only,original_profile_opened,https://www.youtube.com/@kuznetskrisss,https://www.youtube.com/results?search_query=%D0%BC%D1%83%D0%B7%D0%B5%D0%B8+%D0%A1%D0%9F%D0%B1+%D0%B1%D0%BB%D0%BE%D0%B3%D0%B5%D1%80&hl=ru,https://www.youtube.com/watch?v=7kCw_-eRRLA,"Видео «VLOG: Отпуск в Питере. Эрмитаж & Соборы & Музеи & Концерт ""The Hatters""» содержит явную привязку к городу.",False,музеи СПб блогер,2026-08-23T13:24:55.426873+00:00
99f22c6648d0f3eac6cc,Круче Всех,youtube,https://www.youtube.com/@%D0%9A%D1%80%D1%83%D1%87%D0%B5%D0%92%D1%81%D0%B5%D1%85-%D0%BA4%D1%8B,%D0%9A%D1%80%D1%83%D1%87%D0%B5%D0%92%D1%81%D0%B5%D1%85-%D0%BA4%D1%8B,Санкт-Петербург,11,nano,manual_only,original_profile_opened,https://www.youtube.com/@%D0%9A%D1%80%D1%83%D1%87%D0%B5%D0%92%D1%81%D0%B5%D1%85-%D0%BA4%D1%8B,https://www.youtube.com/results?search_query=%D0%B4%D0%B5%D1%82%D1%81%D0%BA%D0%B8%D0%B5+%D0%BF%D1%80%D0%B0%D0%B7%D0%B4%D0%BD%D0%B8%D0%BA%D0%B8+%D0%A1%D0%9F%D0%B1+%D0%B1%D0%BB%D0%BE%D0%B3%D0%B5%D1%80&hl=ru,https://www.youtube.com/watch?v=pYw7baiBOQc,Видео «Детский праздник в СПб от агентства Круче Всех!» содержит явную привязку к городу.,False,детские праздники СПб блогер,2026-08-23T13:24:54.774516+00:00
8c8469e476144072cb6c,Ксения Estate,youtube,https://www.youtube.com/@KseniyaEstate,KseniyaEstate,Санкт-Петербург,1470,nano,manual_only,original_profile_opened,https://www.youtube.com/@KseniyaEstate,https://www.youtube.com/results?search_query=%D0%A2%D1%80%D0%B8+%D0%B2%D0%B5%D1%82%D1%80%D0%B0+%D0%B6%D0%B8%D0%BB%D0%BE%D0%B9+%D0%BA%D0%BE%D0%BC%D0%BF%D0%BB%D0%B5%D0%BA%D1%81+%D0%A1%D0%B0%D0%BD%D0%BA%D1%82-%D0%9F%D0%B5%D1%82%D0%B5%D1%80%D0%B1%D1%83%D1%80%D0%B3+%D0%BE%D0%B1%D0%B7%D0%BE%D1%80&hl=ru,https://www.youtube.com/watch?v=XCekCiQLT68,Видео «Обзор квартиры в ЖК «3 ветра» Спб» содержит явную привязку к городу.,True,LIFE Приморский Санкт-Петербург обзор | Три ветра жилой комплекс Санкт-Петербург обзор,2026-08-23T13:24:24.442465+00:00
f872a5acbb188d8bf09e,Ксения Булах,youtube,https://www.youtube.com/@KseniaBulakh,KseniaBulakh,Санкт-Петербург,321,nano,manual_only,original_profile_opened,https://www.youtube.com/@KseniaBulakh,https://www.youtube.com/results?search_query=%D1%84%D0%BE%D1%82%D0%BE%D0%B3%D1%80%D0%B0%D1%84%D1%8B+%D0%A1%D0%B0%D0%BD%D0%BA%D1%82-%D0%9F%D0%B5%D1%82%D0%B5%D1%80%D0%B1%D1%83%D1%80%D0%B3+%D0%BE%D0%B1%D0%B7%D0%BE%D1%80&hl=ru,https://www.youtube.com/watch?v=3HvlCVxxgdU,Видео «ЗАГСы Санкт-Петербурга: взгляд свадебного фотографа» содержит явную привязку к городу.,False,лучшие фотографы Петербург | фотографы Санкт-Петербург обзор,2026-08-23T13:25:02.860941+00:00
38d9895628b0444c915f,Ксения Макарчук | Недвижимость | Новостройки СПб,youtube,https://www.youtube.com/@ksenagent,ksenagent,Санкт-Петербург,3050,nano,manual_only,original_profile_opened,https://www.youtube.com/@ksenagent,https://www.youtube.com/results?search_query=%D0%BB%D1%83%D1%87%D1%88%D0%B8%D0%B5+%D0%B4%D0%B5%D1%82%D1%81%D0%BA%D0%B8%D0%B5+%D0%BA%D1%80%D1%83%D0%B6%D0%BA%D0%B8+%D0%9F%D0%B5%D1%82%D0%B5%D1%80%D0%B1%D1%83%D1%80%D0%B3&hl=ru,https://www.youtube.com/watch?v=Tzlrruwa06U,"Видео «Хотите, чтобы ребёнок учился в одной из лучших школ Петербурга?» содержит явную привязку к городу.",False,лучшие детские кружки Петербург,2026-08-23T13:24:54.316731+00:00
121b879c821ab0346162,Ксения Тиунова,youtube,https://www.youtube.com/@tiunova_ksss,tiunova_ksss,Санкт-Петербург,6,nano,manual_only,original_profile_opened,https://www.youtube.com/@tiunova_ksss,https://www.youtube.com/results?search_query=%D0%A6%D0%B5%D0%BD%D1%82%D1%80%D0%B0%D0%BB%D1%8C%D0%BD%D1%8B%D0%B9+%D1%80%D0%B0%D0%B9%D0%BE%D0%BD+%D0%A1%D0%B0%D0%BD%D0%BA%D1%82-%D0%9F%D0%B5%D1%82%D0%B5%D1%80%D0%B1%D1%83%D1%80%D0%B3+%D0%B1%D0%BB%D0%BE%D0%B3&hl=ru,https://www.youtube.com/watch?v=kPeT8U7ARkg,"Видео «влог спб // наша уютная поездка, майские праздники» содержит явную привязку к городу.",False,Центральный район Санкт-Петербург блог,2026-08-23T13:24:37.406950+00:00
5a6f3acfb43eccc58725,КСЮША CANDYMOM,youtube,https://www.youtube.com/@ks_candymom,ks_candymom,Санкт-Петербург,7740,nano,manual_only,original_profile_opened,https://www.youtube.com/@ks_candymom,https://www.youtube.com/results?search_query=%D0%BB%D1%83%D1%87%D1%88%D0%B8%D0%B5+%D0%BA%D0%BE%D0%BD%D0%B4%D0%B8%D1%82%D0%B5%D1%80%D1%81%D0%BA%D0%B8%D0%B5+%D0%9F%D0%B5%D1%82%D0%B5%D1%80%D0%B1%D1%83%D1%80%D0%B3&hl=ru,https://www.youtube.com/watch?v=Iwuz_4w3BCE,Видео «ДЕСЕРТЫ ЛУЧШИХ ШЕФОВ ПИТЕРА 🔥» содержит явную привязку к городу.,False,кондитерские Санкт-Петербург обзор | лучшие кондитерские Петербург,2026-08-23T13:24:50.482347+00:00
7510dae7c0f8c94e44cd,Ксюша Габзунова,youtube,https://www.youtube.com/@KseniaGabzunova,KseniaGabzunova,Санкт-Петербург,3070,nano,manual_only,original_profile_opened,https://www.youtube.com/@KseniaGabzunova,https://www.youtube.com/results?search_query=%D0%9F%D0%B8%D1%82%D0%B5%D1%80+%D0%BE%D0%B1%D0%B7%D0%BE%D1%80%D1%89%D0%B8%D0%BA&hl=ru,https://www.youtube.com/watch?v=irF8DgIMgHY,Видео «Питер за 3 дня: Куда ходят местные? Что посмотреть и где поесть в 2026 году?» содержит явную привязку к городу.,False,Московский район куда сходить | Московский район обзор мест | Петербург городской блог | Петербург рекомендации | Петербург что посмотреть | Петроградка Санкт-Петербург блог | Петродворцовый район куда сходить | Питер необычные места | Питер обзорщик | СПб lifestyle vlog | СПб куда сходить | СПб новые места | лучшие туризм Петербург,2026-08-23T13:24:13.610180+00:00
302c3e412b07f6350cf0,Куда сходить в Питере,youtube,https://www.youtube.com/@Meyfen12,Meyfen12,Санкт-Петербург,75,nano,manual_only,original_profile_opened,https://www.youtube.com/@Meyfen12,https://www.youtube.com/results?search_query=%D0%92%D0%B0%D1%81%D0%B8%D0%BB%D0%B5%D0%BE%D1%81%D1%82%D1%80%D0%BE%D0%B2%D1%81%D0%BA%D0%B8%D0%B9+%D1%80%D0%B0%D0%B9%D0%BE%D0%BD+%D0%BE%D0%B1%D0%B7%D0%BE%D1%80+%D0%BC%D0%B5%D1%81%D1%82&hl=ru,https://www.youtube.com/watch?v=IPbXITJfxkc,Видео «Прогулка по улицам Санкт- Петербурга (Василеостровский район)» содержит явную привязку к городу.,False,Василеостровский район Санкт-Петербург блог | Василеостровский район куда сходить | Василеостровский район обзор мест | Кудрово куда сходить | Новая Голландия куда сходить,2026-08-23T13:24:26.356175+00:00
cb1f8050645126b2ca72,Куда сходить в СПБ,youtube,https://www.youtube.com/@%D0%9A%D1%83%D0%B4%D0%B0%D1%81%D1%85%D0%BE%D0%B4%D0%B8%D1%82%D1%8C%D0%B2%D0%A1%D0%9F%D0%91-%D1%878%D1%8F,%D0%9A%D1%83%D0%B4%D0%B0%D1%81%D1%85%D0%BE%D0%B4%D0%B8%D1%82%D1%8C%D0%B2%D0%A1%D0%9F%D0%91-%D1%878%D1%8F,Санкт-Петербург,478,nano,manual_only,original_profile_opened,https://www.youtube.com/@%D0%9A%D1%83%D0%B4%D0%B0%D1%81%D1%85%D0%BE%D0%B4%D0%B8%D1%82%D1%8C%D0%B2%D0%A1%D0%9F%D0%91-%D1%878%D1%8F,https://www.youtube.com/results?search_query=%D0%9D%D0%BE%D0%B2%D0%B0%D1%8F+%D0%93%D0%BE%D0%BB%D0%BB%D0%B0%D0%BD%D0%B4%D0%B8%D1%8F+%D0%BA%D1%83%D0%B4%D0%B0+%D1%81%D1%85%D0%BE%D0%B4%D0%B8%D1%82%D1%8C&hl=ru,https://www.youtube.com/watch?v=0JzsvBTVGH0,Видео «Куда сходить зимой в Питере? На каток в Новую Голландию!» содержит явную привязку к городу.,False,Новая Голландия куда сходить,2026-08-23T13:24:46.601563+00:00
cc727862e6f308e1fafa,кукыркк,youtube,https://www.youtube.com/@shrkkkrk,shrkkkrk,Санкт-Петербург,14,nano,manual_only,original_profile_opened,https://www.youtube.com/@shrkkkrk,https://www.youtube.com/results?search_query=%D0%A1%D0%B5%D1%81%D1%82%D1%80%D0%BE%D1%80%D0%B5%D1%86%D0%BA+%D0%A1%D0%B0%D0%BD%D0%BA%D1%82-%D0%9F%D0%B5%D1%82%D0%B5%D1%80%D0%B1%D1%83%D1%80%D0%B3+%D0%B1%D0%BB%D0%BE%D0%B3&hl=ru,https://www.youtube.com/watch?v=1jlBug7Dv90,Видео «большой влог из петербурга ** 🧝🏻‍♀️✨👾» содержит явную привязку к городу.,False,Сестрорецк Санкт-Петербург блог,2026-08-23T13:24:42.749178+00:00
0ac27a96a043037580f0,Культура СПА,youtube,https://www.youtube.com/@KulturaSpa,KulturaSpa,Санкт-Петербург,114,nano,manual_only,original_profile_opened,https://www.youtube.com/@KulturaSpa,https://www.youtube.com/results?search_query=%D0%BC%D0%B0%D1%81%D1%81%D0%B0%D0%B6+%D0%B8+SPA+%D0%A1%D0%9F%D0%B1+%D0%B1%D0%BB%D0%BE%D0%B3%D0%B5%D1%80&hl=ru,https://www.youtube.com/watch?v=z4JC2JgG1d4,Видео «Массаж-лучший способ расслабиться! #спа #массаж #massage#спб» содержит явную привязку к городу.,False,лучшие массаж и SPA Петербург | массаж и SPA СПб блогер | массаж и SPA Санкт-Петербург обзор,2026-08-23T13:24:52.151445+00:00
cc9e307d7315dae7d692,Кураторий,youtube,https://www.youtube.com/@%D0%9A%D0%A3%D0%A0%D0%90%D0%A2%D0%9E%D0%A0%D0%98%D0%99,%D0%9A%D0%A3%D0%A0%D0%90%D0%A2%D0%9E%D0%A0%D0%98%D0%99,Санкт-Петербург,29000,micro,manual_only,original_profile_opened,https://www.youtube.com/@%D0%9A%D0%A3%D0%A0%D0%90%D0%A2%D0%9E%D0%A0%D0%98%D0%99,https://www.youtube.com/results?search_query=%D0%9F%D0%B8%D1%82%D0%B5%D1%80+%D0%BB%D0%BE%D0%BA%D0%B0%D0%BB%D1%8C%D0%BD%D1%8B%D0%B9+%D0%B0%D0%B2%D1%82%D0%BE%D1%80&hl=ru,https://www.youtube.com/watch?v=As39LIMpVtY,Видео «ВЕЛИКАЯ ПЕРЕЗАГРУЗКА: Кто На Самом Деле Построил Петербург?» содержит явную привязку к городу.,False,Питер локальный автор,2026-08-23T13:24:14.113372+00:00
b580b3fa99ace4aaeda2,Кухня Эмоций ДЕТСКИЕ ПРАЗДНИКИ,youtube,https://www.youtube.com/@%D0%9A%D1%83%D1%85%D0%BD%D1%8F%D0%AD%D0%BC%D0%BE%D1%86%D0%B8%D0%B9%D0%94%D0%95%D0%A2%D0%A1%D0%9A%D0%98%D0%95%D0%9F%D0%A0%D0%90%D0%97%D0%94%D0%9D%D0%98%D0%9A%D0%98,%D0%9A%D1%83%D1%85%D0%BD%D1%8F%D0%AD%D0%BC%D0%BE%D1%86%D0%B8%D0%B9%D0%94%D0%95%D0%A2%D0%A1%D0%9A%D0%98%D0%95%D0%9F%D0%A0%D0%90%D0%97%D0%94%D0%9D%D0%98%D0%9A%D0%98,Санкт-Петербург,6,nano,manual_only,original_profile_opened,https://www.youtube.com/@%D0%9A%D1%83%D1%85%D0%BD%D1%8F%D0%AD%D0%BC%D0%BE%D1%86%D0%B8%D0%B9%D0%94%D0%95%D0%A2%D0%A1%D0%9A%D0%98%D0%95%D0%9F%D0%A0%D0%90%D0%97%D0%94%D0%9D%D0%98%D0%9A%D0%98,https://www.youtube.com/results?search_query=%D0%B4%D0%B5%D1%82%D1%81%D0%BA%D0%B8%D0%B5+%D0%BF%D1%80%D0%B0%D0%B7%D0%B4%D0%BD%D0%B8%D0%BA%D0%B8+%D0%A1%D0%9F%D0%B1+%D0%B1%D0%BB%D0%BE%D0%B3%D0%B5%D1%80&hl=ru,https://www.youtube.com/watch?v=cKdoWBfnzCQ,Видео «Лучшие детские праздники в Санкт-Петербурге!» содержит явную привязку к городу.,False,детские праздники СПб блогер | детские праздники Санкт-Петербург обзор | лучшие детские праздники Петербург,2026-08-23T13:24:54.522760+00:00
721d48d6ad2fab230ff7,Ландшафтная студия L-BURO,youtube,https://www.youtube.com/@lburo_ru,lburo_ru,Санкт-Петербург,44400,micro,manual_only,original_profile_opened,https://www.youtube.com/@lburo_ru,https://www.youtube.com/results?search_query=%D0%9D%D0%BE%D0%B2%D0%B0%D1%8F+%D0%93%D0%BE%D0%BB%D0%BB%D0%B0%D0%BD%D0%B4%D0%B8%D1%8F+%D0%A1%D0%B0%D0%BD%D0%BA%D1%82-%D0%9F%D0%B5%D1%82%D0%B5%D1%80%D0%B1%D1%83%D1%80%D0%B3+%D0%B1%D0%BB%D0%BE%D0%B3&hl=ru,https://www.youtube.com/watch?v=ButBu92kSGs,Видео «Этот парк ЛУЧШЕ всех европейских! Обзор парка Новая Голландия Санкт-Петербурга» содержит явную привязку к городу.,False,Новая Голландия Санкт-Петербург блог | Новая Голландия кафе обзор | Новая Голландия куда сходить | Новая Голландия обзор мест | Новая Голландия семейный обзор,2026-08-23T13:24:45.398636+00:00
1491c4957299ce655d84,Лариса Ефимова,youtube,https://www.youtube.com/@%D0%9B%D0%B0%D1%80%D0%B8%D1%81%D0%B0%D0%9F%D0%B5%D1%82%D0%B5%D1%80%D0%B3%D0%BE%D0%A4%D0%A4%D0%BE%D0%B2%D0%BD%D0%B0,%D0%9B%D0%B0%D1%80%D0%B8%D1%81%D0%B0%D0%9F%D0%B5%D1%82%D0%B5%D1%80%D0%B3%D0%BE%D0%A4%D0%A4%D0%BE%D0%B2%D0%BD%D0%B0,Санкт-Петербург,322,nano,manual_only,original_profile_opened,https://www.youtube.com/@%D0%9B%D0%B0%D1%80%D0%B8%D1%81%D0%B0%D0%9F%D0%B5%D1%82%D0%B5%D1%80%D0%B3%D0%BE%D0%A4%D0%A4%D0%BE%D0%B2%D0%BD%D0%B0,https://www.youtube.com/results?search_query=%D0%9A%D1%80%D0%B0%D1%81%D0%BD%D0%BE%D1%81%D0%B5%D0%BB%D1%8C%D1%81%D0%BA%D0%B8%D0%B9+%D1%80%D0%B0%D0%B9%D0%BE%D0%BD+%D0%BE%D0%B1%D0%B7%D0%BE%D1%80+%D0%BC%D0%B5%D1%81%D1%82&hl=ru,https://www.youtube.com/watch?v=bExmbxW9TcQ,Видео «Красносельский район СПБ обзор» содержит явную привязку к городу.,False,Красносельский район обзор мест | Красносельский район семейный обзор,2026-08-23T13:24:32.731353+00:00
03a2fe5a70233242b9c3,Лариса Климова,youtube,https://www.youtube.com/@%D0%9B%D0%B0%D1%80%D0%B8%D1%81%D0%B0%D0%9A%D0%BB%D0%B8%D0%BC%D0%BE%D0%B2%D0%B0-%D1%8D5%D0%BB,%D0%9B%D0%B0%D1%80%D0%B8%D1%81%D0%B0%D0%9A%D0%BB%D0%B8%D0%BC%D0%BE%D0%B2%D0%B0-%D1%8D5%D0%BB,Санкт-Петербург,,unknown,manual_only,original_profile_opened,https://www.youtube.com/@%D0%9B%D0%B0%D1%80%D0%B8%D1%81%D0%B0%D0%9A%D0%BB%D0%B8%D0%BC%D0%BE%D0%B2%D0%B0-%D1%8D5%D0%BB,https://www.youtube.com/results?search_query=%D0%B9%D0%BE%D0%B3%D0%B0+%D0%A1%D0%B0%D0%BD%D0%BA%D1%82-%D0%9F%D0%B5%D1%82%D0%B5%D1%80%D0%B1%D1%83%D1%80%D0%B3+%D0%BE%D0%B1%D0%B7%D0%BE%D1%80&hl=ru,https://www.youtube.com/watch?v=kzzWH_536Uc,Видео «Йога Спб. Йога КПП. Йога Питер. Хатха йога Спб. Санкт-Петербург» содержит явную привязку к городу.,False,йога Санкт-Петербург обзор,2026-08-23T13:24:52.625696+00:00
45ac84aa16f50a128b21,Лекториум,youtube,https://www.youtube.com/@OpenLektorium,OpenLektorium,Санкт-Петербург,199000,mid,manual_only,original_profile_opened,https://www.youtube.com/@OpenLektorium,https://www.youtube.com/results?search_query=%D0%9D%D0%BE%D0%B2%D0%B0%D1%8F+%D0%93%D0%BE%D0%BB%D0%BB%D0%B0%D0%BD%D0%B4%D0%B8%D1%8F+%D0%BE%D0%B1%D0%B7%D0%BE%D1%80+%D0%BC%D0%B5%D1%81%D1%82&hl=ru,https://www.youtube.com/watch?v=Ig7AgMeeJgs,"Видео «Остров Новая Голландия, здание «Бутылка» | Истории и мифы Санкт-Петербурга | Интересные места» содержит явную привязку к городу.",False,Новая Голландия обзор мест,2026-08-23T13:24:46.268177+00:00
e35d200ae99dd41558ef,Лена,youtube,https://www.youtube.com/@gladelen,gladelen,Санкт-Петербург,135,nano,manual_only,original_profile_opened,https://www.youtube.com/@gladelen,https://www.youtube.com/results?search_query=%D0%9B%D0%B0%D1%85%D1%82%D0%B0+%D0%A1%D0%B0%D0%BD%D0%BA%D1%82-%D0%9F%D0%B5%D1%82%D0%B5%D1%80%D0%B1%D1%83%D1%80%D0%B3+%D0%B1%D0%BB%D0%BE%D0%B3&hl=ru,https://www.youtube.com/watch?v=e-ZcPAMu5ew,Видео «Поездка в Питер | Петергоф | Елагин остров | Лахта Центр» содержит явную привязку к городу.,False,Лахта Санкт-Петербург блог,2026-08-23T13:24:47.212026+00:00
5827ac8625bc79f6246c,Леонид Белик Pro Недвижимость и Новостройки СПб,youtube,https://www.youtube.com/@BelikRealty,BelikRealty,Санкт-Петербург,14700,micro,manual_only,original_profile_opened,https://www.youtube.com/@BelikRealty,https://www.youtube.com/results?search_query=%D0%A0%D0%B5%D0%BD%D0%B8%D0%94%D0%B5%D0%BD%D1%82+%D0%A1%D0%B0%D0%BD%D0%BA%D1%82-%D0%9F%D0%B5%D1%82%D0%B5%D1%80%D0%B1%D1%83%D1%80%D0%B3+%D0%BE%D0%B1%D0%B7%D0%BE%D1%80&hl=ru,https://www.youtube.com/watch?v=i4achTY204Q,"Видео «КРТ СПб, без % рассрочка от застройщика или ипотека 🔥📊 Метро СПб, КАД-2, недвижимость и новостройки» содержит явную привязку к городу.",True,LIFE Приморский Санкт-Петербург обзор | Lotos Tower Санкт-Петербург обзор | Дом с курантами Санкт-Петербург обзор | Красносельский район семейный обзор | Петроградка Санкт-Петербург блог | Петроградка семейный обзор | Петроградский район обзор мест | Пушкинский район семейный обзор | РениДент Санкт-Петербург обзор | Три ветра жилой комплекс Санкт-Петербург обзор | Фотограф Коробейникова Евгения Санкт-Петербург обзор | Черная речка Санкт-Петербург блог | Черная речка кафе обзор | Черная речка куда сходить | Черная речка обзор мест | Черная речка семейный обзор | Шушары Санкт-Петербург блог | Шушары кафе обзор | Шушары обзор мест | Шушары семейный обзор | жилые комплексы СПб блогер | жилые комплексы Санкт-Петербург обзор | лучшие жилые комплексы Петербург | лучшие новостройки Петербург | новостройки Санкт-Петербург обзор | районные новости Санкт-Петербург обзор | частные клиники Санкт-Петербург обзор,2026-08-23T13:24:23.402909+00:00
f4316f86fbc58fe09657,Лерушка-путешественница,youtube,https://www.youtube.com/@LeratheExplorer,LeratheExplorer,Санкт-Петербург,1480,nano,manual_only,original_profile_opened,https://www.youtube.com/@LeratheExplorer,https://www.youtube.com/results?search_query=%D0%BB%D1%83%D1%87%D1%88%D0%B8%D0%B5+%D0%BC%D1%83%D0%B7%D0%B5%D0%B8+%D0%9F%D0%B5%D1%82%D0%B5%D1%80%D0%B1%D1%83%D1%80%D0%B3&hl=ru,https://www.youtube.com/watch?v=gAC_ZLPRsDI,Видео «Санкт-Петербург Лучшие места в городе и главные музеи для семейной прогулки» содержит явную привязку к городу.,False,лучшие музеи Петербург,2026-08-23T13:24:55.621252+00:00
b0ee2c8ec8bc049bc57c,ЛЕТИМ,youtube,https://www.youtube.com/@1letim,1letim,Санкт-Петербург,610,nano,manual_only,original_profile_opened,https://www.youtube.com/@1letim,https://www.youtube.com/results?search_query=%D0%BB%D1%83%D1%87%D1%88%D0%B8%D0%B5+%D0%BE%D1%82%D0%B5%D0%BB%D0%B8+%D0%9F%D0%B5%D1%82%D0%B5%D1%80%D0%B1%D1%83%D1%80%D0%B3&hl=ru,https://www.youtube.com/watch?v=4w_dKx_gF8A,Видео «ТОП-5 отелей в центре Санкт-Петербурга по отзывам» содержит явную привязку к городу.,False,лучшие отели Петербург,2026-08-23T13:25:03.851292+00:00
7122b5393369d52de011,Лига Мастерства,youtube,https://www.youtube.com/@ligamasterstva,ligamasterstva,Санкт-Петербург,106000,mid,manual_only,original_profile_opened,https://www.youtube.com/@ligamasterstva,https://www.youtube.com/results?search_query=%D0%9B%D0%B0%D1%85%D1%82%D0%B0+%D0%BE%D0%B1%D0%B7%D0%BE%D1%80+%D0%BC%D0%B5%D1%81%D1%82&hl=ru,https://www.youtube.com/watch?v=y4bwuplV0FE,"Видео «МегаСтройки — «Лахта-Центр», Санкт-Петербург: Как строили небоскрёб на болоте?» содержит явную привязку к городу.",False,Лахта обзор мест,2026-08-23T13:24:49.437306+00:00
7f4bc5ffc3a81b5a7764,Лидер Школы,youtube,https://www.youtube.com/@lider.shkoly,lider.shkoly,Санкт-Петербург,88,nano,manual_only,original_profile_opened,https://www.youtube.com/@lider.shkoly,https://www.youtube.com/results?search_query=%D0%BE%D0%B1%D1%80%D0%B0%D0%B7%D0%BE%D0%B2%D0%B0%D0%BD%D0%B8%D0%B5+%D0%A1%D0%B0%D0%BD%D0%BA%D1%82-%D0%9F%D0%B5%D1%82%D0%B5%D1%80%D0%B1%D1%83%D1%80%D0%B3+%D0%BE%D0%B1%D0%B7%D0%BE%D1%80&hl=ru,https://www.youtube.com/watch?v=C0gZoibkdWw,Видео «Санкт-Петербургский горный университет императрицы Екатерины II» содержит явную привязку к городу.,False,образование Санкт-Петербург обзор,2026-08-23T13:25:05.944461+00:00
d9f44f3f8952d4f6dfcd,Лидия Соловьева,youtube,https://www.youtube.com/@Lidiya_Solovyev,Lidiya_Solovyev,Санкт-Петербург,52700,micro,manual_only,original_profile_opened,https://www.youtube.com/@Lidiya_Solovyev,https://www.youtube.com/results?search_query=%D0%9A%D0%B8%D1%80%D0%BE%D0%B2%D1%81%D0%BA%D0%B8%D0%B9+%D1%80%D0%B0%D0%B9%D0%BE%D0%BD+%D0%A1%D0%B0%D0%BD%D0%BA%D1%82-%D0%9F%D0%B5%D1%82%D0%B5%D1%80%D0%B1%D1%83%D1%80%D0%B3+%D0%B1%D0%BB%D0%BE%D0%B3&hl=ru,https://www.youtube.com/watch?v=SYdGV6sCpC4,"Видео «Кировский район, Сталинская архитектура, Питер» содержит явную привязку к городу.",False,Кировский район Санкт-Петербург блог | Рыбацкое Санкт-Петербург блог,2026-08-23T13:24:31.858962+00:00
9d42068b66d936fdb133,лил повлин,youtube,https://www.youtube.com/@lilpauvlin,lilpauvlin,Санкт-Петербург,3070,nano,manual_only,original_profile_opened,https://www.youtube.com/@lilpauvlin,https://www.youtube.com/results?search_query=%D0%9F%D0%B5%D1%82%D0%B5%D1%80%D0%B1%D1%83%D1%80%D0%B3+%D1%80%D0%B5%D0%BA%D0%BE%D0%BC%D0%B5%D0%BD%D0%B4%D0%B0%D1%86%D0%B8%D0%B8&hl=ru,https://www.youtube.com/watch?v=1PrWgJl7DbE,"Видео «Куда пойти в САНКТ-ПЕТЕРБУРГе | топ рестораны, маршрут на 5 дней | Все самые интересные места Питера» содержит явную привязку к городу.",False,Петербург рекомендации | Шушары куда сходить,2026-08-23T13:24:14.853687+00:00
aaa615ae6890e24ba41f,Лимон Недвижимость,youtube,https://www.youtube.com/@lemonrealty,lemonrealty,Санкт-Петербург,685,nano,manual_only,original_profile_opened,https://www.youtube.com/@lemonrealty,https://www.youtube.com/results?search_query=%D0%9A%D1%83%D1%80%D0%BE%D1%80%D1%82%D0%BD%D1%8B%D0%B9+%D1%80%D0%B0%D0%B9%D0%BE%D0%BD+%D0%A1%D0%B0%D0%BD%D0%BA%D1%82-%D0%9F%D0%B5%D1%82%D0%B5%D1%80%D0%B1%D1%83%D1%80%D0%B3+%D0%B1%D0%BB%D0%BE%D0%B3&hl=ru,https://www.youtube.com/watch?v=zYbSzXbVZWM,Видео «Обзор Курортного района Санкт-Петербурга 🔎 ГДЕ лучше ЖИТЬ❓Цены на недвижимость у моря» содержит явную привязку к городу.,False,Курортный район Санкт-Петербург блог | Курортный район обзор мест | Петродворцовый район обзор мест | Петродворцовый район семейный обзор,2026-08-23T13:24:33.517017+00:00
ecc7ce1ec999c97f3a48,Линкор Недвижимость - консультационный центр,youtube,https://www.youtube.com/@LinkorestateRus,LinkorestateRus,Санкт-Петербург,786,nano,manual_only,original_profile_opened,https://www.youtube.com/@LinkorestateRus,https://www.youtube.com/results?search_query=%D0%9C%D0%BE%D1%81%D0%BA%D0%BE%D0%B2%D1%81%D0%BA%D0%B8%D0%B9+%D1%80%D0%B0%D0%B9%D0%BE%D0%BD+%D0%A1%D0%B0%D0%BD%D0%BA%D1%82-%D0%9F%D0%B5%D1%82%D0%B5%D1%80%D0%B1%D1%83%D1%80%D0%B3+%D0%B1%D0%BB%D0%BE%D0%B3&hl=ru,https://www.youtube.com/watch?v=GJs0ZUwEx7w,Видео «Московский район Санкт Петербурга экскурсия  Купить квартиру в Московском районе» содержит явную привязку к городу.,False,Московский район Санкт-Петербург блог,2026-08-23T13:24:35.225116+00:00
c99aac3c1d729c6f8d09,ЛИС Смирнов,youtube,https://www.youtube.com/@%D0%9B%D0%98%D0%A1%D0%A1%D0%BC%D0%B8%D1%80%D0%BD%D0%BE%D0%B2,%D0%9B%D0%98%D0%A1%D0%A1%D0%BC%D0%B8%D1%80%D0%BD%D0%BE%D0%B2,Санкт-Петербург,1780,nano,manual_only,original_profile_opened,https://www.youtube.com/@%D0%9B%D0%98%D0%A1%D0%A1%D0%BC%D0%B8%D1%80%D0%BD%D0%BE%D0%B2,https://www.youtube.com/results?search_query=%D0%BA%D0%BD%D0%B8%D0%B6%D0%BD%D1%8B%D0%B5+%D0%BC%D0%B0%D0%B3%D0%B0%D0%B7%D0%B8%D0%BD%D1%8B+%D0%A1%D0%B0%D0%BD%D0%BA%D1%82-%D0%9F%D0%B5%D1%82%D0%B5%D1%80%D0%B1%D1%83%D1%80%D0%B3+%D0%BE%D0%B1%D0%B7%D0%BE%D1%80&hl=ru,https://www.youtube.com/watch?v=ATQfKaekDmw,Видео «КНИЖНЫЙ ПЕТЕРБУРГ. Книжные покупки.Книжные полки.» содержит явную привязку к городу.,False,книжные магазины Санкт-Петербург обзор,2026-08-23T13:25:06.592836+00:00
282177ea74132b3c47fb,Лука Ебков,youtube,https://www.youtube.com/@luka_ebkov,luka_ebkov,Санкт-Петербург,178000,mid,manual_only,original_profile_opened,https://www.youtube.com/@luka_ebkov,https://www.youtube.com/results?search_query=%D1%8D%D0%BA%D1%81%D0%BA%D1%83%D1%80%D1%81%D0%B8%D0%B8+%D0%A1%D0%9F%D0%B1+%D0%B1%D0%BB%D0%BE%D0%B3%D0%B5%D1%80&hl=ru,https://www.youtube.com/watch?v=BTLUxtfpYLQ,"Видео «Александр Друзь: История Санкт-Петербурга, главный офис VK, Невский, Петровская Акватория» содержит явную привязку к городу.",False,экскурсии СПб блогер,2026-08-23T13:25:02.922848+00:00
ed6ae892b4b5afe4e986,Лучшая Туапсе - СПб,youtube,https://www.youtube.com/@user-luchshaya-tuapsespb,user-luchshaya-tuapsespb,Санкт-Петербург,10000,micro,manual_only,original_profile_opened,https://www.youtube.com/@user-luchshaya-tuapsespb,https://www.youtube.com/results?search_query=%D0%B4%D0%B5%D1%82%D1%81%D0%BA%D0%B8%D0%B5+%D1%86%D0%B5%D0%BD%D1%82%D1%80%D1%8B+%D0%A1%D0%9F%D0%B1+%D0%B1%D0%BB%D0%BE%D0%B3%D0%B5%D1%80&hl=ru,https://www.youtube.com/watch?v=53wRAmQhLL4,Видео «Эльза и Развлекательные Центры Санкт-Петербурга - Entertainment Centers of St. Petersburg» содержит явную привязку к городу.,False,детские центры СПб блогер,2026-08-23T13:24:54.411922+00:00
dc846e7ad5851807c633,Любава и Алёша Фитнес - Cемья,youtube,https://www.youtube.com/@Goodiets,Goodiets,Санкт-Петербург,84200,micro,manual_only,original_profile_opened,https://www.youtube.com/@Goodiets,https://www.youtube.com/results?search_query=%D0%9F%D0%B5%D1%82%D1%80%D0%BE%D0%B4%D0%B2%D0%BE%D1%80%D1%86%D0%BE%D0%B2%D1%8B%D0%B9+%D1%80%D0%B0%D0%B9%D0%BE%D0%BD+%D0%BA%D0%B0%D1%84%D0%B5+%D0%BE%D0%B1%D0%B7%D0%BE%D1%80&hl=ru,https://www.youtube.com/watch?v=aQm8mbObsQQ,Видео «САНКТ - ПЕТЕРБУРГ. Невероятный ПЕТЕРГОФ. Любимое кафе ПУШКИНА. Самые вкусные рестораны ПИТЕРА.» содержит явную привязку к городу.,False,Петродворцовый район кафе обзор,2026-08-23T13:24:36.596004+00:00
f70ed0c59fd4b62f1255,Любитель Слов,youtube,https://www.youtube.com/@nataloveswords,nataloveswords,Санкт-Петербург,1350,nano,manual_only,original_profile_opened,https://www.youtube.com/@nataloveswords,https://www.youtube.com/results?search_query=%D0%BA%D0%BD%D0%B8%D0%B6%D0%BD%D1%8B%D0%B5+%D0%BC%D0%B0%D0%B3%D0%B0%D0%B7%D0%B8%D0%BD%D1%8B+%D0%9F%D0%B8%D1%82%D0%B5%D1%80+shorts&hl=ru,https://www.youtube.com/watch?v=v5SjfzYRFtM,Видео «КНИЖНАЯ ОХОТА в ПИТЕРЕ📚🔥. Книжные магазины Петербурга.» содержит явную привязку к городу.,False,книжные магазины Питер shorts | книжные магазины СПб блогер | книжные магазины Санкт-Петербург обзор | лучшие книжные магазины Петербург,2026-08-23T13:25:05.461783+00:00
706c73699a8f6310cd2b,Любовь Питерская. Переезд в Санкт-Петербург.,youtube,https://www.youtube.com/@LubovPiterskaj-xj8lj5ub3u,LubovPiterskaj-xj8lj5ub3u,Санкт-Петербург,2100,nano,manual_only,original_profile_opened,https://www.youtube.com/@LubovPiterskaj-xj8lj5ub3u,https://www.youtube.com/results?search_query=%D0%9F%D1%80%D0%B8%D0%B1%D0%B0%D0%B2%D0%BB%D0%B5%D0%BD%D0%B8%D0%B5+%D1%82%D0%BE%D0%B2%D0%B0%D1%80%D1%8B+%D0%B4%D0%BB%D1%8F+%D0%B4%D0%B5%D1%82%D0%B5%D0%B9+%D0%A1%D0%B0%D0%BD%D0%BA%D1%82-%D0%9F%D0%B5%D1%82%D0%B5%D1%80%D0%B1%D1%83%D1%80%D0%B3+%D0%BE%D0%B1%D0%B7%D0%BE%D1%80&hl=ru,https://www.youtube.com/watch?v=4-YZbJLtEhg,Видео «Товары Детского Мира #санктпетербург #peterburg #спб #городнаневе #переездвпитер» содержит явную привязку к городу.,True,Прибавление товары для детей Санкт-Петербург обзор,2026-08-23T13:24:18.576508+00:00
7d461f078024559c76e9,МАГАЗИН КВАРТИР,youtube,https://www.youtube.com/@apartmentstorerus,apartmentstorerus,Санкт-Петербург,327,nano,manual_only,original_profile_opened,https://www.youtube.com/@apartmentstorerus,https://www.youtube.com/results?search_query=Legenda+%D0%9E%D0%BF%D1%82%D0%B8%D0%BA%D0%BE%D0%B2+%D0%A1%D0%B0%D0%BD%D0%BA%D1%82-%D0%9F%D0%B5%D1%82%D0%B5%D1%80%D0%B1%D1%83%D1%80%D0%B3+%D0%BE%D0%B1%D0%B7%D0%BE%D1%80&hl=ru,https://www.youtube.com/watch?v=Y3COoILy8CM,Видео «Обзор жилого комплекса на Оптиков 34 от LEGENDA INTELLIGENT DEVELOPMENT Санкт-Петербург» содержит явную привязку к городу.,True,Legenda Оптиков Санкт-Петербург обзор,2026-08-23T13:24:22.378988+00:00
b2a9b2f90301d48e0634,Магазин на Суворовском,youtube,https://www.youtube.com/@baby_boom_piter,baby_boom_piter,Санкт-Петербург,669,nano,manual_only,original_profile_opened,https://www.youtube.com/@baby_boom_piter,https://www.youtube.com/results?search_query=%D0%9F%D1%80%D0%B8%D0%B1%D0%B0%D0%B2%D0%BB%D0%B5%D0%BD%D0%B8%D0%B5+%D1%82%D0%BE%D0%B2%D0%B0%D1%80%D1%8B+%D0%B4%D0%BB%D1%8F+%D0%B4%D0%B5%D1%82%D0%B5%D0%B9+%D0%A1%D0%B0%D0%BD%D0%BA%D1%82-%D0%9F%D0%B5%D1%82%D0%B5%D1%80%D0%B1%D1%83%D1%80%D0%B3+%D0%BE%D0%B1%D0%B7%D0%BE%D1%80&hl=ru,https://www.youtube.com/watch?v=fw5As7Tdl1M,"Видео «самый обыкновенный магазин ""Детские товары "" ткг:babyboompiter #детскаяодежда #санктпетербург» содержит явную привязку к городу.",True,Прибавление товары для детей Санкт-Петербург обзор,2026-08-23T13:24:18.505424+00:00
b2590d46d2d532a5cb72,Мадина,youtube,https://www.youtube.com/@%D0%9C%D0%B0%D0%B4%D0%B8%D0%BD%D0%B0-%D1%8A5%D0%B23%D0%BF,%D0%9C%D0%B0%D0%B4%D0%B8%D0%BD%D0%B0-%D1%8A5%D0%B23%D0%BF,Санкт-Петербург,61,nano,manual_only,original_profile_opened,https://www.youtube.com/@%D0%9C%D0%B0%D0%B4%D0%B8%D0%BD%D0%B0-%D1%8A5%D0%B23%D0%BF,https://www.youtube.com/results?search_query=%D0%BA%D0%BE%D1%84%D0%B5%D0%B9%D0%BD%D0%B8+%D0%A1%D0%B0%D0%BD%D0%BA%D1%82-%D0%9F%D0%B5%D1%82%D0%B5%D1%80%D0%B1%D1%83%D1%80%D0%B3+%D0%BE%D0%B1%D0%B7%D0%BE%D1%80&hl=ru,https://www.youtube.com/watch?v=puFYyBSgkI4,"Видео «Где пить кофе в Петербурге? Любимые кофейни, уют и атмосфера города» содержит явную привязку к городу.",False,кофейни Санкт-Петербург обзор | лучшие кофейни Петербург,2026-08-23T13:24:49.834056+00:00
fe3765ae78a7f88d2834,Макс Путешествует,youtube,https://www.youtube.com/@maxtravels444,maxtravels444,Санкт-Петербург,152000,mid,manual_only,original_profile_opened,https://www.youtube.com/@maxtravels444,https://www.youtube.com/results?search_query=%D0%9F%D0%B8%D1%82%D0%B5%D1%80+%D0%BE%D0%B1%D0%B7%D0%BE%D1%80%D1%89%D0%B8%D0%BA&hl=ru,https://www.youtube.com/watch?v=69z_cIHGpXk,"Видео «Стереотипы о Питере, в которые не стоит верить. НАДОЕЛИ!» содержит явную привязку к городу.",True,MedSwiss Санкт-Петербург обзор | Петроградка куда сходить | Петроградка обзор мест | Петроградка семейный обзор | Петроградский район куда сходить | Петроградский район обзор мест | Питер обзорщик,2026-08-23T13:24:13.680319+00:00
c4ef25e572ba305a0b4d,максим скулкин,youtube,https://www.youtube.com/@%D0%BC%D0%B0%D0%BA%D1%81%D0%B8%D0%BC%D1%81%D0%BA%D1%83%D0%BB%D0%BA%D0%B8%D0%BD-%D0%B63%D0%B3,%D0%BC%D0%B0%D0%BA%D1%81%D0%B8%D0%BC%D1%81%D0%BA%D1%83%D0%BB%D0%BA%D0%B8%D0%BD-%D0%B63%D0%B3,Санкт-Петербург,2250,nano,manual_only,original_profile_opened,https://www.youtube.com/@%D0%BC%D0%B0%D0%BA%D1%81%D0%B8%D0%BC%D1%81%D0%BA%D1%83%D0%BB%D0%BA%D0%B8%D0%BD-%D0%B63%D0%B3,https://www.youtube.com/results?search_query=%D0%BB%D1%83%D1%87%D1%88%D0%B8%D0%B5+%D1%82%D0%B0%D0%BD%D1%86%D1%8B+%D0%9F%D0%B5%D1%82%D0%B5%D1%80%D0%B1%D1%83%D1%80%D0%B3&hl=ru,https://www.youtube.com/watch?v=RnaKAyXz4FM,Видео «Потрясный танец тиктоник в Питере» содержит явную привязку к городу.,False,лучшие танцы Петербург,2026-08-23T13:24:52.835853+00:00
aee9851426694d87dd27,Максим Федотов,youtube,https://www.youtube.com/@FedotovM,FedotovM,Санкт-Петербург,49400,micro,manual_only,original_profile_opened,https://www.youtube.com/@FedotovM,https://www.youtube.com/results?search_query=FITNESSBAR+%D0%A1%D0%B0%D0%BD%D0%BA%D1%82-%D0%9F%D0%B5%D1%82%D0%B5%D1%80%D0%B1%D1%83%D1%80%D0%B3+%D0%BE%D0%B1%D0%B7%D0%BE%D1%80&hl=ru,https://www.youtube.com/watch?v=7trn-GSK13U,Видео «ЛУЧШИЕ РАЙОНЫ ПИТЕРА // Правда про ЖИЗНЬ в Санкт-Петербурге» содержит явную привязку к городу.,True,FITNESSBAR Санкт-Петербург обзор | Петродворцовый район обзор мест | РениДент Санкт-Петербург обзор | лучшие школы Петербург | школы Санкт-Петербург обзор,2026-08-23T13:24:16.470276+00:00
eb7a1e1e802ed2b4345d,Максим Чистомэн,youtube,https://www.youtube.com/@MaximChistoman,MaximChistoman,Санкт-Петербург,1670,nano,manual_only,original_profile_opened,https://www.youtube.com/@MaximChistoman,https://www.youtube.com/results?search_query=%D0%A1%D0%B5%D1%81%D1%82%D1%80%D0%BE%D1%80%D0%B5%D1%86%D0%BA+%D1%81%D0%B5%D0%BC%D0%B5%D0%B9%D0%BD%D1%8B%D0%B9+%D0%BE%D0%B1%D0%B7%D0%BE%D1%80&hl=ru,https://www.youtube.com/watch?v=7kruRRUlSvg,Видео «Зеленогорск и Сестрорецк СПб для отдыха» содержит явную привязку к городу.,False,Сестрорецк семейный обзор,2026-08-23T13:24:43.679496+00:00
2f85713596da9c393370,Максимир,youtube,https://www.youtube.com/@Maksimir,Maksimir,Санкт-Петербург,10300,micro,manual_only,original_profile_opened,https://www.youtube.com/@Maksimir,https://www.youtube.com/results?search_query=%D0%90%D0%B4%D0%BC%D0%B8%D1%80%D0%B0%D0%BB%D1%82%D0%B5%D0%B9%D1%81%D0%BA%D0%B8%D0%B9+%D1%80%D0%B0%D0%B9%D0%BE%D0%BD+%D0%A1%D0%B0%D0%BD%D0%BA%D1%82-%D0%9F%D0%B5%D1%82%D0%B5%D1%80%D0%B1%D1%83%D1%80%D0%B3+%D0%B1%D0%BB%D0%BE%D0%B3&hl=ru,https://www.youtube.com/watch?v=G9H1ydIXsag,Видео «Прогулка по Адмиралтейскому району. Июль 2020.» содержит явную привязку к городу.,False,Адмиралтейский район Санкт-Петербург блог | Адмиралтейский район обзор мест | Калининский район семейный обзор | Комендантский проспект Санкт-Петербург блог | Комендантский проспект обзор мест | Комендантский проспект семейный обзор | Купчино Санкт-Петербург блог | Купчино куда сходить | Купчино обзор мест | Невский район Санкт-Петербург блог | Невский район семейный обзор | Проспект Просвещения Санкт-Петербург блог | Проспект Просвещения обзор мест | Проспект Просвещения семейный обзор | Рыбацкое Санкт-Петербург блог,2026-08-23T13:24:25.629196+00:00
cd7b539150c9f03778b4,Марина Маниния Еричана,youtube,https://www.youtube.com/@666ryzhaya,666ryzhaya,Санкт-Петербург,6380,nano,manual_only,original_profile_opened,https://www.youtube.com/@666ryzhaya,https://www.youtube.com/results?search_query=Watsons+%D0%A1%D0%B0%D0%BD%D0%BA%D1%82-%D0%9F%D0%B5%D1%82%D0%B5%D1%80%D0%B1%D1%83%D1%80%D0%B3+%D0%BE%D0%B1%D0%B7%D0%BE%D1%80&hl=ru,https://www.youtube.com/watch?v=FPsGBbFVvRs,"Видео «VLOG: Питер, дача, могила А. Романцова, покупки в Watsons» содержит явную привязку к городу.",True,Watsons Санкт-Петербург обзор,2026-08-23T13:24:17.055069+00:00
a1372338076aaafe8a96,Марина Триандофилиди | Недвижимость,youtube,https://www.youtube.com/@%D0%9C%D0%B0%D1%80%D0%B8%D0%BD%D0%B0%D0%A2%D1%80%D0%B8%D0%B0%D0%BD%D0%B4%D0%BE%D1%84%D0%B8%D0%BB%D0%B8%D0%B4%D0%B8%D0%9D%D0%B5%D0%B4%D0%B2%D0%B8%D0%B6%D0%B8%D0%BC%D0%BE%D1%81%D1%82,%D0%9C%D0%B0%D1%80%D0%B8%D0%BD%D0%B0%D0%A2%D1%80%D0%B8%D0%B0%D0%BD%D0%B4%D0%BE%D1%84%D0%B8%D0%BB%D0%B8%D0%B4%D0%B8%D0%9D%D0%B5%D0%B4%D0%B2%D0%B8%D0%B6%D0%B8%D0%BC%D0%BE%D1%81%D1%82,Санкт-Петербург,5610,nano,manual_only,original_profile_opened,https://www.youtube.com/@%D0%9C%D0%B0%D1%80%D0%B8%D0%BD%D0%B0%D0%A2%D1%80%D0%B8%D0%B0%D0%BD%D0%B4%D0%BE%D1%84%D0%B8%D0%BB%D0%B8%D0%B4%D0%B8%D0%9D%D0%B5%D0%B4%D0%B2%D0%B8%D0%B6%D0%B8%D0%BC%D0%BE%D1%81%D1%82,https://www.youtube.com/results?search_query=MedSwiss+%D0%A1%D0%B0%D0%BD%D0%BA%D1%82-%D0%9F%D0%B5%D1%82%D0%B5%D1%80%D0%B1%D1%83%D1%80%D0%B3+%D0%BE%D0%B1%D0%B7%D0%BE%D1%80&hl=ru,https://www.youtube.com/watch?v=h82ebiT2shI,Видео «Где реально хорошо жить в Санкт-Петербурге? Честный разбор всех районов» содержит явную привязку к городу.,True,Lotos Tower Санкт-Петербург обзор | MedSwiss Санкт-Петербург обзор | Viva mare Санкт-Петербург обзор | Интан Санкт-Петербург обзор | РениДент Санкт-Петербург обзор | ТК Променад Санкт-Петербург обзор,2026-08-23T13:24:17.236005+00:00
d6727d90a90f6c8769c6,Марина 🌿 Фотограф Санкт-Петербург,youtube,https://www.youtube.com/@memarinee,memarinee,Санкт-Петербург,7,nano,manual_only,original_profile_opened,https://www.youtube.com/@memarinee,https://www.youtube.com/results?search_query=%D0%A4%D0%BE%D1%82%D0%BE%D0%B3%D1%80%D0%B0%D1%84+%D0%9A%D0%BE%D1%80%D0%BE%D0%B1%D0%B5%D0%B9%D0%BD%D0%B8%D0%BA%D0%BE%D0%B2%D0%B0+%D0%95%D0%B2%D0%B3%D0%B5%D0%BD%D0%B8%D1%8F+%D0%A1%D0%B0%D0%BD%D0%BA%D1%82-%D0%9F%D0%B5%D1%82%D0%B5%D1%80%D0%B1%D1%83%D1%80%D0%B3+%D0%BE%D0%B1%D0%B7%D0%BE%D1%80&hl=ru,https://www.youtube.com/watch?v=RF4PyfPOAIM,Видео «Неделя фотографа из Санкт-Петербурга | Винтажки СПб | Вкусные кафе в Питере» содержит явную привязку к городу.,True,Фотограф Коробейникова Евгения Санкт-Петербург обзор | лучшие фотографы Петербург | фотографы СПб блогер | фотографы Санкт-Петербург обзор,2026-08-23T13:24:23.841046+00:00
2f966c9df744394c7503,Мария Сказкина,youtube,https://www.youtube.com/@skazkinaa,skazkinaa,Санкт-Петербург,2110,nano,manual_only,original_profile_opened,https://www.youtube.com/@skazkinaa,https://www.youtube.com/results?search_query=%D0%A1%D0%9F%D0%B1+%D0%BF%D0%BE%D0%BB%D0%B5%D0%B7%D0%BD%D1%8B%D0%B9+%D0%B1%D0%BB%D0%BE%D0%B3&hl=ru,https://www.youtube.com/watch?v=ohRKRRd14C0,"Видео «Влог из Санкт-Петербурга: лучшие рестораны 2026, рассказала подругам о беременности + гендер-пати» содержит явную привязку к городу.",False,Курортный район Санкт-Петербург блог | Лахта Санкт-Петербург блог | Мурино Санкт-Петербург блог | Петроградка Санкт-Петербург блог | Петродворцовый район Санкт-Петербург блог | Пушкин Санкт-Петербург блог | СПб полезный блог | СПб семейный блог | Сестрорецк Санкт-Петербург блог,2026-08-23T13:24:12.484554+00:00
11d778077a1f4a6a8674,Мария Чигвинцева,youtube,https://www.youtube.com/@Mary_chig,Mary_chig,Санкт-Петербург,3550,nano,manual_only,original_profile_opened,https://www.youtube.com/@Mary_chig,https://www.youtube.com/results?search_query=%D0%9F%D0%B5%D1%82%D0%B5%D1%80%D0%B1%D1%83%D1%80%D0%B3+%D1%80%D0%B5%D0%BA%D0%BE%D0%BC%D0%B5%D0%BD%D0%B4%D0%B0%D1%86%D0%B8%D0%B8&hl=ru,https://www.youtube.com/watch?v=AIeG8B2MOGY,Видео «Санкт - Петербург за 4 дня: что посмотреть и где поесть?» содержит явную привязку к городу.,False,Петербург рекомендации | лучшие кофейни Петербург | туризм СПб блогер | туризм Санкт-Петербург обзор | экскурсии Санкт-Петербург обзор,2026-08-23T13:24:14.368011+00:00
d9779415068c0d2a1e86,Марк Саденов. Новостройки Санкт-Петербурга и ЛО,youtube,https://www.youtube.com/@%D0%9C%D0%B0%D1%80%D0%BA%D0%A1%D0%B0%D0%B4%D0%B5%D0%BD%D0%BE%D0%B2.%D0%9D%D0%BE%D0%B2%D0%BE%D1%81%D1%82%D1%80%D0%BE%D0%B9%D0%BA%D0%B8%D0%A1%D0%B0%D0%BD%D0%BA%D1%82-%D0%9F,%D0%9C%D0%B0%D1%80%D0%BA%D0%A1%D0%B0%D0%B4%D0%B5%D0%BD%D0%BE%D0%B2.%D0%9D%D0%BE%D0%B2%D0%BE%D1%81%D1%82%D1%80%D0%BE%D0%B9%D0%BA%D0%B8%D0%A1%D0%B0%D0%BD%D0%BA%D1%82-%D0%9F,Санкт-Петербург,2360,nano,manual_only,original_profile_opened,https://www.youtube.com/@%D0%9C%D0%B0%D1%80%D0%BA%D0%A1%D0%B0%D0%B4%D0%B5%D0%BD%D0%BE%D0%B2.%D0%9D%D0%BE%D0%B2%D0%BE%D1%81%D1%82%D1%80%D0%BE%D0%B9%D0%BA%D0%B8%D0%A1%D0%B0%D0%BD%D0%BA%D1%82-%D0%9F,https://www.youtube.com/results?search_query=%D0%92%D0%B0%D1%81%D0%B8%D0%BB%D0%B5%D0%BE%D1%81%D1%82%D1%80%D0%BE%D0%B2%D1%81%D0%BA%D0%B8%D0%B9+%D1%80%D0%B0%D0%B9%D0%BE%D0%BD+%D1%81%D0%B5%D0%BC%D0%B5%D0%B9%D0%BD%D1%8B%D0%B9+%D0%BE%D0%B1%D0%B7%D0%BE%D1%80&hl=ru,https://www.youtube.com/watch?v=BDcTpiGTF04,Видео «Обзор ЖК на Шкиперском протоке |Василеостровский район Санкт-Петербурга| (2025 г.)» содержит явную привязку к городу.,False,Василеостровский район семейный обзор,2026-08-23T13:24:27.225028+00:00
c4c42b5022a5c9b4cebd,Маркиза де Помпадур,youtube,https://www.youtube.com/@%D0%9C%D0%B0%D1%80%D0%BA%D0%B8%D0%B7%D0%B041,%D0%9C%D0%B0%D1%80%D0%BA%D0%B8%D0%B7%D0%B041,Санкт-Петербург,175,nano,manual_only,original_profile_opened,https://www.youtube.com/@%D0%9C%D0%B0%D1%80%D0%BA%D0%B8%D0%B7%D0%B041,https://www.youtube.com/results?search_query=%D0%9B%D0%B0%D1%85%D1%82%D0%B0+%D0%BA%D0%B0%D1%84%D0%B5+%D0%BE%D0%B1%D0%B7%D0%BE%D1%80&hl=ru,https://www.youtube.com/watch?v=4cAVavd5m-w,Видео «Цены в кафе Лахта Центра #осень #ценыпитер#питер#лахта» содержит явную привязку к городу.,False,Лахта кафе обзор,2026-08-23T13:24:47.910633+00:00
f764ba2dcaf3d99b7c7b,Массаж и коррекция фигуры в Санкт-Петербурге.,youtube,https://www.youtube.com/@light_form,light_form,Санкт-Петербург,12,nano,manual_only,original_profile_opened,https://www.youtube.com/@light_form,https://www.youtube.com/results?search_query=%D0%BC%D0%B0%D1%81%D1%81%D0%B0%D0%B6+%D0%B8+SPA+%D0%A1%D0%9F%D0%B1+%D0%B1%D0%BB%D0%BE%D0%B3%D0%B5%D1%80&hl=ru,https://www.youtube.com/watch?v=p_8wCSTYiSs,Видео «🙌 Любые виды техники массажа. Запись в комментарии. #массаж #релакс #spa #массажтела #спб» содержит явную привязку к городу.,False,лучшие массаж и SPA Петербург | массаж и SPA СПб блогер,2026-08-23T13:24:52.108240+00:00
f769bc3aa1013c05637b,Мастер СПб - Дизайн и ремонт,youtube,https://www.youtube.com/@%D0%9C%D0%B0%D1%81%D1%82%D0%B5%D1%80_%D0%A1%D0%9F%D0%B1-%D0%94%D0%B8%D0%B7%D0%B0%D0%B9%D0%BD_%D0%B8_%D1%80%D0%B5%D0%BC%D0%BE%D0%BD%D1%82,%D0%9C%D0%B0%D1%81%D1%82%D0%B5%D1%80_%D0%A1%D0%9F%D0%B1-%D0%94%D0%B8%D0%B7%D0%B0%D0%B9%D0%BD_%D0%B8_%D1%80%D0%B5%D0%BC%D0%BE%D0%BD%D1%82,Санкт-Петербург,989,nano,manual_only,original_profile_opened,https://www.youtube.com/@%D0%9C%D0%B0%D1%81%D1%82%D0%B5%D1%80_%D0%A1%D0%9F%D0%B1-%D0%94%D0%B8%D0%B7%D0%B0%D0%B9%D0%BD_%D0%B8_%D1%80%D0%B5%D0%BC%D0%BE%D0%BD%D1%82,https://www.youtube.com/results?search_query=%D0%B4%D0%B8%D0%B7%D0%B0%D0%B9%D0%BD+%D0%B8%D0%BD%D1%82%D0%B5%D1%80%D1%8C%D0%B5%D1%80%D0%B0+%D0%A1%D0%9F%D0%B1+%D0%B1%D0%BB%D0%BE%D0%B3%D0%B5%D1%80&hl=ru,https://www.youtube.com/watch?v=Q1UN5h8KKCc,"Видео «Дизайн проект квартиры 45 м2 ЖК Аура Санкт-Петербург, Мастер СПБ» содержит явную привязку к городу.",False,дизайн интерьера СПб блогер | дизайн интерьера Санкт-Петербург обзор,2026-08-23T13:25:01.560153+00:00
b62b3868b43955512db8,Маша с Уралмаша,youtube,https://www.youtube.com/@ural_masha,ural_masha,Санкт-Петербург,17900,micro,manual_only,original_profile_opened,https://www.youtube.com/@ural_masha,https://www.youtube.com/results?search_query=%D0%9F%D0%B8%D1%82%D0%B5%D1%80+%D0%BD%D0%B5%D0%BE%D0%B1%D1%8B%D1%87%D0%BD%D1%8B%D0%B5+%D0%BC%D0%B5%D1%81%D1%82%D0%B0&hl=ru,https://www.youtube.com/watch?v=I31L-yoKP64,Видео «Питер без музеев и алкоголя | Куда сходить в Санкт-Петербурге? Необычные места в Питере 2022» содержит явную привязку к городу.,False,Питер необычные места,2026-08-23T13:24:16.089220+00:00
8af82c1a81ee1452d60e,"Маша, Оля и наука.",youtube,https://www.youtube.com/@Masha-i-Olia,Masha-i-Olia,Санкт-Петербург,364,nano,manual_only,original_profile_opened,https://www.youtube.com/@Masha-i-Olia,https://www.youtube.com/results?search_query=%D0%BB%D1%83%D1%87%D1%88%D0%B8%D0%B5+%D0%B4%D0%B5%D1%82%D1%81%D0%BA%D0%B8%D0%B5+%D1%86%D0%B5%D0%BD%D1%82%D1%80%D1%8B+%D0%9F%D0%B5%D1%82%D0%B5%D1%80%D0%B1%D1%83%D1%80%D0%B3&hl=ru,https://www.youtube.com/watch?v=uVtIgRUF0B0,Видео «Куда сходить с детьми в Санкт-Петербурге?#дети #топ #театр #детииродители #развлечения #длядетей» содержит явную привязку к городу.,False,лучшие детские центры Петербург,2026-08-23T13:24:53.761447+00:00
2f80f301b49f64cfb728,Меж двух столиц,youtube,https://www.youtube.com/@2stolits,2stolits,Санкт-Петербург,383,nano,manual_only,original_profile_opened,https://www.youtube.com/@2stolits,https://www.youtube.com/results?search_query=%D0%92%D0%B0%D1%81%D0%B8%D0%BB%D0%B5%D0%BE%D1%81%D1%82%D1%80%D0%BE%D0%B2%D1%81%D0%BA%D0%B8%D0%B9+%D1%80%D0%B0%D0%B9%D0%BE%D0%BD+%D0%BA%D1%83%D0%B4%D0%B0+%D1%81%D1%85%D0%BE%D0%B4%D0%B8%D1%82%D1%8C&hl=ru,https://www.youtube.com/watch?v=V9rJ7zon0RA,Видео «Васильевский остров / Прогулка по Санкт-Петербургу» содержит явную привязку к городу.,False,Василеостровский район куда сходить | Васильевский остров Санкт-Петербург блог,2026-08-23T13:24:30.299932+00:00
b6d918d0eae5f50360d7,Место под солнцем,youtube,https://www.youtube.com/@Madeira_photographer,Madeira_photographer,Санкт-Петербург,14400,micro,manual_only,original_profile_opened,https://www.youtube.com/@Madeira_photographer,https://www.youtube.com/results?search_query=%D0%9F%D0%B5%D1%82%D0%B5%D1%80%D0%B1%D1%83%D1%80%D0%B3+%D1%87%D1%82%D0%BE+%D0%BF%D0%BE%D1%81%D0%BC%D0%BE%D1%82%D1%80%D0%B5%D1%82%D1%8C&hl=ru,https://www.youtube.com/watch?v=GrTnEjW9N3k,Видео «Санкт-Петербург | Что посмотреть | Крепость | Крыши | Разводные мосты | Турист-оптимист» содержит явную привязку к городу.,False,Петербург что посмотреть | туризм Санкт-Петербург обзор,2026-08-23T13:24:15.275851+00:00
b2d16e89ffdaf574fe73,МЕТРОТЕХНИЧКА,youtube,https://www.youtube.com/@MetroLiveSpb,MetroLiveSpb,Санкт-Петербург,2950,nano,manual_only,original_profile_opened,https://www.youtube.com/@MetroLiveSpb,https://www.youtube.com/results?search_query=%D0%A3%D0%B4%D0%B5%D0%BB%D1%8C%D0%BD%D0%B0%D1%8F+%D0%A1%D0%B0%D0%BD%D0%BA%D1%82-%D0%9F%D0%B5%D1%82%D0%B5%D1%80%D0%B1%D1%83%D1%80%D0%B3+%D0%B1%D0%BB%D0%BE%D0%B3&hl=ru,https://www.youtube.com/watch?v=nMJ0WYWbn_Q,Видео «участок Депо Выборгское - Удельная. Санкт Петербург.» содержит явную привязку к городу.,False,Удельная Санкт-Петербург блог,2026-08-23T13:24:49.528985+00:00
d46afa422d4343beef19,Метры мечты. Квартиры и жилье в Санкт-Петербурге,youtube,https://www.youtube.com/@metrymechty,metrymechty,Санкт-Петербург,355,nano,manual_only,original_profile_opened,https://www.youtube.com/@metrymechty,https://www.youtube.com/results?search_query=%D0%9A%D1%80%D0%B0%D1%81%D0%BD%D0%BE%D1%81%D0%B5%D0%BB%D1%8C%D1%81%D0%BA%D0%B8%D0%B9+%D1%80%D0%B0%D0%B9%D0%BE%D0%BD+%D0%BE%D0%B1%D0%B7%D0%BE%D1%80+%D0%BC%D0%B5%D1%81%D1%82&hl=ru,https://www.youtube.com/watch?v=JoNoF9qrtqE,Видео «⚠️ Красносельский район СПб: ЧЕСТНЫЙ обзор новостроек от риелтора (почему все молчат о пробках?)» содержит явную привязку к городу.,False,Красносельский район Санкт-Петербург блог | Красносельский район куда сходить | Красносельский район обзор мест | Красносельский район семейный обзор | жилые комплексы Санкт-Петербург обзор,2026-08-23T13:24:32.666161+00:00
d6d0f9edc3336ea4d010,МИЛАРС,youtube,https://www.youtube.com/@psevdonimanet,psevdonimanet,Санкт-Петербург,12800,micro,manual_only,original_profile_opened,https://www.youtube.com/@psevdonimanet,https://www.youtube.com/results?search_query=%D0%9F%D0%B5%D1%82%D0%B5%D1%80%D0%B1%D1%83%D1%80%D0%B3+%D1%87%D1%82%D0%BE+%D0%BF%D0%BE%D1%81%D0%BC%D0%BE%D1%82%D1%80%D0%B5%D1%82%D1%8C&hl=ru,https://www.youtube.com/watch?v=TrFGcQGVB9U,Видео «Достопримечательности Санкт-Петербурга: лучшие маршруты для первого посещения» содержит явную привязку к городу.,False,Петербург что посмотреть | Петергоф Санкт-Петербург блог | Петергоф кафе обзор | Петергоф куда сходить | Петергоф обзор мест | Петергоф семейный обзор | Петродворцовый район куда сходить | городские прогулки Санкт-Петербург обзор | лучшие музеи Петербург | лучшие туризм Петербург | лучшие экскурсии Петербург | туризм Санкт-Петербург обзор,2026-08-23T13:24:15.489980+00:00
0f6e4e3ec648d8ae361a,Милена Лова,youtube,https://www.youtube.com/@MilenaLova,MilenaLova,Санкт-Петербург,1200,nano,manual_only,original_profile_opened,https://www.youtube.com/@MilenaLova,https://www.youtube.com/results?search_query=%D0%A2%D0%A0%D0%9A+%D0%90%D1%82%D0%BC%D0%BE%D1%81%D1%84%D0%B5%D1%80%D0%B0+%D0%A1%D0%B0%D0%BD%D0%BA%D1%82-%D0%9F%D0%B5%D1%82%D0%B5%D1%80%D0%B1%D1%83%D1%80%D0%B3+%D0%BE%D0%B1%D0%B7%D0%BE%D1%80&hl=ru,https://www.youtube.com/watch?v=H-8x3jXOcNE,Видео «10 лучших ведущих СПб - Благотворительный фестиваль в ТРК Атмосфера» содержит явную привязку к городу.,True,ТРК Атмосфера Санкт-Петербург обзор,2026-08-23T13:24:17.397203+00:00
87b64360e7baad2141f7,Мир путешествий и открытий,youtube,https://www.youtube.com/@THE_WORLD_TRAVEL_,THE_WORLD_TRAVEL_,Санкт-Петербург,2270,nano,manual_only,original_profile_opened,https://www.youtube.com/@THE_WORLD_TRAVEL_,https://www.youtube.com/results?search_query=%D0%9A%D0%B0%D0%BB%D0%B8%D0%BD%D0%B8%D0%BD%D1%81%D0%BA%D0%B8%D0%B9+%D1%80%D0%B0%D0%B9%D0%BE%D0%BD+%D0%BA%D1%83%D0%B4%D0%B0+%D1%81%D1%85%D0%BE%D0%B4%D0%B8%D1%82%D1%8C&hl=ru,https://www.youtube.com/watch?v=0PJz7XKYxAM,Видео «Санкт-Петербург. Калининский район.» содержит явную привязку к городу.,False,Калининский район Санкт-Петербург блог | Калининский район куда сходить | Кронштадт Санкт-Петербург блог | Кронштадт куда сходить | Невский район Санкт-Петербург блог | Невский район кафе обзор | Невский район куда сходить | Невский район обзор мест | Невский район семейный обзор | Петергоф куда сходить | Петергоф обзор мест,2026-08-23T13:24:28.462468+00:00
dd2d2fdddbe490a74098,Мисти,youtube,https://www.youtube.com/@%D0%9C%D0%B8%D1%81%D1%82%D0%B8-%D0%BB5%D0%BB,%D0%9C%D0%B8%D1%81%D1%82%D0%B8-%D0%BB5%D0%BB,Санкт-Петербург,123,nano,manual_only,original_profile_opened,https://www.youtube.com/@%D0%9C%D0%B8%D1%81%D1%82%D0%B8-%D0%BB5%D0%BB,https://www.youtube.com/results?search_query=%D1%88%D0%BA%D0%BE%D0%BB%D1%8B+%D0%9F%D0%B8%D1%82%D0%B5%D1%80+shorts&hl=ru,https://www.youtube.com/watch?v=HbwWft1m2aE,Видео «Прикол про ШКОЛУ и ПУТИНА. Когда один возвращаешься со школы. Питер #shorts» содержит явную привязку к городу.,False,школы Питер shorts,2026-08-23T13:24:54.327621+00:00
7fe41c01c56cb962e709,Михаил Алексеев,youtube,https://www.youtube.com/@bimulyk,bimulyk,Санкт-Петербург,648,nano,manual_only,original_profile_opened,https://www.youtube.com/@bimulyk,https://www.youtube.com/results?search_query=%D0%9B%D1%8B%D0%B6%D0%BD%D1%8B%D0%B9+2+%D0%A1%D0%B0%D0%BD%D0%BA%D1%82-%D0%9F%D0%B5%D1%82%D0%B5%D1%80%D0%B1%D1%83%D1%80%D0%B3+%D0%BE%D0%B1%D0%B7%D0%BE%D1%80&hl=ru,https://www.youtube.com/watch?v=qNhuQibxp_Q,"Видео «Санкт-Петербург, Лыжный переулок. Пешеходы - олени.» содержит явную привязку к городу.",True,Лыжный 2 Санкт-Петербург обзор,2026-08-23T13:24:23.269516+00:00
ad21882d434da260822a,Михаил Белов,youtube,https://www.youtube.com/@MediametricsPiter,MediametricsPiter,Санкт-Петербург,8850,nano,manual_only,original_profile_opened,https://www.youtube.com/@MediametricsPiter,https://www.youtube.com/results?search_query=%D0%A0%D0%BE%D0%B1%D0%B1%D0%BE+%D0%9A%D0%BB%D1%83%D0%B1+%D0%A1%D0%B0%D0%BD%D0%BA%D1%82-%D0%9F%D0%B5%D1%82%D0%B5%D1%80%D0%B1%D1%83%D1%80%D0%B3+%D0%BE%D0%B1%D0%B7%D0%BE%D1%80&hl=ru,https://www.youtube.com/watch?v=OZprmQZIe5I,Видео «Петербургский стартап. Образование. Робототехника для детей.» содержит явную привязку к городу.,True,Роббо Клуб Санкт-Петербург обзор,2026-08-23T13:24:19.553291+00:00
96fc899312ed1be6f6c3,Михаил Соник,youtube,https://www.youtube.com/@Mikhail_Sonic,Mikhail_Sonic,Санкт-Петербург,3420,nano,manual_only,original_profile_opened,https://www.youtube.com/@Mikhail_Sonic,https://www.youtube.com/results?search_query=%D0%9B%D1%8B%D0%B6%D0%BD%D1%8B%D0%B9+2+%D0%A1%D0%B0%D0%BD%D0%BA%D1%82-%D0%9F%D0%B5%D1%82%D0%B5%D1%80%D0%B1%D1%83%D1%80%D0%B3+%D0%BE%D0%B1%D0%B7%D0%BE%D1%80&hl=ru,https://www.youtube.com/watch?v=r3WAQ6xjDFE,Видео «Санкт Петербург Лыжный Переулок Пародия» содержит явную привязку к городу.,True,Лыжный 2 Санкт-Петербург обзор,2026-08-23T13:24:23.874619+00:00
c34ffae993611f7e34c9,Михаил Тронин,youtube,https://www.youtube.com/@netpredela,netpredela,Санкт-Петербург,168,nano,manual_only,original_profile_opened,https://www.youtube.com/@netpredela,https://www.youtube.com/results?search_query=%D0%BE%D1%80%D0%B3%D0%B0%D0%BD%D0%B8%D0%B7%D0%B0%D1%82%D0%BE%D1%80%D1%8B+%D0%BC%D0%B5%D1%80%D0%BE%D0%BF%D1%80%D0%B8%D1%8F%D1%82%D0%B8%D0%B9+%D0%A1%D0%9F%D0%B1+%D0%B1%D0%BB%D0%BE%D0%B3%D0%B5%D1%80&hl=ru,https://www.youtube.com/watch?v=p1PZXoysWEw,"Видео «Family day ""Tubex"". День семьи в СПб! Организация ""под ключ"". Звоните (812)7027666  www.mirevents.ru» содержит явную привязку к городу.",False,лучшие организаторы мероприятий Петербург | организаторы мероприятий СПб блогер,2026-08-23T13:25:02.918549+00:00
8f689368bd1828d169a3,Миша Кирсанов / Kung Fu Trip,youtube,https://www.youtube.com/@kirsanov_trip,kirsanov_trip,Санкт-Петербург,150000,mid,manual_only,original_profile_opened,https://www.youtube.com/@kirsanov_trip,https://www.youtube.com/results?search_query=%D0%9F%D0%B8%D1%82%D0%B5%D1%80+%D0%BD%D0%B5%D0%BE%D0%B1%D1%8B%D1%87%D0%BD%D1%8B%D0%B5+%D0%BC%D0%B5%D1%81%D1%82%D0%B0&hl=ru,https://www.youtube.com/watch?v=l9C7GrSC_nE,"Видео «7 ЧУДЕС ПЕТЕРБУРГА: рекорды, о которых ты не знаешь! Секреты и необычные места, маршрут Питер» содержит явную привязку к городу.",True,Красногвардейский район Санкт-Петербург блог | Питер необычные места | Прибавление товары для детей Санкт-Петербург обзор | детские кружки СПб блогер | детские праздники Санкт-Петербург обзор | детские центры СПб блогер | лучшие городские события Петербург | лучшие детские кружки Петербург | лучшие детские центры Петербург,2026-08-23T13:24:16.109714+00:00
9a53a325063bb1f36370,Мой Питер,youtube,https://www.youtube.com/@piter_city,piter_city,Санкт-Петербург,9180,nano,manual_only,original_profile_opened,https://www.youtube.com/@piter_city,https://www.youtube.com/results?search_query=%D0%B4%D0%B5%D1%82%D1%81%D0%BA%D0%B8%D0%B5+%D1%86%D0%B5%D0%BD%D1%82%D1%80%D1%8B+%D0%9F%D0%B8%D1%82%D0%B5%D1%80+shorts&hl=ru,https://www.youtube.com/watch?v=TtdfRHn6zAE,Видео «Санкт-Петербург📍открыли новый крытый аквапарк» содержит явную привязку к городу.,False,детские кружки Питер shorts | детские праздники Санкт-Петербург обзор | детские центры Питер shorts | детские центры Санкт-Петербург обзор | лучшие городские события Петербург | лучшие детские кружки Петербург | лучшие детские центры Петербург,2026-08-23T13:24:52.902548+00:00
f7fff12c42e3a71f557f,Мой Питер,youtube,https://www.youtube.com/@%D0%9C%D0%BE%D0%B9%D0%9F%D0%B8%D1%82%D0%B5%D1%80,%D0%9C%D0%BE%D0%B9%D0%9F%D0%B8%D1%82%D0%B5%D1%80,Санкт-Петербург,4270,nano,manual_only,original_profile_opened,https://www.youtube.com/@%D0%9C%D0%BE%D0%B9%D0%9F%D0%B8%D1%82%D0%B5%D1%80,https://www.youtube.com/results?search_query=%D0%BC%D0%B0%D0%BB%D1%8B%D0%B9+%D0%B1%D0%B8%D0%B7%D0%BD%D0%B5%D1%81+%D0%A1%D0%9F%D0%B1+%D0%B1%D0%BB%D0%BE%D0%B3%D0%B5%D1%80&hl=ru,https://www.youtube.com/watch?v=IJ1W3ECqPAg,Видео «ЛЮДИ САНКТ-ПЕТЕРБУРГА #1. Коронавирус vs малый бизнес СПб» содержит явную привязку к городу.,False,малый бизнес СПб блогер,2026-08-23T13:25:06.891967+00:00
b10f2112419f7129bcd3,Молодежный театр на Фонтанке,youtube,https://www.youtube.com/@mtfontanka,mtfontanka,Санкт-Петербург,1280,nano,manual_only,original_profile_opened,https://www.youtube.com/@mtfontanka,https://www.youtube.com/results?search_query=%D0%BB%D1%83%D1%87%D1%88%D0%B8%D0%B5+%D0%B0%D1%84%D0%B8%D1%88%D0%B0+%D0%9F%D0%B5%D1%82%D0%B5%D1%80%D0%B1%D1%83%D1%80%D0%B3&hl=ru,https://www.youtube.com/watch?v=VzUFAe6sdrY,Видео «Афиша» содержит явную привязку к городу.,False,лучшие афиша Петербург,2026-08-23T13:24:59.594274+00:00
2c3cb3ba758adfaf6f8d,Мороженое Лавкрим,youtube,https://www.youtube.com/@Lavcream_ice,Lavcream_ice,Санкт-Петербург,304,nano,manual_only,original_profile_opened,https://www.youtube.com/@Lavcream_ice,https://www.youtube.com/results?search_query=%D0%BB%D1%83%D1%87%D1%88%D0%B8%D0%B5+%D0%B4%D0%B5%D1%82%D1%81%D0%BA%D0%B8%D0%B5+%D1%86%D0%B5%D0%BD%D1%82%D1%80%D1%8B+%D0%9F%D0%B5%D1%82%D0%B5%D1%80%D0%B1%D1%83%D1%80%D0%B3&hl=ru,https://www.youtube.com/watch?v=K9BjC5Ho_c0,Видео «Куда сходить в Питере? ТОП 7 нетривиальных мест 🌎 #спб #кудасходитьвспб #глепоестьспб» содержит явную привязку к городу.,False,лучшие детские центры Петербург,2026-08-23T13:24:53.991154+00:00
1508d92c947260037422,Морской район Морской столицы,youtube,https://www.youtube.com/@morepiter,morepiter,Санкт-Петербург,397,nano,manual_only,original_profile_opened,https://www.youtube.com/@morepiter,https://www.youtube.com/results?search_query=%D0%9F%D1%83%D1%88%D0%BA%D0%B8%D0%BD%D1%81%D0%BA%D0%B8%D0%B9+%D1%80%D0%B0%D0%B9%D0%BE%D0%BD+%D0%A1%D0%B0%D0%BD%D0%BA%D1%82-%D0%9F%D0%B5%D1%82%D0%B5%D1%80%D0%B1%D1%83%D1%80%D0%B3+%D0%B1%D0%BB%D0%BE%D0%B3&hl=ru,https://www.youtube.com/watch?v=zzzWlkimbXw,"Видео «""Морской Петербург"" 2020 | Пушкинский район» содержит явную привязку к городу.",False,Пушкинский район Санкт-Петербург блог,2026-08-23T13:24:37.039209+00:00
60611ebfbae9d89af2ee,Музей «Невская застава»,youtube,https://www.youtube.com/@%D0%9C%D1%83%D0%B7%D0%B5%D0%B9%D0%9D%D0%B5%D0%B2%D1%81%D0%BA%D0%B0%D1%8F%D0%B7%D0%B0%D1%81%D1%82%D0%B0%D0%B2%D0%B0,%D0%9C%D1%83%D0%B7%D0%B5%D0%B9%D0%9D%D0%B5%D0%B2%D1%81%D0%BA%D0%B0%D1%8F%D0%B7%D0%B0%D1%81%D1%82%D0%B0%D0%B2%D0%B0,Санкт-Петербург,479,nano,manual_only,original_profile_opened,https://www.youtube.com/@%D0%9C%D1%83%D0%B7%D0%B5%D0%B9%D0%9D%D0%B5%D0%B2%D1%81%D0%BA%D0%B0%D1%8F%D0%B7%D0%B0%D1%81%D1%82%D0%B0%D0%B2%D0%B0,https://www.youtube.com/results?search_query=%D0%A0%D1%8B%D0%B1%D0%B0%D1%86%D0%BA%D0%BE%D0%B5+%D0%A1%D0%B0%D0%BD%D0%BA%D1%82-%D0%9F%D0%B5%D1%82%D0%B5%D1%80%D0%B1%D1%83%D1%80%D0%B3+%D0%B1%D0%BB%D0%BE%D0%B3&hl=ru,https://www.youtube.com/watch?v=VcFS3NbVf48,Видео «Малые родины   Рыбацкое» содержит явную привязку к городу.,False,Рыбацкое Санкт-Петербург блог,2026-08-23T13:24:41.865366+00:00
7927dbff51d4c2a0713a,Надежда Надежда,youtube,https://www.youtube.com/@%D0%9D%D0%B0%D0%B4%D0%B5%D0%B6%D0%B4%D0%B0%D0%9D%D0%B0%D0%B4%D0%B5%D0%B6%D0%B4%D0%B0-%D1%813%D1%87,%D0%9D%D0%B0%D0%B4%D0%B5%D0%B6%D0%B4%D0%B0%D0%9D%D0%B0%D0%B4%D0%B5%D0%B6%D0%B4%D0%B0-%D1%813%D1%87,Санкт-Петербург,40,nano,manual_only,original_profile_opened,https://www.youtube.com/@%D0%9D%D0%B0%D0%B4%D0%B5%D0%B6%D0%B4%D0%B0%D0%9D%D0%B0%D0%B4%D0%B5%D0%B6%D0%B4%D0%B0-%D1%813%D1%87,https://www.youtube.com/results?search_query=%D0%9D%D0%BE%D0%B2%D0%B0%D1%8F+%D0%93%D0%BE%D0%BB%D0%BB%D0%B0%D0%BD%D0%B4%D0%B8%D1%8F+%D0%BE%D0%B1%D0%B7%D0%BE%D1%80+%D0%BC%D0%B5%D1%81%D1%82&hl=ru,https://www.youtube.com/watch?v=1BV96TUORHQ,"Видео «Остров Новая Голландия, Санкт-Петербург. Краткий обзор.  Зона релакса для местных. )))» содержит явную привязку к городу.",False,Новая Голландия обзор мест,2026-08-23T13:24:45.887528+00:00
da2aced5448d907a891b,Надежда Харина,youtube,https://www.youtube.com/@Kharina_Nadejda,Kharina_Nadejda,Санкт-Петербург,7390,nano,manual_only,original_profile_opened,https://www.youtube.com/@Kharina_Nadejda,https://www.youtube.com/results?search_query=%D0%9A%D1%83%D0%B4%D1%80%D0%BE%D0%B2%D0%BE+%D0%BA%D0%B0%D1%84%D0%B5+%D0%BE%D0%B1%D0%B7%D0%BE%D1%80&hl=ru,https://www.youtube.com/watch?v=XHAGN6hJKoE,Видео «САНКТ ПЕТЕРБУРГ. КУДРОВО. КАФЕ. АЭРОПОРТ. САМОЛЕТ. ПРИЛЕТЕЛИ…» содержит явную привязку к городу.,False,Кудрово кафе обзор,2026-08-23T13:24:37.873405+00:00
8cc546ead9526ae0538d,НАДО ЕХАТЬ – как я провел лето,youtube,https://www.youtube.com/@nadoexat,nadoexat,Санкт-Петербург,15100,micro,manual_only,original_profile_opened,https://www.youtube.com/@nadoexat,https://www.youtube.com/results?search_query=%D0%9A%D0%B8%D1%80%D0%BE%D0%B2%D1%81%D0%BA%D0%B8%D0%B9+%D1%80%D0%B0%D0%B9%D0%BE%D0%BD+%D0%A1%D0%B0%D0%BD%D0%BA%D1%82-%D0%9F%D0%B5%D1%82%D0%B5%D1%80%D0%B1%D1%83%D1%80%D0%B3+%D0%B1%D0%BB%D0%BE%D0%B3&hl=ru,https://www.youtube.com/watch?v=7y_ikfRy-mc,"Видео «Кировский район СПб: Кировский завод, проспект Стачек, Автово, Красненькое кладбище – ноябрь 2022» содержит явную привязку к городу.",False,Кировский район Санкт-Петербург блог | Кировский район обзор мест | Кронштадт куда сходить | Кронштадт обзор мест,2026-08-23T13:24:32.092248+00:00
995e0fe497ba4cda4c6c,Наливко Олег - Ремонт квартир и ванных комнат СПб,youtube,https://www.youtube.com/@remontnalivko,remontnalivko,Санкт-Петербург,1130,nano,manual_only,original_profile_opened,https://www.youtube.com/@remontnalivko,https://www.youtube.com/results?search_query=%D1%80%D0%B5%D0%BC%D0%BE%D0%BD%D1%82+%D0%A1%D0%B0%D0%BD%D0%BA%D1%82-%D0%9F%D0%B5%D1%82%D0%B5%D1%80%D0%B1%D1%83%D1%80%D0%B3+%D0%BE%D0%B1%D0%B7%D0%BE%D1%80&hl=ru,https://www.youtube.com/watch?v=uv1nYfXQwco,Видео «Ремонт квартиры в старом фонде | Обзор ремонта | Васильевский остров | Санкт-Петербург |» содержит явную привязку к городу.,False,ремонт Санкт-Петербург обзор,2026-08-23T13:25:01.831377+00:00
35a2bda0e090c9c840cf,Настя Герич,youtube,https://www.youtube.com/@geriiiich,geriiiich,Санкт-Петербург,90,nano,manual_only,original_profile_opened,https://www.youtube.com/@geriiiich,https://www.youtube.com/results?search_query=Watsons+%D0%A1%D0%B0%D0%BD%D0%BA%D1%82-%D0%9F%D0%B5%D1%82%D0%B5%D1%80%D0%B1%D1%83%D1%80%D0%B3+%D0%BE%D0%B1%D0%B7%D0%BE%D1%80&hl=ru,https://www.youtube.com/watch?v=C6IzkNSBPO4,Видео «Посетила ЦЕНТРАЛЬНЫЙ МАСС-МАРКЕТ ПИТЕРА| магазин БЕЗ СТИЛЯ /МАСС ХЭВ/Галерея|СПб|ч.1 #обзор #мода» содержит явную привязку к городу.,True,Cream Shop Санкт-Петербург обзор | Watsons Санкт-Петербург обзор | Wonderfit Санкт-Петербург обзор | локальная мода Санкт-Петербург обзор | локальные бренды Санкт-Петербург обзор | лучшие локальная мода Петербург | магазины одежды СПб блогер | магазины одежды Санкт-Петербург обзор,2026-08-23T13:24:16.536418+00:00
be79f819bd1dec2165a3,Натали88,youtube,https://www.youtube.com/@88Nataly88,88Nataly88,Санкт-Петербург,4260,nano,manual_only,original_profile_opened,https://www.youtube.com/@88Nataly88,https://www.youtube.com/results?search_query=%D0%B4%D0%B5%D1%82%D1%81%D0%BA%D0%B8%D0%B5+%D1%86%D0%B5%D0%BD%D1%82%D1%80%D1%8B+%D0%A1%D0%B0%D0%BD%D0%BA%D1%82-%D0%9F%D0%B5%D1%82%D0%B5%D1%80%D0%B1%D1%83%D1%80%D0%B3+%D0%BE%D0%B1%D0%B7%D0%BE%D1%80&hl=ru,https://www.youtube.com/watch?v=78dXWiBglAQ,Видео «Влог: Что дарят первоклассникам в Петербурге/ Парк Волшебная миля.» содержит явную привязку к городу.,False,детские праздники СПб блогер | детские праздники Санкт-Петербург обзор | детские центры Санкт-Петербург обзор,2026-08-23T13:24:53.696513+00:00
91d569628efbd7aaaa7f,Наталья,youtube,https://www.youtube.com/@xenia6882,xenia6882,Санкт-Петербург,1980,nano,manual_only,original_profile_opened,https://www.youtube.com/@xenia6882,https://www.youtube.com/results?search_query=%D0%9A%D1%83%D1%80%D0%BE%D1%80%D1%82%D0%BD%D1%8B%D0%B9+%D1%80%D0%B0%D0%B9%D0%BE%D0%BD+%D0%A1%D0%B0%D0%BD%D0%BA%D1%82-%D0%9F%D0%B5%D1%82%D0%B5%D1%80%D0%B1%D1%83%D1%80%D0%B3+%D0%B1%D0%BB%D0%BE%D0%B3&hl=ru,https://www.youtube.com/watch?v=PAM5mB1Bus0,"Видео «Курортный район Санкт-Петербурга-Зеленогорск,золотой пляж, могила любви и памятник коту!» содержит явную привязку к городу.",False,Курортный район Санкт-Петербург блог,2026-08-23T13:24:35.062156+00:00
8434e3e27803de83e83a,Наташа Дольче Live,youtube,https://www.youtube.com/@NatashaDolce,NatashaDolce,Санкт-Петербург,11100,micro,manual_only,original_profile_opened,https://www.youtube.com/@NatashaDolce,https://www.youtube.com/results?search_query=%D0%BB%D1%83%D1%87%D1%88%D0%B8%D0%B5+%D1%82%D0%B5%D0%B0%D1%82%D1%80%D1%8B+%D0%9F%D0%B5%D1%82%D0%B5%D1%80%D0%B1%D1%83%D1%80%D0%B3&hl=ru,https://www.youtube.com/watch?v=WIRxB05fB2g,Видео «В какой театр лучше пойти в Питере? Люблю оперу!» содержит явную привязку к городу.,False,лучшие театры Петербург | театры СПб блогер,2026-08-23T13:24:55.401954+00:00
3abd22c5550cc1ee07c1,Натэлла в Настроении,youtube,https://www.youtube.com/@%D0%9D%D0%B0%D1%82%D1%8D%D0%BB%D0%BB%D0%B0%D0%B2%D0%9D%D0%B0%D1%81%D1%82%D1%80%D0%BE%D0%B5%D0%BD%D0%B8%D0%B8,%D0%9D%D0%B0%D1%82%D1%8D%D0%BB%D0%BB%D0%B0%D0%B2%D0%9D%D0%B0%D1%81%D1%82%D1%80%D0%BE%D0%B5%D0%BD%D0%B8%D0%B8,Санкт-Петербург,88,nano,manual_only,original_profile_opened,https://www.youtube.com/@%D0%9D%D0%B0%D1%82%D1%8D%D0%BB%D0%BB%D0%B0%D0%B2%D0%9D%D0%B0%D1%81%D1%82%D1%80%D0%BE%D0%B5%D0%BD%D0%B8%D0%B8,https://www.youtube.com/results?search_query=%D0%9A%D1%80%D0%B0%D1%81%D0%BD%D0%BE%D0%B3%D0%B2%D0%B0%D1%80%D0%B4%D0%B5%D0%B9%D1%81%D0%BA%D0%B8%D0%B9+%D1%80%D0%B0%D0%B9%D0%BE%D0%BD+%D0%BE%D0%B1%D0%B7%D0%BE%D1%80+%D0%BC%D0%B5%D1%81%D1%82&hl=ru,https://www.youtube.com/watch?v=YtN1U0hpoTE,Видео «Красногвардейский район СПб рядом с Парком Малиновка.» содержит явную привязку к городу.,False,Красногвардейский район куда сходить | Красногвардейский район обзор мест | Красногвардейский район семейный обзор,2026-08-23T13:24:32.133500+00:00
70ca0251dcb574289013,"Недвижимость, ремонт и дизайн | ArtRoomTour",youtube,https://www.youtube.com/@EkaterinaArtemova,EkaterinaArtemova,Санкт-Петербург,4590,nano,manual_only,original_profile_opened,https://www.youtube.com/@EkaterinaArtemova,https://www.youtube.com/results?search_query=%D0%B4%D0%B8%D0%B7%D0%B0%D0%B9%D0%BD+%D0%B8%D0%BD%D1%82%D0%B5%D1%80%D1%8C%D0%B5%D1%80%D0%B0+%D0%A1%D0%B0%D0%BD%D0%BA%D1%82-%D0%9F%D0%B5%D1%82%D0%B5%D1%80%D0%B1%D1%83%D1%80%D0%B3+%D0%BE%D0%B1%D0%B7%D0%BE%D1%80&hl=ru,https://www.youtube.com/watch?v=0IgX1onrFB4,Видео «Дизайн и ремонт квартиры под ключ в ЖК Magnifika Residence | Обзор интерьера в Санкт-Петербурге» содержит явную привязку к городу.,False,дизайн интерьера Санкт-Петербург обзор,2026-08-23T13:25:02.413792+00:00
b9bccf2848b9a8d4155f,НЕЙРОЦЕХ,youtube,https://www.youtube.com/@%D0%9D%D0%95%D0%99%D0%A0%D0%9E%D0%A6%D0%95%D0%A5,%D0%9D%D0%95%D0%99%D0%A0%D0%9E%D0%A6%D0%95%D0%A5,Санкт-Петербург,1070,nano,manual_only,original_profile_opened,https://www.youtube.com/@%D0%9D%D0%95%D0%99%D0%A0%D0%9E%D0%A6%D0%95%D0%A5,https://www.youtube.com/results?search_query=%D0%9F%D0%B8%D1%82%D0%B5%D1%80+%D0%BD%D0%B5%D0%BE%D0%B1%D1%8B%D1%87%D0%BD%D1%8B%D0%B5+%D0%BC%D0%B5%D1%81%D1%82%D0%B0&hl=ru,https://www.youtube.com/watch?v=RxTu7zWdqhs,"Видео «НЕ ТОТ ПИТЕР, Куда Сходить, Необычные места» содержит явную привязку к городу.",False,Питер необычные места,2026-08-23T13:24:15.801893+00:00
e427bc86ccc38ac49938,Нелегкая атлетика,youtube,https://www.youtube.com/@nelegkaya,nelegkaya,Санкт-Петербург,82100,micro,manual_only,original_profile_opened,https://www.youtube.com/@nelegkaya,https://www.youtube.com/results?search_query=%D0%BB%D1%83%D1%87%D1%88%D0%B8%D0%B5+%D0%B1%D0%B5%D0%B3+%D0%9F%D0%B5%D1%82%D0%B5%D1%80%D0%B1%D1%83%D1%80%D0%B3&hl=ru,https://www.youtube.com/watch?v=oXdsWC3EHJk,Видео «Старейший забег Европы! Пушкин-Петербург 100 лет» содержит явную привязку к городу.,False,лучшие бег Петербург,2026-08-23T13:25:05.435182+00:00
4627b6fb526cebbc33f1,Нетипичный Дневник Курьера,youtube,https://www.youtube.com/@netipich,netipich,Санкт-Петербург,15500,micro,manual_only,original_profile_opened,https://www.youtube.com/@netipich,https://www.youtube.com/results?search_query=Newfit+%D0%A1%D0%B0%D0%BD%D0%BA%D1%82-%D0%9F%D0%B5%D1%82%D0%B5%D1%80%D0%B1%D1%83%D1%80%D0%B3+%D0%BE%D0%B1%D0%B7%D0%BE%D1%80&hl=ru,https://www.youtube.com/watch?v=GZr6HcuPV7w,Видео «ПЕРВЫЙ РАЗ В ГОРОДЕ САНКТ-ПЕТЕРБУРГ. ОБЗОР ПИТЕРА 2026. МОИ ВПЕЧАТЛЕНИЯ ОТ ГОРОДА ГЕРОЯ ЛЕНИНГРАДА» содержит явную привязку к городу.,True,FunCity Санкт-Петербург обзор | Newfit Санкт-Петербург обзор | Wonderfit Санкт-Петербург обзор | ТК Орион Санкт-Петербург обзор | ТК Променад Санкт-Петербург обзор | городские события Санкт-Петербург обзор,2026-08-23T13:24:16.549580+00:00
328662111075d2d2aa46,Никита Краснов,youtube,https://www.youtube.com/@krasnov_nikita,krasnov_nikita,Санкт-Петербург,23300,micro,manual_only,original_profile_opened,https://www.youtube.com/@krasnov_nikita,https://www.youtube.com/results?search_query=%D0%9F%D0%B5%D1%82%D0%B5%D1%80%D0%B1%D1%83%D1%80%D0%B3+%D0%BC%D0%B8%D0%BA%D1%80%D0%BE%D0%B8%D0%BD%D1%84%D0%BB%D1%8E%D0%B5%D0%BD%D1%81%D0%B5%D1%80&hl=ru,https://www.youtube.com/watch?v=w-zC1k28z-o,Видео «САМЫЙ ДЕШЕВЫЙ ЖК ПИТЕРА // Цветной город от ЛСР в Красногвардейском районе СПб» содержит явную привязку к городу.,True,Legenda Яхтенная Санкт-Петербург обзор | Oceankid Санкт-Петербург обзор | Watsons Санкт-Петербург обзор | Василеостровский район семейный обзор | Выборгский район обзор мест | Выборгский район семейный обзор | Дом с курантами Санкт-Петербург обзор | Калининский район Санкт-Петербург блог | Калининский район кафе обзор | Калининский район куда сходить | Калининский район обзор мест | Калининский район семейный обзор | Кировский район Санкт-Петербург блог | Кировский район обзор мест | Кировский район семейный обзор | Колпинский район Санкт-Петербург блог | Колпинский район кафе обзор | Колпинский район куда сходить | Колпинский район обзор мест | Колпинский район семейный обзор | Комендантский проспект Санкт-Петербург блог | Комендантский проспект кафе обзор | Комендантский проспект куда сходить | Комендантский проспект обзор мест | Комендантский проспект семейный обзор | Красногвардейский район Санкт-Петербург блог | Красногвардейский район кафе обзор | Красногвардейский район куда сходить | Красногвардейский район обзор мест | Красногвардейский район семейный обзор | Красносельский район Санкт-Петербург блог | Красносельский район куда сходить | Красносельский район обзор мест | Красносельский район семейный обзор | Кронштадт Санкт-Петербург блог | Кронштадт кафе обзор | Кронштадт куда сходить | Кронштадт обзор мест | Кронштадт семейный обзор | Купчино Санкт-Петербург блог | Купчино кафе обзор | Купчино куда сходить | Купчино обзор мест | Купчино семейный обзор | Московский район Санкт-Петербург блог | Московский район куда сходить | Московский район обзор мест | Московский район семейный обзор | Мурино кафе обзор | Мурино обзор мест | Невский район Санкт-Петербург блог | Невский район кафе обзор | Невский район куда сходить | Невский район обзор мест | Невский район семейный обзор | Озерки Санкт-Петербург блог | Озерки кафе обзор | Озерки куда сходить | Озерки обзор мест | Озерки семейный обзор | Петербург микроинфлюенсер | Петроградка Санкт-Петербург блог | Петроградка семейный обзор | Петроградский район обзор мест | Петроградский район семейный обзор | Петродворцовый район семейный обзор | Приморский район семейный обзор | Проспект Просвещения Санкт-Петербург блог | Проспект Просвещения кафе обзор | Проспект Просвещения куда сходить | Проспект Просвещения обзор мест | Проспект Просвещения семейный обзор | Пушкинский район семейный обзор | Рыбацкое Санкт-Петербург блог | Рыбацкое куда сходить | Рыбацкое обзор мест | Рыбацкое семейный обзор | Сестрорецк Санкт-Петербург блог | Сестрорецк кафе обзор | Сестрорецк куда сходить | Сестрорецк обзор мест | Сестрорецк семейный обзор | ТК Променад Санкт-Петербург обзор | ТРК Атмосфера Санкт-Петербург обзор | Удельная обзор мест | Удельная семейный обзор | Фотограф Коробейникова Евгения Санкт-Петербург обзор | Фрунзенский район Санкт-Петербург блог | Фрунзенский район кафе обзор | Фрунзенский район куда сходить | Фрунзенский район обзор мест | Фрунзенский район семейный обзор | Черная речка Санкт-Петербург блог | Черная речка кафе обзор | Черная речка куда сходить | Черная речка обзор мест | Черная речка семейный обзор | бег Санкт-Петербург обзор | жилые комплексы Санкт-Петербург обзор | лучшие ветклиники Петербург | лучшие новостройки Петербург | новостройки Санкт-Петербург обзор | школы Санкт-Петербург обзор,2026-08-23T13:24:12.655383+00:00
eeba870ea1ef2d9a551e,Никита Нестерук | PRO Недвижимость,youtube,https://www.youtube.com/@nikita_nesteruk,nikita_nesteruk,Санкт-Петербург,981,nano,manual_only,original_profile_opened,https://www.youtube.com/@nikita_nesteruk,https://www.youtube.com/results?search_query=%D0%92%D0%B0%D1%81%D0%B8%D0%BB%D0%B5%D0%BE%D1%81%D1%82%D1%80%D0%BE%D0%B2%D1%81%D0%BA%D0%B8%D0%B9+%D1%80%D0%B0%D0%B9%D0%BE%D0%BD+%D1%81%D0%B5%D0%BC%D0%B5%D0%B9%D0%BD%D1%8B%D0%B9+%D0%BE%D0%B1%D0%B7%D0%BE%D1%80&hl=ru,https://www.youtube.com/watch?v=Reo7njzPYbw,Видео «Обзор ЖК Маленькая Франция от AAG / Василеостровский район / Новостройки СПб» содержит явную привязку к городу.,False,Василеостровский район семейный обзор | Калининский район семейный обзор,2026-08-23T13:24:27.979229+00:00
1323eafecb874f724140,Никита Шмелев,youtube,https://www.youtube.com/@ShmelevNikita,ShmelevNikita,Санкт-Петербург,798,nano,manual_only,original_profile_opened,https://www.youtube.com/@ShmelevNikita,https://www.youtube.com/results?search_query=%D0%A1%D0%9F%D0%B1+%D0%BA%D1%83%D0%B4%D0%B0+%D1%81%D1%85%D0%BE%D0%B4%D0%B8%D1%82%D1%8C&hl=ru,https://www.youtube.com/watch?v=98u_5lHzO5I,Видео «Мы пытались посмотреть ВЕСЬ Петербург за 10 ДНЕЙ. Получилось?» содержит явную привязку к городу.,False,Петербург что посмотреть | Питер необычные места | СПб куда сходить,2026-08-23T13:24:14.958783+00:00
b1081fab81dc7c63b856,Николай Головин,youtube,https://www.youtube.com/@%D0%9D%D0%B8%D0%BA%D0%BE%D0%BB%D0%B0%D0%B9%D0%93%D0%BE%D0%BB%D0%BE%D0%B2%D0%B8%D0%BD-%D1%8B8%D1%83,%D0%9D%D0%B8%D0%BA%D0%BE%D0%BB%D0%B0%D0%B9%D0%93%D0%BE%D0%BB%D0%BE%D0%B2%D0%B8%D0%BD-%D1%8B8%D1%83,Санкт-Петербург,68,nano,manual_only,original_profile_opened,https://www.youtube.com/@%D0%9D%D0%B8%D0%BA%D0%BE%D0%BB%D0%B0%D0%B9%D0%93%D0%BE%D0%BB%D0%BE%D0%B2%D0%B8%D0%BD-%D1%8B8%D1%83,https://www.youtube.com/results?search_query=%D0%A4%D1%80%D1%83%D0%BD%D0%B7%D0%B5%D0%BD%D1%81%D0%BA%D0%B8%D0%B9+%D1%80%D0%B0%D0%B9%D0%BE%D0%BD+%D0%BA%D1%83%D0%B4%D0%B0+%D1%81%D1%85%D0%BE%D0%B4%D0%B8%D1%82%D1%8C&hl=ru,https://www.youtube.com/watch?v=uj-Z-5y1so4,Видео «Фрунзенский район СПб 80 лет 2016» содержит явную привязку к городу.,False,Фрунзенский район куда сходить,2026-08-23T13:24:37.218636+00:00
086e41e49b3aa92d3836,Нина Лебедева Пешком по России,youtube,https://www.youtube.com/@nina_tr,nina_tr,Санкт-Петербург,4970,nano,manual_only,original_profile_opened,https://www.youtube.com/@nina_tr,https://www.youtube.com/results?search_query=%D0%9A%D0%BE%D0%BB%D0%BF%D0%B8%D0%BD%D1%81%D0%BA%D0%B8%D0%B9+%D1%80%D0%B0%D0%B9%D0%BE%D0%BD+%D0%BA%D1%83%D0%B4%D0%B0+%D1%81%D1%85%D0%BE%D0%B4%D0%B8%D1%82%D1%8C&hl=ru,https://www.youtube.com/watch?v=rwmvdSHWTgg,Видео «Прогулка по Колпино. Санкт-Петербург Колпино Прогулка по Колпинскому парку Пешком по России» содержит явную привязку к городу.,False,Колпинский район куда сходить,2026-08-23T13:24:32.386462+00:00
90d663b9663451fa9d41,Нмаркет.ПРО - бронирование новостроек,youtube,https://www.youtube.com/@nmarketPRO,nmarketPRO,Санкт-Петербург,14300,micro,manual_only,original_profile_opened,https://www.youtube.com/@nmarketPRO,https://www.youtube.com/results?search_query=%D0%9A%D0%B0%D0%BB%D0%B8%D0%BD%D0%B8%D0%BD%D1%81%D0%BA%D0%B8%D0%B9+%D1%80%D0%B0%D0%B9%D0%BE%D0%BD+%D0%BE%D0%B1%D0%B7%D0%BE%D1%80+%D0%BC%D0%B5%D1%81%D1%82&hl=ru,https://www.youtube.com/watch?v=jcLwrQ0b4LQ,Видео «Pro.локации. Калининский район Санкт-Петербурга» содержит явную привязку к городу.,False,Выборгский район обзор мест | Калининский район Санкт-Петербург блог | Калининский район обзор мест | Московский район Санкт-Петербург блог,2026-08-23T13:24:28.767323+00:00
82b6d03c818306f04424,Новости SKYSPHYNX,youtube,https://www.youtube.com/@skysphynxnews,skysphynxnews,Санкт-Петербург,6890,nano,manual_only,original_profile_opened,https://www.youtube.com/@skysphynxnews,https://www.youtube.com/results?search_query=%D0%BB%D1%83%D1%87%D1%88%D0%B8%D0%B5+%D0%B4%D0%BE%D0%BC%D0%B0%D1%88%D0%BD%D0%B8%D0%B5+%D0%B6%D0%B8%D0%B2%D0%BE%D1%82%D0%BD%D1%8B%D0%B5+%D0%9F%D0%B5%D1%82%D0%B5%D1%80%D0%B1%D1%83%D1%80%D0%B3&hl=ru,https://www.youtube.com/watch?v=9hr30U7RvL8,Видео «В Санкт-Петербурге отметили День эрмитажного кота» содержит явную привязку к городу.,False,лучшие домашние животные Петербург,2026-08-23T13:25:04.327550+00:00
22f4fe6fbddacb0aab39,Новости районов Санкт-Петербурга,youtube,https://www.youtube.com/@soctvru,soctvru,Санкт-Петербург,825,nano,manual_only,original_profile_opened,https://www.youtube.com/@soctvru,https://www.youtube.com/results?search_query=%D0%9A%D0%B8%D1%80%D0%BE%D0%B2%D1%81%D0%BA%D0%B8%D0%B9+%D1%80%D0%B0%D0%B9%D0%BE%D0%BD+%D0%A1%D0%B0%D0%BD%D0%BA%D1%82-%D0%9F%D0%B5%D1%82%D0%B5%D1%80%D0%B1%D1%83%D1%80%D0%B3+%D0%B1%D0%BB%D0%BE%D0%B3&hl=ru,https://www.youtube.com/watch?v=EddY0A9heAk,Видео «Кировский район в 2019-м году» содержит явную привязку к городу.,False,Кировский район Санкт-Петербург блог,2026-08-23T13:24:31.744765+00:00
7e8b88fb26ebe74132cb,Новости Ямала,youtube,https://www.youtube.com/@yamal_news,yamal_news,Санкт-Петербург,121000,mid,manual_only,original_profile_opened,https://www.youtube.com/@yamal_news,https://www.youtube.com/results?search_query=%D0%BB%D1%83%D1%87%D1%88%D0%B8%D0%B5+%D0%B4%D0%BE%D0%BC%D0%B0%D1%88%D0%BD%D0%B8%D0%B5+%D0%B6%D0%B8%D0%B2%D0%BE%D1%82%D0%BD%D1%8B%D0%B5+%D0%9F%D0%B5%D1%82%D0%B5%D1%80%D0%B1%D1%83%D1%80%D0%B3&hl=ru,https://www.youtube.com/watch?v=RgzXvVv7-SE,Видео «Главный музей Петербурга охраняют коты» содержит явную привязку к городу.,False,лучшие домашние животные Петербург,2026-08-23T13:25:05.051756+00:00
e74e12a20685793eb5f6,Новострой СПб,youtube,https://www.youtube.com/@novostroyspb,novostroyspb,Санкт-Петербург,2540,nano,manual_only,original_profile_opened,https://www.youtube.com/@novostroyspb,https://www.youtube.com/results?search_query=Legenda+%D0%AF%D1%85%D1%82%D0%B5%D0%BD%D0%BD%D0%B0%D1%8F+%D0%A1%D0%B0%D0%BD%D0%BA%D1%82-%D0%9F%D0%B5%D1%82%D0%B5%D1%80%D0%B1%D1%83%D1%80%D0%B3+%D0%BE%D0%B1%D0%B7%D0%BE%D1%80&hl=ru,https://www.youtube.com/watch?v=mNhhXAr0k2Y,"Видео «ЖК «Legenda на Яхтенной, 24» (аэросъемка: 31.03.2017)» содержит явную привязку к городу.",True,Legenda Яхтенная Санкт-Петербург обзор | Дом с курантами Санкт-Петербург обзор,2026-08-23T13:24:21.850965+00:00
e60b89ae6646f898feb1,НОВОСТРОЙКИ В ПИТЕРЕ И МОСКВЕ  | МАКСИМ ХОМЕЦ,youtube,https://www.youtube.com/@rieltor_khomets,rieltor_khomets,Санкт-Петербург,435,nano,manual_only,original_profile_opened,https://www.youtube.com/@rieltor_khomets,https://www.youtube.com/results?search_query=%D0%9A%D1%80%D0%B0%D1%81%D0%BD%D0%BE%D1%81%D0%B5%D0%BB%D1%8C%D1%81%D0%BA%D0%B8%D0%B9+%D1%80%D0%B0%D0%B9%D0%BE%D0%BD+%D1%81%D0%B5%D0%BC%D0%B5%D0%B9%D0%BD%D1%8B%D0%B9+%D0%BE%D0%B1%D0%B7%D0%BE%D1%80&hl=ru,https://www.youtube.com/watch?v=dpOySjqPBB0,Видео «КРАСНОСЕЛЬСКИЙ РАЙОН» содержит явную привязку к городу.,False,Красносельский район семейный обзор,2026-08-23T13:24:34.267878+00:00
6aeb3c8a40c268e5609f,Новостройки Медовые,youtube,https://www.youtube.com/@novostroyki_medovie,novostroyki_medovie,Санкт-Петербург,6460,nano,manual_only,original_profile_opened,https://www.youtube.com/@novostroyki_medovie,https://www.youtube.com/results?search_query=%D0%9A%D1%83%D1%80%D0%BE%D1%80%D1%82%D0%BD%D1%8B%D0%B9+%D1%80%D0%B0%D0%B9%D0%BE%D0%BD+%D0%BE%D0%B1%D0%B7%D0%BE%D1%80+%D0%BC%D0%B5%D1%81%D1%82&hl=ru,https://www.youtube.com/watch?v=AhFE-L8FzQo,Видео «Вы не узнаете Курортный район Петербурга | Новостройки Медовые» содержит явную привязку к городу.,False,Курортный район обзор мест | Невский район обзор мест | Невский район семейный обзор | Приморский район Санкт-Петербург блог | Приморский район куда сходить | Приморский район обзор мест | Приморский район семейный обзор,2026-08-23T13:24:34.157316+00:00
ddad8472889f32328c05,Новостройки Недвижимость Санкт-Петербурга | Питер,youtube,https://www.youtube.com/@Estateme,Estateme,Санкт-Петербург,11600,micro,manual_only,original_profile_opened,https://www.youtube.com/@Estateme,https://www.youtube.com/results?search_query=Legenda+%D0%AF%D1%85%D1%82%D0%B5%D0%BD%D0%BD%D0%B0%D1%8F+%D0%A1%D0%B0%D0%BD%D0%BA%D1%82-%D0%9F%D0%B5%D1%82%D0%B5%D1%80%D0%B1%D1%83%D1%80%D0%B3+%D0%BE%D0%B1%D0%B7%D0%BE%D1%80&hl=ru,https://www.youtube.com/watch?v=O5OK1JmlkJQ,Видео «ЖК Легенда на Охте - цены космос или норм ? Подбираем квартиру для жизни  в Санкт-Петербурге СПб» содержит явную привязку к городу.,True,Legenda Яхтенная Санкт-Петербург обзор | Stockholm жилой комплекс Санкт-Петербург обзор | Калининский район Санкт-Петербург блог | Калининский район кафе обзор | Калининский район обзор мест | Калининский район семейный обзор | Красногвардейский район Санкт-Петербург блог | Красногвардейский район семейный обзор | Кудрово семейный обзор | Медный Всадник жилой комплекс Санкт-Петербург обзор | Парнас Санкт-Петербург блог | Парнас куда сходить | Парнас обзор мест | Приморский район Санкт-Петербург блог | Приморский район обзор мест | Приморский район семейный обзор | Пушкинский район семейный обзор | Фрунзенский район семейный обзор | Черная речка Санкт-Петербург блог | Черная речка кафе обзор | Черная речка куда сходить | Черная речка обзор мест | Черная речка семейный обзор | жилые комплексы Санкт-Петербург обзор | лучшие новостройки Петербург | новостройки СПб блогер | новостройки Санкт-Петербург обзор,2026-08-23T13:24:22.060192+00:00
8c37dc848164a769b279,НОВОСТРОЙКИ ПЕТРА,youtube,https://www.youtube.com/@NovostroykiPetra,NovostroykiPetra,Санкт-Петербург,52,nano,manual_only,original_profile_opened,https://www.youtube.com/@NovostroykiPetra,https://www.youtube.com/results?search_query=%D0%9F%D0%B5%D1%82%D1%80%D0%BE%D0%B4%D0%B2%D0%BE%D1%80%D1%86%D0%BE%D0%B2%D1%8B%D0%B9+%D1%80%D0%B0%D0%B9%D0%BE%D0%BD+%D1%81%D0%B5%D0%BC%D0%B5%D0%B9%D0%BD%D1%8B%D0%B9+%D0%BE%D0%B1%D0%B7%D0%BE%D1%80&hl=ru,https://www.youtube.com/watch?v=y_RkPEUuIfE,Видео «Обзор ЯНИНО 2025 - Недорогой семейный район у КАДа Санкт-Петербурга» содержит явную привязку к городу.,False,Петродворцовый район семейный обзор,2026-08-23T13:24:35.095114+00:00
1033f9678da724e302a2,Новостройки Питера глазами Ами,youtube,https://www.youtube.com/@aleksandraAmi,aleksandraAmi,Санкт-Петербург,14800,micro,manual_only,original_profile_opened,https://www.youtube.com/@aleksandraAmi,https://www.youtube.com/results?search_query=%D0%A7%D0%B5%D1%80%D0%BD%D0%B0%D1%8F+%D1%80%D0%B5%D1%87%D0%BA%D0%B0+%D0%BA%D1%83%D0%B4%D0%B0+%D1%81%D1%85%D0%BE%D0%B4%D0%B8%D1%82%D1%8C&hl=ru,https://www.youtube.com/watch?v=JVU6izVQG08,Видео «Черная речка: что из себя представляет этот район? | Обзор районов СПб  | Новостройки СПБ» содержит явную привязку к городу.,False,Черная речка куда сходить,2026-08-23T13:24:49.578190+00:00
600ee748e070fcc3ecf7,Новостройки Питера: TOWER GROUP,youtube,https://www.youtube.com/@towergroup.realestate,towergroup.realestate,Санкт-Петербург,4260,nano,manual_only,original_profile_opened,https://www.youtube.com/@towergroup.realestate,https://www.youtube.com/results?search_query=%D0%9A%D1%80%D0%B0%D1%81%D0%BD%D0%BE%D0%B3%D0%B2%D0%B0%D1%80%D0%B4%D0%B5%D0%B9%D1%81%D0%BA%D0%B8%D0%B9+%D1%80%D0%B0%D0%B9%D0%BE%D0%BD+%D0%A1%D0%B0%D0%BD%D0%BA%D1%82-%D0%9F%D0%B5%D1%82%D0%B5%D1%80%D0%B1%D1%83%D1%80%D0%B3+%D0%B1%D0%BB%D0%BE%D0%B3&hl=ru,https://www.youtube.com/watch?v=NX-Q7nBPCHw,Видео «Олег о районах Санкт-Петербурга 😆 #недвижимость #спб #санктпетербург #тиньков #питер #новостройки» содержит явную привязку к городу.,False,Красногвардейский район Санкт-Петербург блог | лучшие городские события Петербург,2026-08-23T13:24:33.090198+00:00
badb9f180bc6b02b01ba,Новостройки Санкт-Петербурга,youtube,https://www.youtube.com/@toprealtyspb,toprealtyspb,Санкт-Петербург,709,nano,manual_only,original_profile_opened,https://www.youtube.com/@toprealtyspb,https://www.youtube.com/results?search_query=Legenda+%D0%9E%D0%BF%D1%82%D0%B8%D0%BA%D0%BE%D0%B2+%D0%A1%D0%B0%D0%BD%D0%BA%D1%82-%D0%9F%D0%B5%D1%82%D0%B5%D1%80%D0%B1%D1%83%D1%80%D0%B3+%D0%BE%D0%B1%D0%B7%D0%BE%D1%80&hl=ru,https://www.youtube.com/watch?v=C9IhZybRnKY,Видео «ЖК Legenda на Оптиков - подземный паркинг» содержит явную привязку к городу.,True,Legenda Оптиков Санкт-Петербург обзор,2026-08-23T13:24:22.053110+00:00
7e05509e4eeacf405d9a,Новостройки Санкт-Петербурга и Москвы - Novostroy,youtube,https://www.youtube.com/@NovostroySu,NovostroySu,Санкт-Петербург,16800,micro,manual_only,original_profile_opened,https://www.youtube.com/@NovostroySu,https://www.youtube.com/results?search_query=%D0%BC%D1%83%D0%B7%D0%B5%D0%B8+%D0%A1%D0%B0%D0%BD%D0%BA%D1%82-%D0%9F%D0%B5%D1%82%D0%B5%D1%80%D0%B1%D1%83%D1%80%D0%B3+%D0%BE%D0%B1%D0%B7%D0%BE%D1%80&hl=ru,https://www.youtube.com/watch?v=nwvw_asg7pI,Видео «САМЫЕ НЕОРДИНАРНЫЕ МУЗЕИ И ПАМЯТНИКИ ПЕТЕРБУРГА КОТОРЫЕ ВЫ ОБЯЗАНЫ ПОСЕТИТЬ» содержит явную привязку к городу.,False,лучшие музеи Петербург | музеи Санкт-Петербург обзор,2026-08-23T13:24:56.205089+00:00
bf31b4985aa34e0b004f,Новостройки СПб | Realist Estate,youtube,https://www.youtube.com/@estate_realist,estate_realist,Санкт-Петербург,230,nano,manual_only,original_profile_opened,https://www.youtube.com/@estate_realist,https://www.youtube.com/results?search_query=%D0%BD%D0%BE%D0%B2%D0%BE%D1%81%D1%82%D1%80%D0%BE%D0%B9%D0%BA%D0%B8+%D0%A1%D0%B0%D0%BD%D0%BA%D1%82-%D0%9F%D0%B5%D1%82%D0%B5%D1%80%D0%B1%D1%83%D1%80%D0%B3+%D0%BE%D0%B1%D0%B7%D0%BE%D1%80&hl=ru,https://www.youtube.com/watch?v=rQ4YN-e-gXE,Видео «Где купить квартиру в СПБ в 2026? ТОП-3 лучших ЖК» содержит явную привязку к городу.,False,жилые комплексы СПб блогер | жилые комплексы Санкт-Петербург обзор | лучшие жилые комплексы Петербург | лучшие новостройки Петербург | новостройки СПб блогер | новостройки Санкт-Петербург обзор,2026-08-23T13:25:02.038595+00:00
ff9ff93b1c4d614a4ea2,Новостройки СПб Недвижимость с Георгием Патаниным,youtube,https://www.youtube.com/@georgiypatanin,georgiypatanin,Санкт-Петербург,16400,micro,manual_only,original_profile_opened,https://www.youtube.com/@georgiypatanin,https://www.youtube.com/results?search_query=%D0%A2%D0%9A+%D0%9F%D1%80%D0%BE%D0%BC%D0%B5%D0%BD%D0%B0%D0%B4+%D0%A1%D0%B0%D0%BD%D0%BA%D1%82-%D0%9F%D0%B5%D1%82%D0%B5%D1%80%D0%B1%D1%83%D1%80%D0%B3+%D0%BE%D0%B1%D0%B7%D0%BE%D1%80&hl=ru,https://www.youtube.com/watch?v=CoHw2XxXzTk,Видео «Жилой комплекс Променад. Обзор новостроек Санкт-Петербурга.» содержит явную привязку к городу.,True,Legenda Оптиков Санкт-Петербург обзор | Адмиралтейский район обзор мест | Адмиралтейский район семейный обзор | Красногвардейский район обзор мест | Кудрово кафе обзор | Кудрово обзор мест | Кудрово семейный обзор | Петроградка семейный обзор | Петродворцовый район семейный обзор | ТК Променад Санкт-Петербург обзор | жилые комплексы СПб блогер | лучшие жилые комплексы Петербург | новостройки СПб блогер,2026-08-23T13:24:19.783171+00:00
4dff1b74eff8dd668eb5,Новостройки СПб своими глазами,youtube,https://www.youtube.com/@novostroyikiSpb,novostroyikiSpb,Санкт-Петербург,9650,nano,manual_only,original_profile_opened,https://www.youtube.com/@novostroyikiSpb,https://www.youtube.com/results?search_query=%D0%BD%D0%BE%D0%B2%D0%BE%D1%81%D1%82%D1%80%D0%BE%D0%B9%D0%BA%D0%B8+%D0%A1%D0%9F%D0%B1+%D0%B1%D0%BB%D0%BE%D0%B3%D0%B5%D1%80&hl=ru,https://www.youtube.com/watch?v=ansmVX8JE2c,Видео «Новостройки СПб Курортного района ЖК Лисино от Унистрой» содержит явную привязку к городу.,False,жилые комплексы СПб блогер | лучшие новостройки Петербург | новостройки СПб блогер,2026-08-23T13:25:02.401856+00:00
0389fbe2b1cfa2baa105,Обзор интересных сайтов и групп,youtube,https://www.youtube.com/@obzor_it,obzor_it,Санкт-Петербург,3220,nano,manual_only,original_profile_opened,https://www.youtube.com/@obzor_it,https://www.youtube.com/results?search_query=HIT+FITNESS+%D0%A1%D0%B0%D0%BD%D0%BA%D1%82-%D0%9F%D0%B5%D1%82%D0%B5%D1%80%D0%B1%D1%83%D1%80%D0%B3+%D0%BE%D0%B1%D0%B7%D0%BE%D1%80&hl=ru,https://www.youtube.com/watch?v=Di2K7PW9d0o,Видео «Фитнес клубы в Приморском районе СПб» содержит явную привязку к городу.,True,HIT FITNESS Санкт-Петербург обзор,2026-08-23T13:24:16.075650+00:00
059522644c3a07a786a5,Обо всём понемногу,youtube,https://www.youtube.com/@_obo_vsem_,_obo_vsem_,Санкт-Петербург,1650,nano,manual_only,original_profile_opened,https://www.youtube.com/@_obo_vsem_,https://www.youtube.com/results?search_query=%D0%9D%D0%BE%D0%B2%D0%B0%D1%8F+%D0%93%D0%BE%D0%BB%D0%BB%D0%B0%D0%BD%D0%B4%D0%B8%D1%8F+%D0%BE%D0%B1%D0%B7%D0%BE%D1%80+%D0%BC%D0%B5%D1%81%D1%82&hl=ru,https://www.youtube.com/watch?v=dNDkCQp3oVA,Видео «Новая Голландия остров в Санкт-Петербурге» содержит явную привязку к городу.,False,Новая Голландия обзор мест,2026-08-23T13:24:45.781660+00:00
0c449ec35f36fc21963d,Океан книг,youtube,https://www.youtube.com/@%D0%9E%D0%BA%D0%B5%D0%B0%D0%BD%D0%9A%D0%BD%D0%B8%D0%B3,%D0%9E%D0%BA%D0%B5%D0%B0%D0%BD%D0%9A%D0%BD%D0%B8%D0%B3,Санкт-Петербург,879,nano,manual_only,original_profile_opened,https://www.youtube.com/@%D0%9E%D0%BA%D0%B5%D0%B0%D0%BD%D0%9A%D0%BD%D0%B8%D0%B3,https://www.youtube.com/results?search_query=%D0%BA%D0%BD%D0%B8%D0%B6%D0%BD%D1%8B%D0%B5+%D0%BC%D0%B0%D0%B3%D0%B0%D0%B7%D0%B8%D0%BD%D1%8B+%D0%9F%D0%B8%D1%82%D0%B5%D1%80+shorts&hl=ru,https://www.youtube.com/watch?v=sOLRf8LtdM0,Видео «Книжные магазины Петербурга: обзор интересных и рекомендации | Рубрика: Книжный магазин» содержит явную привязку к городу.,False,книжные магазины Питер shorts | книжные магазины Санкт-Петербург обзор,2026-08-23T13:25:05.491566+00:00
0e5d02645a1466eca5df,Около туризма,youtube,https://www.youtube.com/@okolo_turizma,okolo_turizma,Санкт-Петербург,8740,nano,manual_only,original_profile_opened,https://www.youtube.com/@okolo_turizma,https://www.youtube.com/results?search_query=%D0%A1%D0%9F%D0%B1+%D0%BA%D1%83%D0%B4%D0%B0+%D1%81%D1%85%D0%BE%D0%B4%D0%B8%D1%82%D1%8C&hl=ru,https://www.youtube.com/watch?v=TDRSnOgox9k,Видео «Красивые места Ленобласти и Карелии рядом с СПб | Куда съездить на природу из Питера» содержит явную привязку к городу.,False,Петроградка куда сходить | Питер необычные места | СПб куда сходить,2026-08-23T13:24:15.134175+00:00
928d2e1cc12bac70dfbe,Окрестности,youtube,https://www.youtube.com/@Dancer2826,Dancer2826,Санкт-Петербург,347,nano,manual_only,original_profile_opened,https://www.youtube.com/@Dancer2826,https://www.youtube.com/results?search_query=%D0%9A%D0%BE%D0%BB%D0%BF%D0%B8%D0%BD%D1%81%D0%BA%D0%B8%D0%B9+%D1%80%D0%B0%D0%B9%D0%BE%D0%BD+%D0%BE%D0%B1%D0%B7%D0%BE%D1%80+%D0%BC%D0%B5%D1%81%D1%82&hl=ru,https://www.youtube.com/watch?v=T4_wIKkQd64,Видео «ОКРЕСТНОСТИ. КОЛПИНО.» содержит явную привязку к городу.,False,Колпинский район куда сходить | Колпинский район обзор мест,2026-08-23T13:24:32.035798+00:00
c7e69b8e24d752c05807,Оксана Любимова,youtube,https://www.youtube.com/@%D0%9E%D0%BA%D1%81%D0%B0%D0%BD%D0%B0%D0%9B%D1%8E%D0%B1%D0%B8%D0%BC%D0%BE%D0%B2%D0%B0-%D1%828%D0%B5,%D0%9E%D0%BA%D1%81%D0%B0%D0%BD%D0%B0%D0%9B%D1%8E%D0%B1%D0%B8%D0%BC%D0%BE%D0%B2%D0%B0-%D1%828%D0%B5,Санкт-Петербург,3,nano,manual_only,original_profile_opened,https://www.youtube.com/@%D0%9E%D0%BA%D1%81%D0%B0%D0%BD%D0%B0%D0%9B%D1%8E%D0%B1%D0%B8%D0%BC%D0%BE%D0%B2%D0%B0-%D1%828%D0%B5,https://www.youtube.com/results?search_query=%D0%BB%D1%83%D1%87%D1%88%D0%B8%D0%B5+%D0%B4%D0%B5%D1%82%D1%81%D0%BA%D0%B8%D0%B5+%D0%BF%D1%80%D0%B0%D0%B7%D0%B4%D0%BD%D0%B8%D0%BA%D0%B8+%D0%9F%D0%B5%D1%82%D0%B5%D1%80%D0%B1%D1%83%D1%80%D0%B3&hl=ru,https://www.youtube.com/watch?v=Z1Qb-eETpKA,Видео «Аниматоры СПб детские праздники Санкт- Петербург» содержит явную привязку к городу.,False,детские праздники Питер shorts | детские праздники Санкт-Петербург обзор | лучшие детские праздники Петербург,2026-08-23T13:24:54.784684+00:00
c9dc0a34928dbf6bdc7f,Оксана Олейникова,youtube,https://www.youtube.com/@OksanaOleynikova,OksanaOleynikova,Санкт-Петербург,,unknown,manual_only,original_profile_opened,https://www.youtube.com/@OksanaOleynikova,https://www.youtube.com/results?search_query=%D0%BB%D1%83%D1%87%D1%88%D0%B8%D0%B5+%D0%BE%D1%80%D0%B3%D0%B0%D0%BD%D0%B8%D0%B7%D0%B0%D1%82%D0%BE%D1%80%D1%8B+%D0%BC%D0%B5%D1%80%D0%BE%D0%BF%D1%80%D0%B8%D1%8F%D1%82%D0%B8%D0%B9+%D0%9F%D0%B5%D1%82%D0%B5%D1%80%D0%B1%D1%83%D1%80%D0%B3&hl=ru,https://www.youtube.com/watch?v=gYQaHgBO44Y,"Видео «""БАБОЧКА"" организация праздников и проведение мероприятий. САНКТ-ПЕТЕРБУРГ» содержит явную привязку к городу.",False,лучшие организаторы мероприятий Петербург,2026-08-23T13:25:03.417716+00:00
366ecc7be4f0d8fd456a,Оксана Петрик Недвижимость в СПб,youtube,https://www.youtube.com/@%D0%9E%D0%BA%D1%81%D0%B0%D0%BD%D0%B0%D0%9F%D0%B5%D1%82%D1%80%D0%B8%D0%BA%D0%9D%D0%B5%D0%B4%D0%B2%D0%B8%D0%B6%D0%B8%D0%BC%D0%BE%D1%81%D1%82%D1%8C%D0%B2%D0%A1%D0%9F%D0%B1,%D0%9E%D0%BA%D1%81%D0%B0%D0%BD%D0%B0%D0%9F%D0%B5%D1%82%D1%80%D0%B8%D0%BA%D0%9D%D0%B5%D0%B4%D0%B2%D0%B8%D0%B6%D0%B8%D0%BC%D0%BE%D1%81%D1%82%D1%8C%D0%B2%D0%A1%D0%9F%D0%B1,Санкт-Петербург,6,nano,manual_only,original_profile_opened,https://www.youtube.com/@%D0%9E%D0%BA%D1%81%D0%B0%D0%BD%D0%B0%D0%9F%D0%B5%D1%82%D1%80%D0%B8%D0%BA%D0%9D%D0%B5%D0%B4%D0%B2%D0%B8%D0%B6%D0%B8%D0%BC%D0%BE%D1%81%D1%82%D1%8C%D0%B2%D0%A1%D0%9F%D0%B1,https://www.youtube.com/results?search_query=%D0%9A%D0%B0%D0%BB%D0%B8%D0%BD%D0%B8%D0%BD%D1%81%D0%BA%D0%B8%D0%B9+%D1%80%D0%B0%D0%B9%D0%BE%D0%BD+%D0%A1%D0%B0%D0%BD%D0%BA%D1%82-%D0%9F%D0%B5%D1%82%D0%B5%D1%80%D0%B1%D1%83%D1%80%D0%B3+%D0%B1%D0%BB%D0%BE%D0%B3&hl=ru,https://www.youtube.com/watch?v=y7EVwfeszzY,"Видео «Санкт-Петербург, Калининский район, Кондратьевский проспект, 40.» содержит явную привязку к городу.",False,Калининский район Санкт-Петербург блог,2026-08-23T13:24:31.064035+00:00
320d707c8b226fd1aa3f,олксикью,youtube,https://www.youtube.com/@allxqu,allxqu,Санкт-Петербург,55,nano,manual_only,original_profile_opened,https://www.youtube.com/@allxqu,https://www.youtube.com/results?search_query=%D0%9E%D0%B7%D0%B5%D1%80%D0%BA%D0%B8+%D0%A1%D0%B0%D0%BD%D0%BA%D1%82-%D0%9F%D0%B5%D1%82%D0%B5%D1%80%D0%B1%D1%83%D1%80%D0%B3+%D0%B1%D0%BB%D0%BE%D0%B3&hl=ru,https://www.youtube.com/watch?v=cwgqpEnMaBE,Видео «Влог || Наша первая поездка в Санкт-Петербург» содержит явную привязку к городу.,False,Озерки Санкт-Петербург блог,2026-08-23T13:24:38.589230+00:00
a499b391be41264c8b1c,Ольга | Альтова,youtube,https://www.youtube.com/@AAolga,AAolga,Санкт-Петербург,738,nano,manual_only,original_profile_opened,https://www.youtube.com/@AAolga,https://www.youtube.com/results?search_query=%D0%BA%D0%BE%D1%81%D0%BC%D0%B5%D1%82%D0%BE%D0%BB%D0%BE%D0%B3%D0%B8%D1%8F+%D0%A1%D0%B0%D0%BD%D0%BA%D1%82-%D0%9F%D0%B5%D1%82%D0%B5%D1%80%D0%B1%D1%83%D1%80%D0%B3+%D0%BE%D0%B1%D0%B7%D0%BE%D1%80&hl=ru,https://www.youtube.com/watch?v=IgPudxdsPGA,Видео «Что я сделала с лицом?|Инъекции|Сколько стоит?|Обзор клиники в Петербурге» содержит явную привязку к городу.,False,косметология Санкт-Петербург обзор,2026-08-23T13:24:51.120269+00:00
4f31a57a3028e41de758,Ольга Зайцева,youtube,https://www.youtube.com/@olgazayc,olgazayc,Санкт-Петербург,2970,nano,manual_only,original_profile_opened,https://www.youtube.com/@olgazayc,https://www.youtube.com/results?search_query=%D0%9D%D0%BE%D0%B2%D0%B0%D1%8F+%D0%93%D0%BE%D0%BB%D0%BB%D0%B0%D0%BD%D0%B4%D0%B8%D1%8F+%D0%BE%D0%B1%D0%B7%D0%BE%D1%80+%D0%BC%D0%B5%D1%81%D1%82&hl=ru,https://www.youtube.com/watch?v=iTLcAGIFsho,Видео «Новая Голландия в Санкт-Петербурге. Почему не надо лезть в бутылку)» содержит явную привязку к городу.,False,Новая Голландия обзор мест | Новая Голландия семейный обзор,2026-08-23T13:24:45.806493+00:00
7f95d4b10eb06d53d0c5,Ольга Качанова. Семейный канал.,youtube,https://www.youtube.com/@olgakachanovavlog,olgakachanovavlog,Санкт-Петербург,35500,micro,manual_only,original_profile_opened,https://www.youtube.com/@olgakachanovavlog,https://www.youtube.com/results?search_query=%D0%A1%D0%9F%D0%B1+%D1%81%D0%B5%D0%BC%D0%B5%D0%B9%D0%BD%D1%8B%D0%B9+%D0%B1%D0%BB%D0%BE%D0%B3&hl=ru,https://www.youtube.com/watch?v=Tml3TkG1Jqc,"Видео «Влог 2.0 🔥 Я не ожидала, чем закончится эта неделя! Съемки с Ириной Горбачёвой и поездка в Питер» содержит явную привязку к городу.",False,СПб семейный блог,2026-08-23T13:24:13.829735+00:00
0188df1d15b1cd5152ca,Олька на минималках,youtube,https://www.youtube.com/@olka_na_minimalkax,olka_na_minimalkax,Санкт-Петербург,1260,nano,manual_only,original_profile_opened,https://www.youtube.com/@olka_na_minimalkax,https://www.youtube.com/results?search_query=%D0%9A%D1%83%D0%B4%D1%80%D0%BE%D0%B2%D0%BE+%D0%BE%D0%B1%D0%B7%D0%BE%D1%80+%D0%BC%D0%B5%D1%81%D1%82&hl=ru,https://www.youtube.com/watch?v=GUdnvpi_IlA,Видео «Живу в Кудрово 4 года - плюсы и минусы. Обзор жизни в пригороде Питера.» содержит явную привязку к городу.,False,Кудрово кафе обзор | Кудрово обзор мест | Кудрово семейный обзор,2026-08-23T13:24:37.634562+00:00
dc9789290fbe9aa3139f,Омега. Технологии будущего,youtube,https://www.youtube.com/@omegafuture,omegafuture,Санкт-Петербург,582,nano,manual_only,original_profile_opened,https://www.youtube.com/@omegafuture,https://www.youtube.com/results?search_query=%D0%BB%D1%83%D1%87%D1%88%D0%B8%D0%B5+%D1%82%D0%B5%D0%B0%D1%82%D1%80%D1%8B+%D0%9F%D0%B5%D1%82%D0%B5%D1%80%D0%B1%D1%83%D1%80%D0%B3&hl=ru,https://www.youtube.com/watch?v=FVQKFdunAcY,Видео «ТОП-5 спектаклей в Петербурге» содержит явную привязку к городу.,False,лучшие театры Петербург | театры Питер shorts,2026-08-23T13:24:55.437233+00:00
12e35d646af01cddf98f,Организация детских праздников в Санкт-Петербурге - Art-for-kids.ru,youtube,https://www.youtube.com/@Art-for-kidsRu,Art-for-kidsRu,Санкт-Петербург,19,nano,manual_only,original_profile_opened,https://www.youtube.com/@Art-for-kidsRu,https://www.youtube.com/results?search_query=%D0%B4%D0%B5%D1%82%D1%81%D0%BA%D0%B8%D0%B5+%D0%BF%D1%80%D0%B0%D0%B7%D0%B4%D0%BD%D0%B8%D0%BA%D0%B8+%D0%A1%D0%9F%D0%B1+%D0%B1%D0%BB%D0%BE%D0%B3%D0%B5%D1%80&hl=ru,https://www.youtube.com/watch?v=hxjX8QOO15Q,Видео «Детские праздники в Санкт-Петербурге - Арт Фо Кидс» содержит явную привязку к городу.,False,детские праздники Питер shorts | детские праздники СПб блогер | детские праздники Санкт-Петербург обзор | лучшие детские праздники Петербург,2026-08-23T13:24:54.454929+00:00
23aa1d5083ba0e36faeb,Отдых Путешествия,youtube,https://www.youtube.com/@%D0%9E%D1%82%D0%B4%D1%8B%D1%85%D0%9F%D1%83%D1%82%D0%B5%D1%88%D0%B5%D1%81%D1%82%D0%B2%D0%B8%D1%8F-%D1%8A1%D0%B4,%D0%9E%D1%82%D0%B4%D1%8B%D1%85%D0%9F%D1%83%D1%82%D0%B5%D1%88%D0%B5%D1%81%D1%82%D0%B2%D0%B8%D1%8F-%D1%8A1%D0%B4,Санкт-Петербург,22,nano,manual_only,original_profile_opened,https://www.youtube.com/@%D0%9E%D1%82%D0%B4%D1%8B%D1%85%D0%9F%D1%83%D1%82%D0%B5%D1%88%D0%B5%D1%81%D1%82%D0%B2%D0%B8%D1%8F-%D1%8A1%D0%B4,https://www.youtube.com/results?search_query=%D0%BB%D1%83%D1%87%D1%88%D0%B8%D0%B5+%D1%82%D0%B5%D0%B0%D1%82%D1%80%D1%8B+%D0%9F%D0%B5%D1%82%D0%B5%D1%80%D0%B1%D1%83%D1%80%D0%B3&hl=ru,https://www.youtube.com/watch?v=7TveKjoKNGM,Видео «Театры Санкт Петербурга» содержит явную привязку к городу.,False,лучшие театры Петербург,2026-08-23T13:24:55.456250+00:00
fda28ee2a3e525f2a49b,"Открытый город - экскурсии, лекции, квесты",youtube,https://www.youtube.com/@%D0%9E%D1%82%D0%BA%D1%80%D1%8B%D1%82%D1%8B%D0%B9%D0%B3%D0%BE%D1%80%D0%BE%D0%B4-%D1%8D%D0%BA%D1%81%D0%BA%D1%83%D1%80%D1%81%D0%B8%D0%B8,%D0%9E%D1%82%D0%BA%D1%80%D1%8B%D1%82%D1%8B%D0%B9%D0%B3%D0%BE%D1%80%D0%BE%D0%B4-%D1%8D%D0%BA%D1%81%D0%BA%D1%83%D1%80%D1%81%D0%B8%D0%B8,Санкт-Петербург,8540,nano,manual_only,original_profile_opened,https://www.youtube.com/@%D0%9E%D1%82%D0%BA%D1%80%D1%8B%D1%82%D1%8B%D0%B9%D0%B3%D0%BE%D1%80%D0%BE%D0%B4-%D1%8D%D0%BA%D1%81%D0%BA%D1%83%D1%80%D1%81%D0%B8%D0%B8,https://www.youtube.com/results?search_query=%D0%9F%D0%B5%D1%82%D1%80%D0%BE%D0%B3%D1%80%D0%B0%D0%B4%D1%81%D0%BA%D0%B8%D0%B9+%D1%80%D0%B0%D0%B9%D0%BE%D0%BD+%D0%BA%D1%83%D0%B4%D0%B0+%D1%81%D1%85%D0%BE%D0%B4%D0%B8%D1%82%D1%8C&hl=ru,https://www.youtube.com/watch?v=v21TtehIGFg,Видео «Петроградская сторона» содержит явную привязку к городу.,False,Петроградский район куда сходить | Петроградский район обзор мест,2026-08-23T13:24:35.750817+00:00
aa434bacf3dad45cd7e3,Отпуск с БМВ,youtube,https://www.youtube.com/@mbogdanov777,mbogdanov777,Санкт-Петербург,12000,micro,manual_only,original_profile_opened,https://www.youtube.com/@mbogdanov777,https://www.youtube.com/results?search_query=%D0%9A%D0%BE%D0%BB%D0%BF%D0%B8%D0%BD%D1%81%D0%BA%D0%B8%D0%B9+%D1%80%D0%B0%D0%B9%D0%BE%D0%BD+%D0%BE%D0%B1%D0%B7%D0%BE%D1%80+%D0%BC%D0%B5%D1%81%D1%82&hl=ru,https://www.youtube.com/watch?v=wMcIRMAG6p0,Видео «Места съемок фильмов Колпино. Металлострой. Усть-Ижора. Саперный. Часть третья #отпусксбмв» содержит явную привязку к городу.,False,Колпинский район обзор мест,2026-08-23T13:24:32.050455+00:00
e7bad49cadfc07c1189d,Отряд Кажана,youtube,https://www.youtube.com/@kazhansquad,kazhansquad,Санкт-Петербург,935,nano,manual_only,original_profile_opened,https://www.youtube.com/@kazhansquad,https://www.youtube.com/results?search_query=%D0%9E%D0%B7%D0%B5%D1%80%D0%BA%D0%B8+%D0%BE%D0%B1%D0%B7%D0%BE%D1%80+%D0%BC%D0%B5%D1%81%D1%82&hl=ru,https://www.youtube.com/watch?v=qaPlZglz4bs,Видео «Питер. ТКК Озерки. Большой обзор.» содержит явную привязку к городу.,False,Озерки обзор мест,2026-08-23T13:24:40.429028+00:00
8f652b70b768f307c514,Официальный дистрибьютор марки E.Mi,youtube,https://www.youtube.com/@EMi-ym9to,EMi-ym9to,Санкт-Петербург,6,nano,manual_only,original_profile_opened,https://www.youtube.com/@EMi-ym9to,https://www.youtube.com/results?search_query=%D0%9B%D0%B0%D0%BA+%D1%81%D1%82%D1%83%D0%B4%D0%B8%D1%8F+%D0%BC%D0%B0%D0%BD%D0%B8%D0%BA%D1%8E%D1%80%D0%B0+%D0%A1%D0%B0%D0%BD%D0%BA%D1%82-%D0%9F%D0%B5%D1%82%D0%B5%D1%80%D0%B1%D1%83%D1%80%D0%B3+%D0%BE%D0%B1%D0%B7%D0%BE%D1%80&hl=ru,https://www.youtube.com/watch?v=czi2DiE5R9U,Видео «Школа маникюра E.Mi Санкт-Петербург» содержит явную привязку к городу.,True,Лак студия маникюра Санкт-Петербург обзор,2026-08-23T13:24:19.693535+00:00
93b2204f92263c387e88,Охотники за Впечатлениями,youtube,https://www.youtube.com/@travelohotniki,travelohotniki,Санкт-Петербург,4220,nano,manual_only,original_profile_opened,https://www.youtube.com/@travelohotniki,https://www.youtube.com/results?search_query=%D0%92%D0%B0%D1%81%D0%B8%D0%BB%D0%B5%D0%BE%D1%81%D1%82%D1%80%D0%BE%D0%B2%D1%81%D0%BA%D0%B8%D0%B9+%D1%80%D0%B0%D0%B9%D0%BE%D0%BD+%D0%BA%D0%B0%D1%84%D0%B5+%D0%BE%D0%B1%D0%B7%D0%BE%D1%80&hl=ru,https://www.youtube.com/watch?v=H1vVgUzCVv4,Видео «Где вкусно поесть в Санкт-Петербурге. Топ-5 необычных кафе и ресторанов.» содержит явную привязку к городу.,False,Адмиралтейский район кафе обзор | Василеостровский район кафе обзор | Петроградка кафе обзор | Петроградский район кафе обзор,2026-08-23T13:24:31.381762+00:00
f1f085363d6c59cefcef,Павел Емельянов,youtube,https://www.youtube.com/@PEM-1903,PEM-1903,Санкт-Петербург,367,nano,manual_only,original_profile_opened,https://www.youtube.com/@PEM-1903,https://www.youtube.com/results?search_query=LIFE+%D0%9F%D1%80%D0%B8%D0%BC%D0%BE%D1%80%D1%81%D0%BA%D0%B8%D0%B9+%D0%A1%D0%B0%D0%BD%D0%BA%D1%82-%D0%9F%D0%B5%D1%82%D0%B5%D1%80%D0%B1%D1%83%D1%80%D0%B3+%D0%BE%D0%B1%D0%B7%D0%BE%D1%80&hl=ru,https://www.youtube.com/watch?v=6XjmUw52ZSY,Видео «Где жить в Петербурге| ЖК Life-Приморский| ЖК на набережной» содержит явную привязку к городу.,True,LIFE Приморский Санкт-Петербург обзор,2026-08-23T13:24:25.421264+00:00
9ae1162c583a2be80ef9,Павел Птичкин,youtube,https://www.youtube.com/@pavel_ptichkin,pavel_ptichkin,Санкт-Петербург,1090,nano,manual_only,original_profile_opened,https://www.youtube.com/@pavel_ptichkin,https://www.youtube.com/results?search_query=%D0%9A%D1%83%D0%B4%D1%80%D0%BE%D0%B2%D0%BE+%D0%BE%D0%B1%D0%B7%D0%BE%D1%80+%D0%BC%D0%B5%D1%81%D1%82&hl=ru,https://www.youtube.com/watch?v=DI1IZkYLm1s,Видео «Жизнь в Кудрово 2025» содержит явную привязку к городу.,False,Кудрово кафе обзор | Кудрово куда сходить | Кудрово обзор мест | Кудрово семейный обзор,2026-08-23T13:24:37.864875+00:00
0f6f19399104e2ff55d0,Пара ключей,youtube,https://www.youtube.com/@2keyspb,2keyspb,Санкт-Петербург,8,nano,manual_only,original_profile_opened,https://www.youtube.com/@2keyspb,https://www.youtube.com/results?search_query=%D0%9A%D1%80%D0%BE%D0%BD%D1%88%D1%82%D0%B0%D0%B4%D1%82+%D1%81%D0%B5%D0%BC%D0%B5%D0%B9%D0%BD%D1%8B%D0%B9+%D0%BE%D0%B1%D0%B7%D0%BE%D1%80&hl=ru,https://www.youtube.com/watch?v=EK-I4qDMjeU,Видео «Кронштадт 2026: Главная курортная новостройка Петербурга. Стоит ли брать?» содержит явную привязку к городу.,False,Кронштадт семейный обзор,2026-08-23T13:24:32.605367+00:00
fdddd24f2ea25fd2d6e5,Парикмахерская СПб,youtube,https://www.youtube.com/@%D0%9F%D0%B0%D1%80%D0%B8%D0%BA%D0%BC%D0%B0%D1%85%D0%B5%D1%80%D1%81%D0%BA%D0%B0%D1%8F%D0%A1%D0%9F%D0%B1,%D0%9F%D0%B0%D1%80%D0%B8%D0%BA%D0%BC%D0%B0%D1%85%D0%B5%D1%80%D1%81%D0%BA%D0%B0%D1%8F%D0%A1%D0%9F%D0%B1,Санкт-Петербург,,unknown,manual_only,original_profile_opened,https://www.youtube.com/@%D0%9F%D0%B0%D1%80%D0%B8%D0%BA%D0%BC%D0%B0%D1%85%D0%B5%D1%80%D1%81%D0%BA%D0%B0%D1%8F%D0%A1%D0%9F%D0%B1,https://www.youtube.com/results?search_query=%D0%BB%D1%83%D1%87%D1%88%D0%B8%D0%B5+%D0%BF%D0%B0%D1%80%D0%B8%D0%BA%D0%BC%D0%B0%D1%85%D0%B5%D1%80%D1%81%D0%BA%D0%B8%D0%B5+%D0%9F%D0%B5%D1%82%D0%B5%D1%80%D0%B1%D1%83%D1%80%D0%B3&hl=ru,https://www.youtube.com/watch?v=bqfFozcpIdo,Видео «Парикмахерская СПб» содержит явную привязку к городу.,False,лучшие парикмахерские Петербург,2026-08-23T13:24:50.994129+00:00
887d3ac7be07dbc43760,ПАССИВНЫЕ МИЛЛИОНЫ,youtube,https://www.youtube.com/@PASSIVNMILLION,PASSIVNMILLION,Санкт-Петербург,1490,nano,manual_only,original_profile_opened,https://www.youtube.com/@PASSIVNMILLION,https://www.youtube.com/results?search_query=%D0%9A%D0%BE%D0%BC%D0%B5%D0%BD%D0%B4%D0%B0%D0%BD%D1%82%D1%81%D0%BA%D0%B8%D0%B9+%D0%BF%D1%80%D0%BE%D1%81%D0%BF%D0%B5%D0%BA%D1%82+%D1%81%D0%B5%D0%BC%D0%B5%D0%B9%D0%BD%D1%8B%D0%B9+%D0%BE%D0%B1%D0%B7%D0%BE%D1%80&hl=ru,https://www.youtube.com/watch?v=atjAbACJc3Q,"Видео «Видео с высоты, Санкт-Петербург, Недвижимость,  Комендантский проспект,» содержит явную привязку к городу.",False,Комендантский проспект семейный обзор,2026-08-23T13:24:39.498792+00:00
2c81cdfdba59aab815c4,Паша Лоскутов  | Лапками про недвижимость в Питере,youtube,https://www.youtube.com/@pavellosk,pavellosk,Санкт-Петербург,52,nano,manual_only,original_profile_opened,https://www.youtube.com/@pavellosk,https://www.youtube.com/results?search_query=%D0%9F%D1%80%D0%B8%D0%BC%D0%BE%D1%80%D1%81%D0%BA%D0%B8%D0%B9+%D1%80%D0%B0%D0%B9%D0%BE%D0%BD+%D0%A1%D0%B0%D0%BD%D0%BA%D1%82-%D0%9F%D0%B5%D1%82%D0%B5%D1%80%D0%B1%D1%83%D1%80%D0%B3+%D0%B1%D0%BB%D0%BE%D0%B3&hl=ru,https://www.youtube.com/watch?v=nBx4zPita1o,Видео «Приморский район Питера. Почему самый лучший? Подкаст №3 | Недвижимость СПБ» содержит явную привязку к городу.,False,Приморский район Санкт-Петербург блог,2026-08-23T13:24:36.309107+00:00
dbd158a208ea80643e82,Пенсионные Денёчки,youtube,https://www.youtube.com/@%D0%9F%D0%B5%D0%BD%D1%81%D0%B8%D0%BE%D0%BD%D0%BD%D1%8B%D0%B5%D0%94%D0%B5%D0%BD%D0%B5%D1%87%D0%BA%D0%B8-%D1%823%D1%8E,%D0%9F%D0%B5%D0%BD%D1%81%D0%B8%D0%BE%D0%BD%D0%BD%D1%8B%D0%B5%D0%94%D0%B5%D0%BD%D0%B5%D1%87%D0%BA%D0%B8-%D1%823%D1%8E,Санкт-Петербург,7910,nano,manual_only,original_profile_opened,https://www.youtube.com/@%D0%9F%D0%B5%D0%BD%D1%81%D0%B8%D0%BE%D0%BD%D0%BD%D1%8B%D0%B5%D0%94%D0%B5%D0%BD%D0%B5%D1%87%D0%BA%D0%B8-%D1%823%D1%8E,https://www.youtube.com/results?search_query=%D0%9A%D0%BE%D0%BC%D0%B5%D0%BD%D0%B4%D0%B0%D0%BD%D1%82%D1%81%D0%BA%D0%B8%D0%B9+%D0%BF%D1%80%D0%BE%D1%81%D0%BF%D0%B5%D0%BA%D1%82+%D0%BE%D0%B1%D0%B7%D0%BE%D1%80+%D0%BC%D0%B5%D1%81%D1%82&hl=ru,https://www.youtube.com/watch?v=r_ENQIZlCwk,Видео «Комендантский проспект.Высотные арки.Санкт-Петербург.» содержит явную привязку к городу.,False,Комендантский проспект Санкт-Петербург блог | Комендантский проспект обзор мест,2026-08-23T13:24:39.568403+00:00
bfd72dafb8930f656d8b,Первая Медицинская Клиника,youtube,https://www.youtube.com/@%D0%9F%D0%B5%D1%80%D0%B2%D0%B0%D1%8F%D0%9C%D0%B5%D0%B4%D0%B8%D1%86%D0%B8%D0%BD%D1%81%D0%BA%D0%B0%D1%8F%D0%9A%D0%BB%D0%B8%D0%BD%D0%B8%D0%BA%D0%B0,%D0%9F%D0%B5%D1%80%D0%B2%D0%B0%D1%8F%D0%9C%D0%B5%D0%B4%D0%B8%D1%86%D0%B8%D0%BD%D1%81%D0%BA%D0%B0%D1%8F%D0%9A%D0%BB%D0%B8%D0%BD%D0%B8%D0%BA%D0%B0,Санкт-Петербург,59500,micro,manual_only,original_profile_opened,https://www.youtube.com/@%D0%9F%D0%B5%D1%80%D0%B2%D0%B0%D1%8F%D0%9C%D0%B5%D0%B4%D0%B8%D1%86%D0%B8%D0%BD%D1%81%D0%BA%D0%B0%D1%8F%D0%9A%D0%BB%D0%B8%D0%BD%D0%B8%D0%BA%D0%B0,https://www.youtube.com/results?search_query=%D0%9F%D0%B5%D1%80%D0%B2%D0%B0%D1%8F+%D1%81%D0%B5%D0%BC%D0%B5%D0%B9%D0%BD%D0%B0%D1%8F+%D0%BA%D0%BB%D0%B8%D0%BD%D0%B8%D0%BA%D0%B0+%D0%9F%D0%B5%D1%82%D0%B5%D1%80%D0%B1%D1%83%D1%80%D0%B3%D0%B0+%D0%A1%D0%B0%D0%BD%D0%BA%D1%82-%D0%9F%D0%B5%D1%82%D0%B5%D1%80%D0%B1%D1%83%D1%80%D0%B3+%D0%BE%D0%B1%D0%B7%D0%BE%D1%80&hl=ru,https://www.youtube.com/watch?v=ywgNIIjEprs,Видео «Первая медицинская клиника в Санкт-Петербурге. Отзывы пациентов» содержит явную привязку к городу.,True,Первая семейная клиника Петербурга Санкт-Петербург обзор,2026-08-23T13:24:24.406885+00:00
0e3b9908a9f156fc254b,Первая семейная клиника Петербурга,youtube,https://www.youtube.com/@oneclinic,oneclinic,Санкт-Петербург,6,nano,manual_only,original_profile_opened,https://www.youtube.com/@oneclinic,https://www.youtube.com/results?search_query=%D0%9F%D0%B5%D1%80%D0%B2%D0%B0%D1%8F+%D1%81%D0%B5%D0%BC%D0%B5%D0%B9%D0%BD%D0%B0%D1%8F+%D0%BA%D0%BB%D0%B8%D0%BD%D0%B8%D0%BA%D0%B0+%D0%9F%D0%B5%D1%82%D0%B5%D1%80%D0%B1%D1%83%D1%80%D0%B3%D0%B0+%D0%A1%D0%B0%D0%BD%D0%BA%D1%82-%D0%9F%D0%B5%D1%82%D0%B5%D1%80%D0%B1%D1%83%D1%80%D0%B3+%D0%BE%D0%B1%D0%B7%D0%BE%D1%80&hl=ru,https://www.youtube.com/watch?v=PeH0CVzuH7o,Видео «Первая семейная клиника Петербурга   услуги» содержит явную привязку к городу.,True,Первая семейная клиника Петербурга Санкт-Петербург обзор,2026-08-23T13:24:23.504348+00:00
3d410959d27ee5fbacba,Пересвет Недвижимость,youtube,https://www.youtube.com/@%D0%9F%D0%B5%D1%80%D0%B5%D1%81%D0%B2%D0%B5%D1%82%D0%9D%D0%B5%D0%B4%D0%B2%D0%B8%D0%B6%D0%B8%D0%BC%D0%BE%D1%81%D1%82%D1%8C,%D0%9F%D0%B5%D1%80%D0%B5%D1%81%D0%B2%D0%B5%D1%82%D0%9D%D0%B5%D0%B4%D0%B2%D0%B8%D0%B6%D0%B8%D0%BC%D0%BE%D1%81%D1%82%D1%8C,Санкт-Петербург,31,nano,manual_only,original_profile_opened,https://www.youtube.com/@%D0%9F%D0%B5%D1%80%D0%B5%D1%81%D0%B2%D0%B5%D1%82%D0%9D%D0%B5%D0%B4%D0%B2%D0%B8%D0%B6%D0%B8%D0%BC%D0%BE%D1%81%D1%82%D1%8C,https://www.youtube.com/results?search_query=%D0%A2%D1%80%D0%B8+%D0%B2%D0%B5%D1%82%D1%80%D0%B0+%D0%B6%D0%B8%D0%BB%D0%BE%D0%B9+%D0%BA%D0%BE%D0%BC%D0%BF%D0%BB%D0%B5%D0%BA%D1%81+%D0%A1%D0%B0%D0%BD%D0%BA%D1%82-%D0%9F%D0%B5%D1%82%D0%B5%D1%80%D0%B1%D1%83%D1%80%D0%B3+%D0%BE%D0%B1%D0%B7%D0%BE%D1%80&hl=ru,https://www.youtube.com/watch?v=rd2grzS0vig,Видео «Новостройки Санкт-Петербурга. Приморский район. Жилой комплекс Три Ветра» содержит явную привязку к городу.,True,Три ветра жилой комплекс Санкт-Петербург обзор,2026-08-23T13:24:24.437214+00:00
6b67d1c9efbbea355e5a,Песок,youtube,https://www.youtube.com/@sportpesok,sportpesok,Санкт-Петербург,2980,nano,manual_only,original_profile_opened,https://www.youtube.com/@sportpesok,https://www.youtube.com/results?search_query=%D0%BB%D1%83%D1%87%D1%88%D0%B8%D0%B5+%D0%B4%D0%B5%D1%82%D1%81%D0%BA%D0%B8%D0%B5+%D0%BF%D1%80%D0%B0%D0%B7%D0%B4%D0%BD%D0%B8%D0%BA%D0%B8+%D0%9F%D0%B5%D1%82%D0%B5%D1%80%D0%B1%D1%83%D1%80%D0%B3&hl=ru,https://www.youtube.com/watch?v=r4C2D94Znuk,Видео «Детские праздники с аниматором на песке в Санкт Петербурге» содержит явную привязку к городу.,False,детские праздники Питер shorts | лучшие детские праздники Петербург,2026-08-23T13:24:55.150137+00:00
92369ca747f64518549e,Петербург для всех,youtube,https://www.youtube.com/@linara_propiter,linara_propiter,Санкт-Петербург,95,nano,manual_only,original_profile_opened,https://www.youtube.com/@linara_propiter,https://www.youtube.com/results?search_query=%D0%9C%D1%83%D1%80%D0%B8%D0%BD%D0%BE+%D0%BA%D1%83%D0%B4%D0%B0+%D1%81%D1%85%D0%BE%D0%B4%D0%B8%D1%82%D1%8C&hl=ru,https://www.youtube.com/watch?v=LKkT7ykA68U,Видео «САНКТ-ПЕТЕРБУРГ за 3 дня | Все самые интересные места | Куда сходить в Питере» содержит явную привязку к городу.,False,Мурино куда сходить,2026-08-23T13:24:37.672612+00:00
e4fd3d0de2c62ae6a8c5,Петербургская Коллекция,youtube,https://www.youtube.com/@%D0%9F%D0%B5%D1%82%D0%B5%D1%80%D0%B1%D1%83%D1%80%D0%B3%D1%81%D0%BA%D0%B0%D1%8F%D0%9A%D0%BE%D0%BB%D0%BB%D0%B5%D0%BA%D1%86%D0%B8%D1%8F,%D0%9F%D0%B5%D1%82%D0%B5%D1%80%D0%B1%D1%83%D1%80%D0%B3%D1%81%D0%BA%D0%B0%D1%8F%D0%9A%D0%BE%D0%BB%D0%BB%D0%B5%D0%BA%D1%86%D0%B8%D1%8F,Санкт-Петербург,892,nano,manual_only,original_profile_opened,https://www.youtube.com/@%D0%9F%D0%B5%D1%82%D0%B5%D1%80%D0%B1%D1%83%D1%80%D0%B3%D1%81%D0%BA%D0%B0%D1%8F%D0%9A%D0%BE%D0%BB%D0%BB%D0%B5%D0%BA%D1%86%D0%B8%D1%8F,https://www.youtube.com/results?search_query=%D0%BA%D0%BE%D0%BD%D0%B4%D0%B8%D1%82%D0%B5%D1%80%D1%81%D0%BA%D0%B8%D0%B5+%D0%9F%D0%B8%D1%82%D0%B5%D1%80+shorts&hl=ru,https://www.youtube.com/watch?v=7CQEdIT57r0,"Видео «Кондитерская фабрика ""Петербургская коллекция"" | Наши магазины» содержит явную привязку к городу.",False,кондитерские Питер shorts,2026-08-23T13:24:50.900574+00:00
47e9744d8f4e519aa5a9,Петербургская Недвижимость,youtube,https://www.youtube.com/@petersburgrealty,petersburgrealty,Санкт-Петербург,24100,micro,manual_only,original_profile_opened,https://www.youtube.com/@petersburgrealty,https://www.youtube.com/results?search_query=Stockholm+%D0%B6%D0%B8%D0%BB%D0%BE%D0%B9+%D0%BA%D0%BE%D0%BC%D0%BF%D0%BB%D0%B5%D0%BA%D1%81+%D0%A1%D0%B0%D0%BD%D0%BA%D1%82-%D0%9F%D0%B5%D1%82%D0%B5%D1%80%D0%B1%D1%83%D1%80%D0%B3+%D0%BE%D0%B1%D0%B7%D0%BE%D1%80&hl=ru,https://www.youtube.com/watch?v=PiJmPCXEvrQ,Видео «Видео обзор ЖК  Stockholm. Вид на Елагин на берегу Большой Невки» содержит явную привязку к городу.,True,Stockholm жилой комплекс Санкт-Петербург обзор | Выборгский район обзор мест | Московский район Санкт-Петербург блог | Московский район куда сходить | Московский район семейный обзор,2026-08-23T13:24:22.823693+00:00
7a96b76c9d8723dc21a1,Петербургская школа йоги YogaFlow,youtube,https://www.youtube.com/@yogaflow6435,yogaflow6435,Санкт-Петербург,1280,nano,manual_only,original_profile_opened,https://www.youtube.com/@yogaflow6435,https://www.youtube.com/results?search_query=%D0%BB%D1%83%D1%87%D1%88%D0%B8%D0%B5+%D0%B9%D0%BE%D0%B3%D0%B0+%D0%9F%D0%B5%D1%82%D0%B5%D1%80%D0%B1%D1%83%D1%80%D0%B3&hl=ru,https://www.youtube.com/watch?v=U9XyQ04dbKU,Видео «Почему Петербургская школа йоги? Напутствие будущим студентам от Эллы Золотёнковой» содержит явную привязку к городу.,False,лучшие йога Петербург,2026-08-23T13:24:52.994436+00:00
bf03d448b85f69941ebf,Петербургский дневник,youtube,https://www.youtube.com/@dnevnik.petersburg,dnevnik.petersburg,Санкт-Петербург,17100,micro,manual_only,original_profile_opened,https://www.youtube.com/@dnevnik.petersburg,https://www.youtube.com/results?search_query=%D0%A0%D1%8B%D0%B1%D0%B0%D1%86%D0%BA%D0%BE%D0%B5+%D0%BA%D1%83%D0%B4%D0%B0+%D1%81%D1%85%D0%BE%D0%B4%D0%B8%D1%82%D1%8C&hl=ru,https://www.youtube.com/watch?v=pFrGruLnCuo,"Видео «ЭКСКУРСИЯ: ""NA RAЙОНЕ. Памятник пожарной машине, музей кирпича, аллея славы пожарных: Рыбацкое""» содержит явную привязку к городу.",False,Рыбацкое куда сходить,2026-08-23T13:24:41.423404+00:00
6a8c024df0cd43e37200,Петербурженка,youtube,https://www.youtube.com/@%D0%9F%D0%B5%D1%82%D0%B5%D1%80%D0%B1%D1%83%D1%80%D0%B6%D0%B5%D0%BD%D0%BA%D0%B0-%D1%8B3%D1%8E,%D0%9F%D0%B5%D1%82%D0%B5%D1%80%D0%B1%D1%83%D1%80%D0%B6%D0%B5%D0%BD%D0%BA%D0%B0-%D1%8B3%D1%8E,Санкт-Петербург,1000,nano,manual_only,original_profile_opened,https://www.youtube.com/@%D0%9F%D0%B5%D1%82%D0%B5%D1%80%D0%B1%D1%83%D1%80%D0%B6%D0%B5%D0%BD%D0%BA%D0%B0-%D1%8B3%D1%8E,https://www.youtube.com/results?search_query=%D0%9F%D1%80%D0%B8%D0%BC%D0%BE%D1%80%D1%81%D0%BA%D0%B8%D0%B9+%D1%80%D0%B0%D0%B9%D0%BE%D0%BD+%D0%BA%D1%83%D0%B4%D0%B0+%D1%81%D1%85%D0%BE%D0%B4%D0%B8%D1%82%D1%8C&hl=ru,https://www.youtube.com/watch?v=egGtHMH7GwM,Видео «Приморский район исторические достопримечательности - 1» содержит явную привязку к городу.,False,Приморский район куда сходить,2026-08-23T13:24:36.371044+00:00
61945c42248bfecb8cd7,ПинтаЧая,youtube,https://www.youtube.com/@PintaTea,PintaTea,Санкт-Петербург,4520,nano,manual_only,original_profile_opened,https://www.youtube.com/@PintaTea,https://www.youtube.com/results?search_query=%D0%9C%D1%83%D1%80%D0%B8%D0%BD%D0%BE+%D0%BA%D0%B0%D1%84%D0%B5+%D0%BE%D0%B1%D0%B7%D0%BE%D1%80&hl=ru,https://www.youtube.com/watch?v=dARI6iz9hHw,Видео «ГДЕ ПОЕСТЬ В МУРИНО? МЕГА обзор №24 | ШАВЕРМА ПО-ПИТЕРСКИ» содержит явную привязку к городу.,False,Мурино кафе обзор,2026-08-23T13:24:37.848122+00:00
97495dbd5796ee1d57b7,Питер без цензуры,youtube,https://www.youtube.com/@%D0%9D%D0%B0%D0%B1%D0%BB%D1%8E%D0%B4%D0%B0%D1%82%D0%B5%D0%BB%D1%8C%D0%BD%D1%8B%D0%B9,%D0%9D%D0%B0%D0%B1%D0%BB%D1%8E%D0%B4%D0%B0%D1%82%D0%B5%D0%BB%D1%8C%D0%BD%D1%8B%D0%B9,Санкт-Петербург,1030,nano,manual_only,original_profile_opened,https://www.youtube.com/@%D0%9D%D0%B0%D0%B1%D0%BB%D1%8E%D0%B4%D0%B0%D1%82%D0%B5%D0%BB%D1%8C%D0%BD%D1%8B%D0%B9,https://www.youtube.com/results?search_query=%D0%A2%D0%9A+%D0%9F%D1%80%D0%BE%D0%BC%D0%B5%D0%BD%D0%B0%D0%B4+%D0%A1%D0%B0%D0%BD%D0%BA%D1%82-%D0%9F%D0%B5%D1%82%D0%B5%D1%80%D0%B1%D1%83%D1%80%D0%B3+%D0%BE%D0%B1%D0%B7%D0%BE%D1%80&hl=ru,https://www.youtube.com/watch?v=aaRDfPcOq-o,Видео «ТК Атмосфера. Санкт-Петербург. Комендантский проспект» содержит явную привязку к городу.,True,Адмиралтейский район Санкт-Петербург блог | Выборгский район Санкт-Петербург блог | Комендантский проспект Санкт-Петербург блог | Комендантский проспект семейный обзор | Невский район Санкт-Петербург блог | Проспект Просвещения Санкт-Петербург блог | Проспект Просвещения обзор мест | ТК Променад Санкт-Петербург обзор,2026-08-23T13:24:19.038964+00:00
7a8bd1c3c24bd040bd53,Питер в движении,youtube,https://www.youtube.com/@%D0%9F%D0%B8%D1%82%D0%B5%D1%80%D0%B2%D0%B4%D0%B2%D0%B8%D0%B6%D0%B5%D0%BD%D0%B8%D0%B8,%D0%9F%D0%B8%D1%82%D0%B5%D1%80%D0%B2%D0%B4%D0%B2%D0%B8%D0%B6%D0%B5%D0%BD%D0%B8%D0%B8,Санкт-Петербург,165,nano,manual_only,original_profile_opened,https://www.youtube.com/@%D0%9F%D0%B8%D1%82%D0%B5%D1%80%D0%B2%D0%B4%D0%B2%D0%B8%D0%B6%D0%B5%D0%BD%D0%B8%D0%B8,https://www.youtube.com/results?search_query=%D0%B4%D0%B5%D1%82%D1%81%D0%BA%D0%B8%D0%B5+%D1%86%D0%B5%D0%BD%D1%82%D1%80%D1%8B+%D0%A1%D0%B0%D0%BD%D0%BA%D1%82-%D0%9F%D0%B5%D1%82%D0%B5%D1%80%D0%B1%D1%83%D1%80%D0%B3+%D0%BE%D0%B1%D0%B7%D0%BE%D1%80&hl=ru,https://www.youtube.com/watch?v=f3ftddCy_M0,Видео «Топ 6 развлекательных мест для детей в Питере!» содержит явную привязку к городу.,False,детские центры Санкт-Петербург обзор | лучшие детские центры Петербург,2026-08-23T13:24:53.671910+00:00
06c737b56de70a15c304,Питер в кармане,youtube,https://www.youtube.com/@piter_v_karmane,piter_v_karmane,Санкт-Петербург,44200,micro,manual_only,original_profile_opened,https://www.youtube.com/@piter_v_karmane,https://www.youtube.com/results?search_query=%D0%9A%D0%BE%D0%BC%D0%B5%D0%BD%D0%B4%D0%B0%D0%BD%D1%82%D1%81%D0%BA%D0%B8%D0%B9+%D0%BF%D1%80%D0%BE%D1%81%D0%BF%D0%B5%D0%BA%D1%82+%D0%BA%D1%83%D0%B4%D0%B0+%D1%81%D1%85%D0%BE%D0%B4%D0%B8%D1%82%D1%8C&hl=ru,https://www.youtube.com/watch?v=QqPHHJw23CE,Видео «Что посмотреть вокруг станции метро Комендантский проспект» содержит явную привязку к городу.,False,Комендантский проспект куда сходить | Комендантский проспект обзор мест,2026-08-23T13:24:39.080293+00:00
201631100cae7aff8cd5,Питер Маркер,youtube,https://www.youtube.com/@petemarker,petemarker,Санкт-Петербург,472,nano,manual_only,original_profile_opened,https://www.youtube.com/@petemarker,https://www.youtube.com/results?search_query=%D0%9F%D0%B5%D1%82%D0%B5%D1%80%D0%B1%D1%83%D1%80%D0%B3+%D0%BC%D0%B8%D0%BA%D1%80%D0%BE%D0%B8%D0%BD%D1%84%D0%BB%D1%8E%D0%B5%D0%BD%D1%81%D0%B5%D1%80&hl=ru,https://www.youtube.com/watch?v=mx0hIqaH7t4,"Видео «Коммунальный Петербург | Проблемы, лужи, репортаж» содержит явную привязку к городу.",False,Петербург микроинфлюенсер,2026-08-23T13:24:12.475693+00:00
52cb8cf39f01f56b551d,Питер наш дом,youtube,https://www.youtube.com/@Piter_nash_dom,Piter_nash_dom,Санкт-Петербург,89000,micro,manual_only,original_profile_opened,https://www.youtube.com/@Piter_nash_dom,https://www.youtube.com/results?search_query=%D0%92%D0%B0%D1%81%D0%B8%D0%BB%D1%8C%D0%B5%D0%B2%D1%81%D0%BA%D0%B8%D0%B9+%D0%BE%D1%81%D1%82%D1%80%D0%BE%D0%B2+%D0%A1%D0%B0%D0%BD%D0%BA%D1%82-%D0%9F%D0%B5%D1%82%D0%B5%D1%80%D0%B1%D1%83%D1%80%D0%B3+%D0%B1%D0%BB%D0%BE%D0%B3&hl=ru,https://www.youtube.com/watch?v=ON6UhsOXw58,Видео «Питер. Васильевский остров.» содержит явную привязку к городу.,False,Васильевский остров Санкт-Петербург блог,2026-08-23T13:24:44.895144+00:00
5b164d36d6862d20084b,Питер Недвижимость Новостройки,youtube,https://www.youtube.com/@RealtySPb,RealtySPb,Санкт-Петербург,11500,micro,manual_only,original_profile_opened,https://www.youtube.com/@RealtySPb,https://www.youtube.com/results?search_query=%D0%9C%D0%B5%D0%B4%D0%BD%D1%8B%D0%B9+%D0%92%D1%81%D0%B0%D0%B4%D0%BD%D0%B8%D0%BA+%D0%B6%D0%B8%D0%BB%D0%BE%D0%B9+%D0%BA%D0%BE%D0%BC%D0%BF%D0%BB%D0%B5%D0%BA%D1%81+%D0%A1%D0%B0%D0%BD%D0%BA%D1%82-%D0%9F%D0%B5%D1%82%D0%B5%D1%80%D0%B1%D1%83%D1%80%D0%B3+%D0%BE%D0%B1%D0%B7%D0%BE%D1%80&hl=ru,https://www.youtube.com/watch?v=lSMC-z-7zxg,Видео «САМЫЙ ДЕШЕВЫЙ ЖК в центре Петербурга! Новостройки СПб 2026» содержит явную привязку к городу.,True,Медный Всадник жилой комплекс Санкт-Петербург обзор | Шушары Санкт-Петербург блог | жилые комплексы СПб блогер | новостройки Санкт-Петербург обзор,2026-08-23T13:24:25.391157+00:00
a609b78dd11e3d880c05,ПИТЕР СУпер - PITERSUper,youtube,https://www.youtube.com/@piter-su,piter-su,Санкт-Петербург,988,nano,manual_only,original_profile_opened,https://www.youtube.com/@piter-su,https://www.youtube.com/results?search_query=%D0%90%D0%B4%D0%BC%D0%B8%D1%80%D0%B0%D0%BB%D1%82%D0%B5%D0%B9%D1%81%D0%BA%D0%B8%D0%B9+%D1%80%D0%B0%D0%B9%D0%BE%D0%BD+%D0%BE%D0%B1%D0%B7%D0%BE%D1%80+%D0%BC%D0%B5%D1%81%D1%82&hl=ru,https://www.youtube.com/watch?v=mnzgbTjXo34,Видео «район метро Адмиралтейская СПб | Адмиралтейский район Санкт Петербурга #peterburg #piter piter.su» содержит явную привязку к городу.,False,Адмиралтейский район обзор мест | Калининский район Санкт-Петербург блог | Купчино куда сходить | Петроградка Санкт-Петербург блог | Петродворцовый район обзор мест | Проспект Просвещения обзор мест | Пушкинский район Санкт-Петербург блог | Рыбацкое Санкт-Петербург блог | Фрунзенский район кафе обзор,2026-08-23T13:24:29.742110+00:00
c9c5aaf9f92fb870f5d7,Питер — инвестиции по любви,youtube,https://www.youtube.com/@dohodpiter,dohodpiter,Санкт-Петербург,13,nano,manual_only,original_profile_opened,https://www.youtube.com/@dohodpiter,https://www.youtube.com/results?search_query=%D0%98%D0%BD%D1%82%D0%B0%D0%BD+%D0%A1%D0%B0%D0%BD%D0%BA%D1%82-%D0%9F%D0%B5%D1%82%D0%B5%D1%80%D0%B1%D1%83%D1%80%D0%B3+%D0%BE%D0%B1%D0%B7%D0%BE%D1%80&hl=ru,https://www.youtube.com/watch?v=c6UDtjyVcBs,"Видео «Честный обзор апарт-отеля IN2IT (Интуит) | Доходность, инфраструктура, инвестиции в СПб» содержит явную привязку к городу.",True,Интан Санкт-Петербург обзор | отели Санкт-Петербург обзор,2026-08-23T13:24:20.485957+00:00
afde3e4ec67c0c6c438c,ПО ГОРОДАМ,youtube,https://www.youtube.com/@bycity0702,bycity0702,Санкт-Петербург,646,nano,manual_only,original_profile_opened,https://www.youtube.com/@bycity0702,https://www.youtube.com/results?search_query=%D0%A1%D0%B5%D1%81%D1%82%D1%80%D0%BE%D1%80%D0%B5%D1%86%D0%BA+%D0%BE%D0%B1%D0%B7%D0%BE%D1%80+%D0%BC%D0%B5%D1%81%D1%82&hl=ru,https://www.youtube.com/watch?v=nrFzUYnVlGA,Видео «Лучший курорт Петербурга - Сестрорецк. Парк Дубки» содержит явную привязку к городу.,False,Сестрорецк обзор мест,2026-08-23T13:24:44.628759+00:00
63986fed38bf0c0b668a,Погнали в Трип!,youtube,https://www.youtube.com/@lets_go_trip,lets_go_trip,Санкт-Петербург,99700,micro,manual_only,original_profile_opened,https://www.youtube.com/@lets_go_trip,https://www.youtube.com/results?search_query=%D0%92%D0%B0%D1%81%D0%B8%D0%BB%D0%B5%D0%BE%D1%81%D1%82%D1%80%D0%BE%D0%B2%D1%81%D0%BA%D0%B8%D0%B9+%D1%80%D0%B0%D0%B9%D0%BE%D0%BD+%D0%BE%D0%B1%D0%B7%D0%BE%D1%80+%D0%BC%D0%B5%D1%81%D1%82&hl=ru,https://www.youtube.com/watch?v=VEhyBxfve9c,Видео «Что посмотреть на Васильевском острове за 1 час | Попробуй Петербург на вкус» содержит явную привязку к городу.,False,Василеостровский район Санкт-Петербург блог | Василеостровский район куда сходить | Василеостровский район обзор мест | Васильевский остров Санкт-Петербург блог | Васильевский остров кафе обзор | Васильевский остров куда сходить | Васильевский остров обзор мест | Васильевский остров семейный обзор | Кронштадт обзор мест | Новая Голландия Санкт-Петербург блог | Новая Голландия кафе обзор | Новая Голландия куда сходить | Новая Голландия обзор мест | Новая Голландия семейный обзор | Петроградка обзор мест,2026-08-23T13:24:25.765707+00:00
e96e1f36c61497ecdcae,Поехали!,youtube,https://www.youtube.com/@Artem_Ola,Artem_Ola,Санкт-Петербург,362,nano,manual_only,original_profile_opened,https://www.youtube.com/@Artem_Ola,https://www.youtube.com/results?search_query=%D0%9E%D0%B7%D0%B5%D1%80%D0%BA%D0%B8+%D0%BE%D0%B1%D0%B7%D0%BE%D1%80+%D0%BC%D0%B5%D1%81%D1%82&hl=ru,https://www.youtube.com/watch?v=XI-5YSMq0qU,Видео «Отель К Визит Санкт-Петербург Озерки» содержит явную привязку к городу.,False,Озерки обзор мест,2026-08-23T13:24:40.192375+00:00
9fb3204dc5314b20c292,Полина Максименко,youtube,https://www.youtube.com/@poliamak,poliamak,Санкт-Петербург,2180,nano,manual_only,original_profile_opened,https://www.youtube.com/@poliamak,https://www.youtube.com/results?search_query=%D0%BB%D1%83%D1%87%D1%88%D0%B8%D0%B5+%D1%84%D0%BE%D1%82%D0%BE%D0%B3%D1%80%D0%B0%D1%84%D1%8B+%D0%9F%D0%B5%D1%82%D0%B5%D1%80%D0%B1%D1%83%D1%80%D0%B3&hl=ru,https://www.youtube.com/watch?v=zp11rYFSaMc,Видео «Где фотографироваться в Санкт-Петербурге? | 10 ЛОКАЦИЙ для фото в СПБ» содержит явную привязку к городу.,False,лучшие фотографы Петербург,2026-08-23T13:25:03.552660+00:00
779bfa903c48166a6cf1,полиночка,youtube,https://www.youtube.com/@zzadorinaa,zzadorinaa,Санкт-Петербург,47,nano,manual_only,original_profile_opened,https://www.youtube.com/@zzadorinaa,https://www.youtube.com/results?search_query=%D0%9A%D1%80%D0%BE%D0%BD%D1%88%D1%82%D0%B0%D0%B4%D1%82+%D0%A1%D0%B0%D0%BD%D0%BA%D1%82-%D0%9F%D0%B5%D1%82%D0%B5%D1%80%D0%B1%D1%83%D1%80%D0%B3+%D0%B1%D0%BB%D0%BE%D0%B3&hl=ru,https://www.youtube.com/watch?v=VGecUH8WGIk,"Видео «отпуск в петербурге: разводные мосты, ораниенбаум, кронштадт [влог]» содержит явную привязку к городу.",False,Кронштадт Санкт-Петербург блог,2026-08-23T13:24:33.386247+00:00
7a53cb84ec57760b209b,Полный Порядок,youtube,https://www.youtube.com/@polniy_poryadok,polniy_poryadok,Санкт-Петербург,1110,nano,manual_only,original_profile_opened,https://www.youtube.com/@polniy_poryadok,https://www.youtube.com/results?search_query=%D0%BB%D1%83%D1%87%D1%88%D0%B8%D0%B5+%D1%87%D0%B0%D1%81%D1%82%D0%BD%D1%8B%D0%B5+%D0%BA%D0%BB%D0%B8%D0%BD%D0%B8%D0%BA%D0%B8+%D0%9F%D0%B5%D1%82%D0%B5%D1%80%D0%B1%D1%83%D1%80%D0%B3&hl=ru,https://www.youtube.com/watch?v=7guRbMqXXaQ,Видео ««Полный Порядок» вошел в ТОП-10 лучших стоматологических клиник Санкт-Петербурга.» содержит явную привязку к городу.,False,лучшие стоматологии Петербург | лучшие частные клиники Петербург,2026-08-23T13:24:53.821433+00:00
7db6f1cdf3dea4f8a467,Помогаем найти самые выгодные туристические услуги,youtube,https://www.youtube.com/@user-aletsgo,user-aletsgo,Санкт-Петербург,2070,nano,manual_only,original_profile_opened,https://www.youtube.com/@user-aletsgo,https://www.youtube.com/results?search_query=%D0%9F%D1%80%D0%B8%D0%B1%D0%B0%D0%B2%D0%BB%D0%B5%D0%BD%D0%B8%D0%B5+%D1%82%D0%BE%D0%B2%D0%B0%D1%80%D1%8B+%D0%B4%D0%BB%D1%8F+%D0%B4%D0%B5%D1%82%D0%B5%D0%B9+%D0%A1%D0%B0%D0%BD%D0%BA%D1%82-%D0%9F%D0%B5%D1%82%D0%B5%D1%80%D0%B1%D1%83%D1%80%D0%B3+%D0%BE%D0%B1%D0%B7%D0%BE%D1%80&hl=ru,https://www.youtube.com/watch?v=vSY2qzm08dY,Видео «где покупать сувениры в Питере. рассказываем на ТГ @travelrussia111/635               🎬 3days_tripро» содержит явную привязку к городу.,True,Прибавление товары для детей Санкт-Петербург обзор,2026-08-23T13:24:18.569725+00:00
eb7df30dfd82d4de7c38,Пора в дорогу,youtube,https://www.youtube.com/@go2road,go2road,Санкт-Петербург,11300,micro,manual_only,original_profile_opened,https://www.youtube.com/@go2road,https://www.youtube.com/results?search_query=%D0%9F%D1%83%D1%88%D0%BA%D0%B8%D0%BD%D1%81%D0%BA%D0%B8%D0%B9+%D1%80%D0%B0%D0%B9%D0%BE%D0%BD+%D0%BA%D1%83%D0%B4%D0%B0+%D1%81%D1%85%D0%BE%D0%B4%D0%B8%D1%82%D1%8C&hl=ru,https://www.youtube.com/watch?v=-mXh5fV_kEM,Видео «ЦАРСКОЕ СЕЛО НЕРЕАЛЬНАЯ КОНЦЕНТРАЦИЯ РОСКОШИ И КРАСОТЫ. Путешествие в Пушкин из Санкт Петербурга» содержит явную привязку к городу.,False,Пушкин Санкт-Петербург блог | Пушкин куда сходить | Пушкин обзор мест | Пушкин семейный обзор | Пушкинский район Санкт-Петербург блог | Пушкинский район куда сходить | Пушкинский район обзор мест,2026-08-23T13:24:36.917424+00:00
af94b93faf792667f83b,Портал недвижимости BaDaDom.ru,youtube,https://www.youtube.com/@BaDaDomru,BaDaDomru,Санкт-Петербург,67,nano,manual_only,original_profile_opened,https://www.youtube.com/@BaDaDomru,https://www.youtube.com/results?search_query=LIFE+%D0%9F%D1%80%D0%B8%D0%BC%D0%BE%D1%80%D1%81%D0%BA%D0%B8%D0%B9+%D0%A1%D0%B0%D0%BD%D0%BA%D1%82-%D0%9F%D0%B5%D1%82%D0%B5%D1%80%D0%B1%D1%83%D1%80%D0%B3+%D0%BE%D0%B1%D0%B7%D0%BE%D1%80&hl=ru,https://www.youtube.com/watch?v=veG58BwgCjA,"Видео «ЖК ""Life Приморский"". Аэросъемка Badadom.ru, июнь 2017» содержит явную привязку к городу.",True,LIFE Приморский Санкт-Петербург обзор,2026-08-23T13:24:25.460146+00:00
711bb327d839b521dc93,ПОЧЕМУ НЕТ - Марина и Женя,youtube,https://www.youtube.com/@%D0%9F%D0%9E%D0%A7%D0%95%D0%9C%D0%A3%D0%9D%D0%95%D0%A2-%D0%BE8%D0%BE,%D0%9F%D0%9E%D0%A7%D0%95%D0%9C%D0%A3%D0%9D%D0%95%D0%A2-%D0%BE8%D0%BE,Санкт-Петербург,1020,nano,manual_only,original_profile_opened,https://www.youtube.com/@%D0%9F%D0%9E%D0%A7%D0%95%D0%9C%D0%A3%D0%9D%D0%95%D0%A2-%D0%BE8%D0%BE,https://www.youtube.com/results?search_query=%D0%BC%D0%B0%D0%B3%D0%B0%D0%B7%D0%B8%D0%BD%D1%8B+%D0%BE%D0%B4%D0%B5%D0%B6%D0%B4%D1%8B+%D0%A1%D0%B0%D0%BD%D0%BA%D1%82-%D0%9F%D0%B5%D1%82%D0%B5%D1%80%D0%B1%D1%83%D1%80%D0%B3+%D0%BE%D0%B1%D0%B7%D0%BE%D1%80&hl=ru,https://www.youtube.com/watch?v=4YGuskmm1OQ,Видео «Китай Город - рынок дешевых вещей в Питере. Одеться за копейки?» содержит явную привязку к городу.,False,магазины одежды Санкт-Петербург обзор,2026-08-23T13:25:00.890624+00:00
f78bd33e7275de476e22,Почти Петербуржец,youtube,https://www.youtube.com/@Po4ti.Peterburgec,Po4ti.Peterburgec,Санкт-Петербург,15400,micro,manual_only,original_profile_opened,https://www.youtube.com/@Po4ti.Peterburgec,https://www.youtube.com/results?search_query=%D0%B4%D0%B5%D1%82%D1%81%D0%BA%D0%B8%D0%B5+%D0%BF%D1%80%D0%B0%D0%B7%D0%B4%D0%BD%D0%B8%D0%BA%D0%B8+%D0%A1%D0%B0%D0%BD%D0%BA%D1%82-%D0%9F%D0%B5%D1%82%D0%B5%D1%80%D0%B1%D1%83%D1%80%D0%B3+%D0%BE%D0%B1%D0%B7%D0%BE%D1%80&hl=ru,https://www.youtube.com/watch?v=V-cTUOvIUU0,Видео «Куда сходить с ребёнком Перед Новым годом в Санкт-Петербурге.» содержит явную привязку к городу.,False,детские праздники Санкт-Петербург обзор,2026-08-23T13:24:55.213636+00:00
a594af413e498e553236,ПОШЛО ПОЕХАЛО,youtube,https://www.youtube.com/@POSHLO-POEHALO,POSHLO-POEHALO,Санкт-Петербург,2840,nano,manual_only,original_profile_opened,https://www.youtube.com/@POSHLO-POEHALO,https://www.youtube.com/results?search_query=%D0%BB%D1%83%D1%87%D1%88%D0%B8%D0%B5+%D0%B4%D0%BE%D1%81%D1%82%D0%B0%D0%B2%D0%BA%D0%B0+%D0%B5%D0%B4%D1%8B+%D0%9F%D0%B5%D1%82%D0%B5%D1%80%D0%B1%D1%83%D1%80%D0%B3&hl=ru,https://www.youtube.com/watch?v=g_pJ01FFA0w,"Видео «ЯНДЕКС ЕДА ЛУЧШЕ ДОСТАВКИ? ЧЕСТНОЕ МНЕНИЕ  | ЯНДЕКС ДОСТАВКА, ТАРИФ ЭКСПРЕСС САНКТ-ПЕТЕРБУРГ» содержит явную привязку к городу.",False,лучшие доставка еды Петербург,2026-08-23T13:24:50.996925+00:00
ce984f0c9c0e0237d648,Правильный выбор. Новостройки СПб.,youtube,https://www.youtube.com/@pravvybor,pravvybor,Санкт-Петербург,9190,nano,manual_only,original_profile_opened,https://www.youtube.com/@pravvybor,https://www.youtube.com/results?search_query=%D0%9A%D1%83%D1%80%D0%BE%D1%80%D1%82%D0%BD%D1%8B%D0%B9+%D1%80%D0%B0%D0%B9%D0%BE%D0%BD+%D0%A1%D0%B0%D0%BD%D0%BA%D1%82-%D0%9F%D0%B5%D1%82%D0%B5%D1%80%D0%B1%D1%83%D1%80%D0%B3+%D0%B1%D0%BB%D0%BE%D0%B3&hl=ru,https://www.youtube.com/watch?v=ZBLdNy3H2Ms,Видео «Курортный район Санкт-Петербурга | Новостройки СПб | Загородная недвижимость» содержит явную привязку к городу.,False,Курортный район Санкт-Петербург блог | Курортный район обзор мест | Новая Голландия куда сходить,2026-08-23T13:24:33.566879+00:00
5dddab1174b8e6b5b6d1,Праздничное бюро Архитектор радости,youtube,https://www.youtube.com/@Arhitector_radosti,Arhitector_radosti,Санкт-Петербург,701,nano,manual_only,original_profile_opened,https://www.youtube.com/@Arhitector_radosti,https://www.youtube.com/results?search_query=%D0%B4%D0%B5%D1%82%D1%81%D0%BA%D0%B8%D0%B5+%D0%BF%D1%80%D0%B0%D0%B7%D0%B4%D0%BD%D0%B8%D0%BA%D0%B8+%D0%A1%D0%9F%D0%B1+%D0%B1%D0%BB%D0%BE%D0%B3%D0%B5%D1%80&hl=ru,https://www.youtube.com/watch?v=9Kltw7mUdxs,Видео «Детский день рождения. Организация детских праздников СПб. Аниматоры СПб. Заказать аниматора СПб» содержит явную привязку к городу.,False,детские праздники СПб блогер,2026-08-23T13:24:54.695391+00:00
5921cda5d433b837c275,Приемка квартир и строительная экспертиза,youtube,https://www.youtube.com/@CityprofLife,CityprofLife,Санкт-Петербург,12700,micro,manual_only,original_profile_opened,https://www.youtube.com/@CityprofLife,https://www.youtube.com/results?search_query=%D0%B9%D0%BE%D0%B3%D0%B0+%D0%A1%D0%B0%D0%BD%D0%BA%D1%82-%D0%9F%D0%B5%D1%82%D0%B5%D1%80%D0%B1%D1%83%D1%80%D0%B3+%D0%BE%D0%B1%D0%B7%D0%BE%D1%80&hl=ru,https://www.youtube.com/watch?v=o_B7-1OaABc,Видео «Обзор ЖК YOGA | Лидер Групп | Новостройки СПб» содержит явную привязку к городу.,False,йога Санкт-Петербург обзор,2026-08-23T13:24:52.732999+00:00
8c9cf9a541f793b667cd,Приличное личное.,youtube,https://www.youtube.com/@natella3105,natella3105,Санкт-Петербург,410,nano,manual_only,original_profile_opened,https://www.youtube.com/@natella3105,https://www.youtube.com/results?search_query=%D0%A4%D1%80%D1%83%D0%BD%D0%B7%D0%B5%D0%BD%D1%81%D0%BA%D0%B8%D0%B9+%D1%80%D0%B0%D0%B9%D0%BE%D0%BD+%D0%A1%D0%B0%D0%BD%D0%BA%D1%82-%D0%9F%D0%B5%D1%82%D0%B5%D1%80%D0%B1%D1%83%D1%80%D0%B3+%D0%B1%D0%BB%D0%BE%D0%B3&hl=ru,https://www.youtube.com/watch?v=a5X1ki40fjs,Видео «СПб.Прогулка во Фрунзенском районе.» содержит явную привязку к городу.,False,Фрунзенский район Санкт-Петербург блог | Фрунзенский район куда сходить | Фрунзенский район обзор мест,2026-08-23T13:24:36.604271+00:00
99086ec2a024cdb48ec8,Приморский район,youtube,https://www.youtube.com/@%D0%9F%D1%80%D0%B8%D0%BC%D0%BE%D1%80%D1%81%D0%BA%D0%B8%D0%B9%D1%80%D0%B0%D0%B9%D0%BE%D0%BD,%D0%9F%D1%80%D0%B8%D0%BC%D0%BE%D1%80%D1%81%D0%BA%D0%B8%D0%B9%D1%80%D0%B0%D0%B9%D0%BE%D0%BD,Санкт-Петербург,41,nano,manual_only,original_profile_opened,https://www.youtube.com/@%D0%9F%D1%80%D0%B8%D0%BC%D0%BE%D1%80%D1%81%D0%BA%D0%B8%D0%B9%D1%80%D0%B0%D0%B9%D0%BE%D0%BD,https://www.youtube.com/results?search_query=%D0%9F%D1%80%D0%B8%D0%BC%D0%BE%D1%80%D1%81%D0%BA%D0%B8%D0%B9+%D1%80%D0%B0%D0%B9%D0%BE%D0%BD+%D0%A1%D0%B0%D0%BD%D0%BA%D1%82-%D0%9F%D0%B5%D1%82%D0%B5%D1%80%D0%B1%D1%83%D1%80%D0%B3+%D0%B1%D0%BB%D0%BE%D0%B3&hl=ru,https://www.youtube.com/watch?v=60rbtfsdCuk,Видео «Приморский район Санкт-Петербурга» содержит явную привязку к городу.,False,Приморский район Санкт-Петербург блог | Приморский район обзор мест,2026-08-23T13:24:35.729047+00:00
4b3f0a1c90746ec1b217,Про жизнь Голдобиных!,youtube,https://www.youtube.com/@goldobiny.,goldobiny.,Санкт-Петербург,36900,micro,manual_only,original_profile_opened,https://www.youtube.com/@goldobiny.,https://www.youtube.com/results?search_query=%D0%9A%D0%BE%D0%BB%D0%BF%D0%B8%D0%BD%D1%81%D0%BA%D0%B8%D0%B9+%D1%80%D0%B0%D0%B9%D0%BE%D0%BD+%D1%81%D0%B5%D0%BC%D0%B5%D0%B9%D0%BD%D1%8B%D0%B9+%D0%BE%D0%B1%D0%B7%D0%BE%D1%80&hl=ru,https://www.youtube.com/watch?v=FwQHxtL3NAk,Видео «Большая прогулка по городу Колпино🔥/Как добраться до Колпино из центра Санкт-Петербурга?😎/Голдобины!» содержит явную привязку к городу.,False,Колпинский район Санкт-Петербург блог | Колпинский район куда сходить | Колпинский район обзор мест | Колпинский район семейный обзор,2026-08-23T13:24:32.169495+00:00
b2513ba7bf742a879ab7,Про Питер | Новостройки,youtube,https://www.youtube.com/@newhome_24,newhome_24,Санкт-Петербург,17500,micro,manual_only,original_profile_opened,https://www.youtube.com/@newhome_24,https://www.youtube.com/results?search_query=%D0%9F%D0%B8%D1%82%D0%B5%D1%80+%D0%BD%D0%B5%D0%BE%D0%B1%D1%8B%D1%87%D0%BD%D1%8B%D0%B5+%D0%BC%D0%B5%D1%81%D1%82%D0%B0&hl=ru,https://www.youtube.com/watch?v=j7JQvlhVr7g,"Видео «Самые МИСТИЧЕСКИЕ места Петербурга — масоны, Распутин и ТАЙНЫЕ дворы города!» содержит явную привязку к городу.",True,Lotos Tower Санкт-Петербург обзор | Адмиралтейский район куда сходить | Адмиралтейский район обзор мест | Васильевский остров семейный обзор | Красносельский район куда сходить | Московский район Санкт-Петербург блог | Московский район куда сходить | Мурино Санкт-Петербург блог | Невский район куда сходить | Невский район обзор мест | Невский район семейный обзор | Петроградка Санкт-Петербург блог | Питер необычные места | Пушкин Санкт-Петербург блог | Пушкин семейный обзор | Черная речка Санкт-Петербург блог | Черная речка кафе обзор | Черная речка куда сходить | Черная речка обзор мест | Черная речка семейный обзор | Шушары Санкт-Петербург блог | Шушары кафе обзор | Шушары куда сходить | Шушары обзор мест | Шушары семейный обзор | лучшие жилые комплексы Петербург | лучшие ремонт Петербург | новостройки СПб блогер,2026-08-23T13:24:16.273747+00:00
345ff89e7ba7a8d85e1c,Прогулки по Санкт-Петербургу. Карта,youtube,https://www.youtube.com/@petersburgwalking8663,petersburgwalking8663,Санкт-Петербург,8620,nano,manual_only,original_profile_opened,https://www.youtube.com/@petersburgwalking8663,https://www.youtube.com/results?search_query=%D0%9F%D0%B5%D1%82%D1%80%D0%BE%D0%B3%D1%80%D0%B0%D0%B4%D0%BA%D0%B0+%D0%A1%D0%B0%D0%BD%D0%BA%D1%82-%D0%9F%D0%B5%D1%82%D0%B5%D1%80%D0%B1%D1%83%D1%80%D0%B3+%D0%B1%D0%BB%D0%BE%D0%B3&hl=ru,https://www.youtube.com/watch?v=Xsz6oPoQbrA,Видео «22 августа 2026 Стрим 148. Питер. Прямой эфир. Дождь» содержит явную привязку к городу.,False,Петроградка Санкт-Петербург блог,2026-08-23T13:24:45.381063+00:00
fce49cf6fc01d1c3ba84,Прогуляемся вместе,youtube,https://www.youtube.com/@progulyaemsya_wmeste,progulyaemsya_wmeste,Санкт-Петербург,463,nano,manual_only,original_profile_opened,https://www.youtube.com/@progulyaemsya_wmeste,https://www.youtube.com/results?search_query=%D0%9E%D0%B7%D0%B5%D1%80%D0%BA%D0%B8+%D0%A1%D0%B0%D0%BD%D0%BA%D1%82-%D0%9F%D0%B5%D1%82%D0%B5%D1%80%D0%B1%D1%83%D1%80%D0%B3+%D0%B1%D0%BB%D0%BE%D0%B3&hl=ru,https://www.youtube.com/watch?v=x-OCSxHRn2A,Видео «Озерки/Пляж у метро/ВЛОГ о Питере» содержит явную привязку к городу.,False,Озерки Санкт-Петербург блог,2026-08-23T13:24:38.936122+00:00
2361143fc24d5856d9d6,Продвижение стоматологии TopDent Promo,youtube,https://www.youtube.com/@topdent-promo,topdent-promo,Санкт-Петербург,484,nano,manual_only,original_profile_opened,https://www.youtube.com/@topdent-promo,https://www.youtube.com/results?search_query=%D0%BB%D1%83%D1%87%D1%88%D0%B8%D0%B5+%D1%81%D1%82%D0%BE%D0%BC%D0%B0%D1%82%D0%BE%D0%BB%D0%BE%D0%B3%D0%B8%D0%B8+%D0%9F%D0%B5%D1%82%D0%B5%D1%80%D0%B1%D1%83%D1%80%D0%B3&hl=ru,https://www.youtube.com/watch?v=Fgr7tMqZX8U,Видео «Стоматологическая клиника iStom Clinic в Санкт-Петербурге» содержит явную привязку к городу.,False,лучшие стоматологии Петербург,2026-08-23T13:24:53.593616+00:00
9850833273a676dbf209,Продуктолог,youtube,https://www.youtube.com/@produktolog,produktolog,Санкт-Петербург,21300,micro,manual_only,original_profile_opened,https://www.youtube.com/@produktolog,https://www.youtube.com/results?search_query=%D0%BB%D1%83%D1%87%D1%88%D0%B8%D0%B5+%D1%81%D1%82%D1%80%D0%B8%D1%82%D1%84%D1%83%D0%B4+%D0%9F%D0%B5%D1%82%D0%B5%D1%80%D0%B1%D1%83%D1%80%D0%B3&hl=ru,https://www.youtube.com/watch?v=Augek8B8Fjo,Видео «ЛУЧШИЙ СТРИТ-ФУД в Питере.» содержит явную привязку к городу.,False,лучшие стритфуд Петербург,2026-08-23T13:24:50.389444+00:00
d6521c6c03b741aa4cc2,Продюсерский центр Максима Данилина,youtube,https://www.youtube.com/@RussianPrSchool,RussianPrSchool,Санкт-Петербург,194,nano,manual_only,original_profile_opened,https://www.youtube.com/@RussianPrSchool,https://www.youtube.com/results?search_query=%D0%BB%D1%83%D1%87%D1%88%D0%B8%D0%B5+%D1%84%D0%B8%D1%82%D0%BD%D0%B5%D1%81+%D0%9F%D0%B5%D1%82%D0%B5%D1%80%D0%B1%D1%83%D1%80%D0%B3&hl=ru,https://www.youtube.com/watch?v=1uNd1RoNA5Q,Видео «Лучший Фитнес-клуб. Санкт-Петербург. 2012» содержит явную привязку к городу.,False,лучшие фитнес Петербург,2026-08-23T13:24:52.231531+00:00
4c51f7025dfa45992144,Просто блог о жизни,youtube,https://www.youtube.com/@prosto_blog-o7g,prosto_blog-o7g,Санкт-Петербург,2950,nano,manual_only,original_profile_opened,https://www.youtube.com/@prosto_blog-o7g,https://www.youtube.com/results?search_query=%D0%A2%D0%A0%D0%9A+%D0%90%D1%82%D0%BC%D0%BE%D1%81%D1%84%D0%B5%D1%80%D0%B0+%D0%A1%D0%B0%D0%BD%D0%BA%D1%82-%D0%9F%D0%B5%D1%82%D0%B5%D1%80%D0%B1%D1%83%D1%80%D0%B3+%D0%BE%D0%B1%D0%B7%D0%BE%D1%80&hl=ru,https://www.youtube.com/watch?v=NZ2o4DHuyus,Видео «Санкт-Петербург Комендантский проспект трк атмосфера вечер 24 июня» содержит явную привязку к городу.,True,ТРК Атмосфера Санкт-Петербург обзор,2026-08-23T13:24:17.393998+00:00
dbbe00844150ad609e28,Просто Рус,youtube,https://www.youtube.com/@NurRus97,NurRus97,Санкт-Петербург,203,nano,manual_only,original_profile_opened,https://www.youtube.com/@NurRus97,https://www.youtube.com/results?search_query=%D0%B9%D0%BE%D0%B3%D0%B0+%D0%9F%D0%B8%D1%82%D0%B5%D1%80+shorts&hl=ru,https://www.youtube.com/watch?v=rxQOVNHtT5Q,Видео «Так вот что такое йога на открытом воздухе #шортс #смешно #питер #спб #санктпетербург #прикол» содержит явную привязку к городу.,False,йога Питер shorts,2026-08-23T13:24:52.212982+00:00
add6ab32a0e3165181d8,Простуженный город,youtube,https://www.youtube.com/@Coldtown,Coldtown,Санкт-Петербург,14500,micro,manual_only,original_profile_opened,https://www.youtube.com/@Coldtown,https://www.youtube.com/results?search_query=%D0%9A%D1%80%D0%BE%D0%BD%D1%88%D1%82%D0%B0%D0%B4%D1%82+%D0%BA%D1%83%D0%B4%D0%B0+%D1%81%D1%85%D0%BE%D0%B4%D0%B8%D1%82%D1%8C&hl=ru,https://www.youtube.com/watch?v=ScDH0jj_HY8,Видео «Кронштадт | Парк Остров фортов | Подводная лодка | Военно-морской собор» содержит явную привязку к городу.,False,Кронштадт куда сходить | Новая Голландия Санкт-Петербург блог | Новая Голландия куда сходить | Новая Голландия семейный обзор | Удельная обзор мест | лучшие музеи Петербург | лучшие экскурсии Петербург | музеи СПб блогер | музеи Санкт-Петербург обзор,2026-08-23T13:24:33.453055+00:00
510b086dc597b16407a1,Птичка,youtube,https://www.youtube.com/@%D0%9F%D1%82%D0%B8%D1%87%D0%BA%D0%B0-%D0%B44%D0%BA,%D0%9F%D1%82%D0%B8%D1%87%D0%BA%D0%B0-%D0%B44%D0%BA,Санкт-Петербург,67,nano,manual_only,original_profile_opened,https://www.youtube.com/@%D0%9F%D1%82%D0%B8%D1%87%D0%BA%D0%B0-%D0%B44%D0%BA,https://www.youtube.com/results?search_query=%D0%BB%D1%83%D1%87%D1%88%D0%B8%D0%B5+%D0%B1%D0%B5%D0%B3+%D0%9F%D0%B5%D1%82%D0%B5%D1%80%D0%B1%D1%83%D1%80%D0%B3&hl=ru,https://www.youtube.com/watch?v=68oa7Q7lE7A,Видео «Бег в темпе марафона. Бежим вместе он-лайн по Крестовскому острову. Санкт-Петербург.» содержит явную привязку к городу.,False,лучшие бег Петербург,2026-08-23T13:25:04.834073+00:00
c592bb4a81435ca96ca8,Пульс города,youtube,https://www.youtube.com/@spbtoday,spbtoday,Санкт-Петербург,129000,mid,manual_only,original_profile_opened,https://www.youtube.com/@spbtoday,https://www.youtube.com/results?search_query=%D0%9F%D0%B5%D1%82%D0%B5%D1%80%D0%B1%D1%83%D1%80%D0%B3+%D0%BB%D0%BE%D0%BA%D0%B0%D0%BB%D1%8C%D0%BD%D1%8B%D0%B5+%D0%B1%D1%80%D0%B5%D0%BD%D0%B4%D1%8B&hl=ru,https://www.youtube.com/watch?v=aPuapJY4MUo,Видео «Уход западных брендов и одежда петербургских дизайнеров» содержит явную привязку к городу.,False,Петербург локальные бренды,2026-08-23T13:24:13.323455+00:00
fcaa972ed65fdd5884ab,Путешествия LIFE,youtube,https://www.youtube.com/@Nasti_11.11.,Nasti_11.11.,Санкт-Петербург,643,nano,manual_only,original_profile_opened,https://www.youtube.com/@Nasti_11.11.,https://www.youtube.com/results?search_query=%D0%9A%D1%80%D0%B0%D1%81%D0%BD%D0%BE%D1%81%D0%B5%D0%BB%D1%8C%D1%81%D0%BA%D0%B8%D0%B9+%D1%80%D0%B0%D0%B9%D0%BE%D0%BD+%D0%A1%D0%B0%D0%BD%D0%BA%D1%82-%D0%9F%D0%B5%D1%82%D0%B5%D1%80%D0%B1%D1%83%D1%80%D0%B3+%D0%B1%D0%BB%D0%BE%D0%B3&hl=ru,https://www.youtube.com/watch?v=QvLFvkjNOuo,Видео «Прогулка 19.04.2023 в солнечный день в Санкт-Петербурге / Красносельский район» содержит явную привязку к городу.,False,Красносельский район Санкт-Петербург блог,2026-08-23T13:24:33.152328+00:00
19b24b1bbc7ff9d6b26a,Путешествия Вместе с Нами,youtube,https://www.youtube.com/@AnnaYa.Travel,AnnaYa.Travel,Санкт-Петербург,39500,micro,manual_only,original_profile_opened,https://www.youtube.com/@AnnaYa.Travel,https://www.youtube.com/results?search_query=%D0%9F%D0%B5%D1%82%D0%B5%D1%80%D0%B1%D1%83%D1%80%D0%B3+%D0%BC%D0%B8%D0%BA%D1%80%D0%BE%D0%B8%D0%BD%D1%84%D0%BB%D1%8E%D0%B5%D0%BD%D1%81%D0%B5%D1%80&hl=ru,https://www.youtube.com/watch?v=cRLPh7oZAmA,Видео «23 Лучшие Достопримечательности Санкт Петербурга. Что посмотреть в Питере самостоятельно. Цены.» содержит явную привязку к городу.,True,DESALU Санкт-Петербург обзор | Happy City Санкт-Петербург обзор | Калининский район куда сходить | Петербург городской блог | Петербург микроинфлюенсер | Петербург рекомендации | Петербург что посмотреть | Петроградка куда сходить | ПироШоу СПб Санкт-Петербург обзор | Питер необычные места | Питер обзорщик | Пушкин куда сходить | СПб куда сходить | СПб новые места | выставки Санкт-Петербург обзор | городские прогулки СПб блогер | городские прогулки Санкт-Петербург обзор | городские события Санкт-Петербург обзор | детские кружки Санкт-Петербург обзор | детские праздники Санкт-Петербург обзор | лучшие афиша Петербург | лучшие выставки Петербург | лучшие городские прогулки Петербург | лучшие городские события Петербург | лучшие музеи Петербург | лучшие семейный досуг Петербург | лучшие туризм Петербург | лучшие фотографы Петербург | лучшие экскурсии Петербург | музеи Санкт-Петербург обзор | семейный досуг СПб блогер | семейный досуг Санкт-Петербург обзор | спорт Санкт-Петербург обзор | туризм СПб блогер | туризм Санкт-Петербург обзор | экскурсии СПб блогер | экскурсии Санкт-Петербург обзор,2026-08-23T13:24:13.282235+00:00
c87304cb3079e56060e8,Путешествия многодетной семьи,youtube,https://www.youtube.com/@MnogoVPut,MnogoVPut,Санкт-Петербург,1920,nano,manual_only,original_profile_opened,https://www.youtube.com/@MnogoVPut,https://www.youtube.com/results?search_query=%D0%9A%D1%80%D0%BE%D0%BD%D1%88%D1%82%D0%B0%D0%B4%D1%82+%D1%81%D0%B5%D0%BC%D0%B5%D0%B9%D0%BD%D1%8B%D0%B9+%D0%BE%D0%B1%D0%B7%D0%BE%D1%80&hl=ru,https://www.youtube.com/watch?v=dzdqubn6b1k,Видео «ОСТРОВ ФОРТОВ КРОНШТАДТ Санкт-Петербург | КРОНШТАДТ ЧТО ПОСМОТРЕТЬ» содержит явную привязку к городу.,False,Кронштадт семейный обзор,2026-08-23T13:24:32.561212+00:00
71ea350072f8dac61446,путешествия с aзартом | AZART travels,youtube,https://www.youtube.com/@azarttravels,azarttravels,Санкт-Петербург,5970,nano,manual_only,original_profile_opened,https://www.youtube.com/@azarttravels,https://www.youtube.com/results?search_query=%D0%A3%D0%B4%D0%B5%D0%BB%D1%8C%D0%BD%D0%B0%D1%8F+%D0%BE%D0%B1%D0%B7%D0%BE%D1%80+%D0%BC%D0%B5%D1%81%D1%82&hl=ru,https://www.youtube.com/watch?v=lwHyl_BviGc,Видео «УДЕЛКА | Удельный рынок | лучшая БАРАХОЛКА Петербурга | ЧТО можно НАЙТИ  | охота за СОКРОВИЩАМИ» содержит явную привязку к городу.,False,Удельная обзор мест,2026-08-23T13:24:48.746592+00:00
c7a0eceb31c01b108f7b,Путешествуй с Fujida,youtube,https://www.youtube.com/@Fujida_Travel,Fujida_Travel,Санкт-Петербург,10600,micro,manual_only,original_profile_opened,https://www.youtube.com/@Fujida_Travel,https://www.youtube.com/results?search_query=%D0%9F%D0%B5%D1%82%D0%B5%D1%80%D0%B1%D1%83%D1%80%D0%B3+%D1%80%D0%B5%D0%BA%D0%BE%D0%BC%D0%B5%D0%BD%D0%B4%D0%B0%D1%86%D0%B8%D0%B8&hl=ru,https://www.youtube.com/watch?v=i7TyUbvK1e8,"Видео «КУДА СХОДИТЬ В САНКТ-ПЕТЕРБУРГЕ в 2024, лучший маршрут, еда, топ мест Питера» содержит явную привязку к городу.",True,Петербург рекомендации | Петроградка куда сходить | ПироШоу СПб Санкт-Петербург обзор | Проспект Просвещения куда сходить | СПб куда сходить | афиша Питер shorts | лучшие афиша Петербург | лучшие семейный досуг Петербург | семейный досуг СПб блогер | семейный досуг Санкт-Петербург обзор | туризм Санкт-Петербург обзор,2026-08-23T13:24:14.366039+00:00
1a0aa773dc210fd76981,Путёвые истории,youtube,https://www.youtube.com/@world_inn,world_inn,Санкт-Петербург,204,nano,manual_only,original_profile_opened,https://www.youtube.com/@world_inn,https://www.youtube.com/results?search_query=%D0%9C%D1%83%D1%80%D0%B8%D0%BD%D0%BE+%D0%BA%D1%83%D0%B4%D0%B0+%D1%81%D1%85%D0%BE%D0%B4%D0%B8%D1%82%D1%8C&hl=ru,https://www.youtube.com/watch?v=RJZ4qijZ_yk,Видео «Мурино: как живёт самый плотный район России? | метро Девяткино: 45 минут от центра Петербурга» содержит явную привязку к городу.,False,Мурино куда сходить | Озерки куда сходить,2026-08-23T13:24:37.481423+00:00
7e4c37bf17d38f908604,Пухов,youtube,https://www.youtube.com/@PuhovYuri,PuhovYuri,Санкт-Петербург,1810,nano,manual_only,original_profile_opened,https://www.youtube.com/@PuhovYuri,https://www.youtube.com/results?search_query=%D1%88%D0%BA%D0%BE%D0%BB%D1%8B+%D0%A1%D0%B0%D0%BD%D0%BA%D1%82-%D0%9F%D0%B5%D1%82%D0%B5%D1%80%D0%B1%D1%83%D1%80%D0%B3+%D0%BE%D0%B1%D0%B7%D0%BE%D1%80&hl=ru,https://www.youtube.com/watch?v=1ILHckws7SE,Видео «Отучился на программиста в лучшем колледже САНКТ ПЕТЕРБУРГА» содержит явную привязку к городу.,False,образование Санкт-Петербург обзор | школы Санкт-Петербург обзор,2026-08-23T13:24:54.256948+00:00
c4a568e5eea9c5e3df01,ПЯТЫЙ КОНТАКТ,youtube,https://www.youtube.com/@5pin,5pin,Санкт-Петербург,56400,micro,manual_only,original_profile_opened,https://www.youtube.com/@5pin,https://www.youtube.com/results?search_query=%D0%B0%D1%84%D0%B8%D1%88%D0%B0+%D0%A1%D0%B0%D0%BD%D0%BA%D1%82-%D0%9F%D0%B5%D1%82%D0%B5%D1%80%D0%B1%D1%83%D1%80%D0%B3+%D0%BE%D0%B1%D0%B7%D0%BE%D1%80&hl=ru,https://www.youtube.com/watch?v=_W__jsMXRtw,Видео «Обзор магазина винтажной техники в Санкт-Петербурге у метро Удельная Vintage Tech» содержит явную привязку к городу.,False,афиша Санкт-Петербург обзор | винтаж Санкт-Петербург обзор | лучшие винтаж Петербург,2026-08-23T13:24:59.613196+00:00
ea46352ff2cf9ecbad2c,РАЙДЕН,youtube,https://www.youtube.com/@raden_spb,raden_spb,Санкт-Петербург,47,nano,manual_only,original_profile_opened,https://www.youtube.com/@raden_spb,https://www.youtube.com/results?search_query=%D0%A0%D0%B5%D0%BD%D0%B8%D0%94%D0%B5%D0%BD%D1%82+%D0%A1%D0%B0%D0%BD%D0%BA%D1%82-%D0%9F%D0%B5%D1%82%D0%B5%D1%80%D0%B1%D1%83%D1%80%D0%B3+%D0%BE%D0%B1%D0%B7%D0%BE%D1%80&hl=ru,https://www.youtube.com/watch?v=q8x2zkes8d4,Видео «Стоматология Райден в Санкт-Петербурге» содержит явную привязку к городу.,True,РениДент Санкт-Петербург обзор,2026-08-23T13:24:22.868581+00:00
1768a0fd4bf56103a621,РАНХиГС Санкт-Петербург,youtube,https://www.youtube.com/@spb.ranepa,spb.ranepa,Санкт-Петербург,7510,nano,manual_only,original_profile_opened,https://www.youtube.com/@spb.ranepa,https://www.youtube.com/results?search_query=%D0%BE%D0%B1%D1%80%D0%B0%D0%B7%D0%BE%D0%B2%D0%B0%D0%BD%D0%B8%D0%B5+%D0%A1%D0%B0%D0%BD%D0%BA%D1%82-%D0%9F%D0%B5%D1%82%D0%B5%D1%80%D0%B1%D1%83%D1%80%D0%B3+%D0%BE%D0%B1%D0%B7%D0%BE%D1%80&hl=ru,https://www.youtube.com/watch?v=kmndaffGOqc,Видео «Обзор факультета среднего профессионального образования | РАНХиГС Санкт Петербург» содержит явную привязку к городу.,False,образование Санкт-Петербург обзор,2026-08-23T13:25:06.562669+00:00
34f771d518109e112840,Ратная палата,youtube,https://www.youtube.com/@ratpalata,ratpalata,Санкт-Петербург,5500,nano,manual_only,original_profile_opened,https://www.youtube.com/@ratpalata,https://www.youtube.com/results?search_query=%D0%9E%D0%B7%D0%B5%D1%80%D0%BA%D0%B8+%D0%BE%D0%B1%D0%B7%D0%BE%D1%80+%D0%BC%D0%B5%D1%81%D1%82&hl=ru,https://www.youtube.com/watch?v=4hXdG4a15O8,Видео «Озерки и бывший Озерковский вокзал» содержит явную привязку к городу.,False,Озерки обзор мест,2026-08-23T13:24:40.095805+00:00
ad0e7163ed1ee008cd19,раф граф,youtube,https://www.youtube.com/@rafgraph,rafgraph,Санкт-Петербург,802,nano,manual_only,original_profile_opened,https://www.youtube.com/@rafgraph,https://www.youtube.com/results?search_query=%D0%BB%D1%83%D1%87%D1%88%D0%B8%D0%B5+%D1%82%D1%83%D1%80%D0%B8%D0%B7%D0%BC+%D0%9F%D0%B5%D1%82%D0%B5%D1%80%D0%B1%D1%83%D1%80%D0%B3&hl=ru,https://www.youtube.com/watch?v=DPirebIRVW4,Видео «ПЕТЕРБУРГ - БАРЫ | БОРДЕЛИ | КЛУБЫ | КУЛЬТУРА» содержит явную привязку к городу.,False,лучшие туризм Петербург,2026-08-23T13:25:03.591640+00:00
73705fcb484528111cd0,РеальнаяНедвижимость,youtube,https://www.youtube.com/@%D0%A0%D0%B5%D0%B0%D0%BB%D1%8C%D0%BD%D0%B0%D1%8F%D0%9D%D0%B5%D0%B4%D0%B2%D0%B8%D0%B6%D0%B8%D0%BC%D0%BE%D1%81%D1%82%D1%8C,%D0%A0%D0%B5%D0%B0%D0%BB%D1%8C%D0%BD%D0%B0%D1%8F%D0%9D%D0%B5%D0%B4%D0%B2%D0%B8%D0%B6%D0%B8%D0%BC%D0%BE%D1%81%D1%82%D1%8C,Санкт-Петербург,51,nano,manual_only,original_profile_opened,https://www.youtube.com/@%D0%A0%D0%B5%D0%B0%D0%BB%D1%8C%D0%BD%D0%B0%D1%8F%D0%9D%D0%B5%D0%B4%D0%B2%D0%B8%D0%B6%D0%B8%D0%BC%D0%BE%D1%81%D1%82%D1%8C,https://www.youtube.com/results?search_query=%D0%A7%D0%B5%D1%80%D0%BD%D0%B0%D1%8F+%D1%80%D0%B5%D1%87%D0%BA%D0%B0+%D0%BE%D0%B1%D0%B7%D0%BE%D1%80+%D0%BC%D0%B5%D1%81%D1%82&hl=ru,https://www.youtube.com/watch?v=_XKPSkMzRTg,Видео «Коля и Юля - обзор новостроек СПб локация Черная речка» содержит явную привязку к городу.,False,Черная речка обзор мест,2026-08-23T13:24:48.422853+00:00
7566c147418df37d4d3c,Регина Салиша,youtube,https://www.youtube.com/@salisha_mood,salisha_mood,Санкт-Петербург,1340,nano,manual_only,original_profile_opened,https://www.youtube.com/@salisha_mood,https://www.youtube.com/results?search_query=%D0%9F%D0%B5%D1%82%D0%B5%D1%80%D0%B3%D0%BE%D1%84+%D0%A1%D0%B0%D0%BD%D0%BA%D1%82-%D0%9F%D0%B5%D1%82%D0%B5%D1%80%D0%B1%D1%83%D1%80%D0%B3+%D0%B1%D0%BB%D0%BE%D0%B3&hl=ru,https://www.youtube.com/watch?v=tXdxT7R1kuI,Видео «САНКТ-ПЕТЕРБУРГ | ПЕТЕРГОФ | Новая Голландия | Достопримечательности | VLOG | СЕНТЯБРЬ» содержит явную привязку к городу.,False,Новая Голландия Санкт-Петербург блог | Петергоф Санкт-Петербург блог,2026-08-23T13:24:43.960308+00:00
04ef801c4ddf8b5271f5,Ремонт Квартир в СПб,youtube,https://www.youtube.com/@%D0%A0%D0%B5%D0%BC%D0%BE%D0%BD%D1%82%D0%9A%D0%B2%D0%B0%D1%80%D1%82%D0%B8%D1%80%D0%B2%D0%A1%D0%9F%D0%B1-%D1%813%D1%84,%D0%A0%D0%B5%D0%BC%D0%BE%D0%BD%D1%82%D0%9A%D0%B2%D0%B0%D1%80%D1%82%D0%B8%D1%80%D0%B2%D0%A1%D0%9F%D0%B1-%D1%813%D1%84,Санкт-Петербург,2920,nano,manual_only,original_profile_opened,https://www.youtube.com/@%D0%A0%D0%B5%D0%BC%D0%BE%D0%BD%D1%82%D0%9A%D0%B2%D0%B0%D1%80%D1%82%D0%B8%D1%80%D0%B2%D0%A1%D0%9F%D0%B1-%D1%813%D1%84,https://www.youtube.com/results?search_query=%D0%A2%D1%80%D0%B8+%D0%B2%D0%B5%D1%82%D1%80%D0%B0+%D0%B6%D0%B8%D0%BB%D0%BE%D0%B9+%D0%BA%D0%BE%D0%BC%D0%BF%D0%BB%D0%B5%D0%BA%D1%81+%D0%A1%D0%B0%D0%BD%D0%BA%D1%82-%D0%9F%D0%B5%D1%82%D0%B5%D1%80%D0%B1%D1%83%D1%80%D0%B3+%D0%BE%D0%B1%D0%B7%D0%BE%D1%80&hl=ru,https://www.youtube.com/watch?v=3uzvXBF0prg,Видео «Мебель в ЖК Три ветра /Отделка квартир в Спб» содержит явную привязку к городу.,True,Дом с курантами Санкт-Петербург обзор | Три ветра жилой комплекс Санкт-Петербург обзор,2026-08-23T13:24:24.962045+00:00
a2ad144ec8013c6f9e16,Ремонт квартир в СПБ Ремонт квартиры в СПБ,youtube,https://www.youtube.com/@%D0%A0%D0%B5%D0%BC%D0%BE%D0%BD%D1%82%D0%BA%D0%B2%D0%B0%D1%80%D1%82%D0%B8%D1%80%D0%B2%D0%A1%D0%9F%D0%91%D0%A0%D0%B5%D0%BC%D0%BE%D0%BD%D1%82%D0%BA%D0%B2%D0%B0-%D1%812%D1%8E,%D0%A0%D0%B5%D0%BC%D0%BE%D0%BD%D1%82%D0%BA%D0%B2%D0%B0%D1%80%D1%82%D0%B8%D1%80%D0%B2%D0%A1%D0%9F%D0%91%D0%A0%D0%B5%D0%BC%D0%BE%D0%BD%D1%82%D0%BA%D0%B2%D0%B0-%D1%812%D1%8E,Санкт-Петербург,51400,micro,manual_only,original_profile_opened,https://www.youtube.com/@%D0%A0%D0%B5%D0%BC%D0%BE%D0%BD%D1%82%D0%BA%D0%B2%D0%B0%D1%80%D1%82%D0%B8%D1%80%D0%B2%D0%A1%D0%9F%D0%91%D0%A0%D0%B5%D0%BC%D0%BE%D0%BD%D1%82%D0%BA%D0%B2%D0%B0-%D1%812%D1%8E,https://www.youtube.com/results?search_query=%D0%BB%D1%83%D1%87%D1%88%D0%B8%D0%B5+%D1%80%D0%B5%D0%BC%D0%BE%D0%BD%D1%82+%D0%9F%D0%B5%D1%82%D0%B5%D1%80%D0%B1%D1%83%D1%80%D0%B3&hl=ru,https://www.youtube.com/watch?v=sD5ZxmbbOeU,Видео «Лучшие решения в ремонте 2018 | Ремонт квартир в новостройке | Отделка квартир в СПБ» содержит явную привязку к городу.,False,лучшие ремонт Петербург,2026-08-23T13:25:02.799855+00:00
fe7a5690de55b6fb2073,Ремонт квартир и дизайн интерьера — Remelle,youtube,https://www.youtube.com/@Remelle,Remelle,Санкт-Петербург,10400,micro,manual_only,original_profile_opened,https://www.youtube.com/@Remelle,https://www.youtube.com/results?search_query=Stockholm+%D0%B6%D0%B8%D0%BB%D0%BE%D0%B9+%D0%BA%D0%BE%D0%BC%D0%BF%D0%BB%D0%B5%D0%BA%D1%81+%D0%A1%D0%B0%D0%BD%D0%BA%D1%82-%D0%9F%D0%B5%D1%82%D0%B5%D1%80%D0%B1%D1%83%D1%80%D0%B3+%D0%BE%D0%B1%D0%B7%D0%BE%D1%80&hl=ru,https://www.youtube.com/watch?v=-w7d6kwJnXg,"Видео «Обзор ремонта ЖК Стокгольм — дизайн, уют, стиль, красота! Рум тур в двушке!» содержит явную привязку к городу.",True,Stockholm жилой комплекс Санкт-Петербург обзор,2026-08-23T13:24:23.580213+00:00
08c29769ed5bc9f01c3b,ресторан,youtube,https://www.youtube.com/@reeaall100,reeaall100,Санкт-Петербург,7,nano,manual_only,original_profile_opened,https://www.youtube.com/@reeaall100,https://www.youtube.com/results?search_query=%D0%9A%D1%80%D0%B0%D1%81%D0%BD%D0%BE%D0%B3%D0%B2%D0%B0%D1%80%D0%B4%D0%B5%D0%B9%D1%81%D0%BA%D0%B8%D0%B9+%D1%80%D0%B0%D0%B9%D0%BE%D0%BD+%D0%BA%D0%B0%D1%84%D0%B5+%D0%BE%D0%B1%D0%B7%D0%BE%D1%80&hl=ru,https://www.youtube.com/watch?v=lykAXo6I4pU,Видео «ресторан  красногвардейский район спб» содержит явную привязку к городу.,False,Красногвардейский район кафе обзор,2026-08-23T13:24:33.320863+00:00
78ed95e72905924739b2,"Ресторан ""Марсельеза""",youtube,https://www.youtube.com/@%D0%A0%D0%B5%D1%81%D1%82%D0%BE%D1%80%D0%B0%D0%BD%D0%9C%D0%B0%D1%80%D1%81%D0%B5%D0%BB%D1%8C%D0%B5%D0%B7%D0%B0,%D0%A0%D0%B5%D1%81%D1%82%D0%BE%D1%80%D0%B0%D0%BD%D0%9C%D0%B0%D1%80%D1%81%D0%B5%D0%BB%D1%8C%D0%B5%D0%B7%D0%B0,Санкт-Петербург,502,nano,manual_only,original_profile_opened,https://www.youtube.com/@%D0%A0%D0%B5%D1%81%D1%82%D0%BE%D1%80%D0%B0%D0%BD%D0%9C%D0%B0%D1%80%D1%81%D0%B5%D0%BB%D1%8C%D0%B5%D0%B7%D0%B0,https://www.youtube.com/results?search_query=%D0%BB%D1%83%D1%87%D1%88%D0%B8%D0%B5+%D0%BA%D0%BE%D0%BD%D0%B4%D0%B8%D1%82%D0%B5%D1%80%D1%81%D0%BA%D0%B8%D0%B5+%D0%9F%D0%B5%D1%82%D0%B5%D1%80%D0%B1%D1%83%D1%80%D0%B3&hl=ru,https://www.youtube.com/watch?v=UWbA5S8P0bI,"Видео «Торты на заказ в СПб на свадьбу или день рождения | Ресторан ""Марсельеза""» содержит явную привязку к городу.",False,лучшие кондитерские Петербург,2026-08-23T13:24:50.262475+00:00
d5dcf2087a55b1eb3c18,Ресторан Голландская кухня,youtube,https://www.youtube.com/@%D0%A0%D0%B5%D1%81%D1%82%D0%BE%D1%80%D0%B0%D0%BD%D0%93%D0%BE%D0%BB%D0%BB%D0%B0%D0%BD%D0%B4%D1%81%D0%BA%D0%B0%D1%8F%D0%BA%D1%83%D1%85%D0%BD%D1%8F,%D0%A0%D0%B5%D1%81%D1%82%D0%BE%D1%80%D0%B0%D0%BD%D0%93%D0%BE%D0%BB%D0%BB%D0%B0%D0%BD%D0%B4%D1%81%D0%BA%D0%B0%D1%8F%D0%BA%D1%83%D1%85%D0%BD%D1%8F,Санкт-Петербург,3,nano,manual_only,original_profile_opened,https://www.youtube.com/@%D0%A0%D0%B5%D1%81%D1%82%D0%BE%D1%80%D0%B0%D0%BD%D0%93%D0%BE%D0%BB%D0%BB%D0%B0%D0%BD%D0%B4%D1%81%D0%BA%D0%B0%D1%8F%D0%BA%D1%83%D1%85%D0%BD%D1%8F,https://www.youtube.com/results?search_query=%D0%9A%D1%80%D0%BE%D0%BD%D1%88%D1%82%D0%B0%D0%B4%D1%82+%D0%BA%D0%B0%D1%84%D0%B5+%D0%BE%D0%B1%D0%B7%D0%BE%D1%80&hl=ru,https://www.youtube.com/watch?v=NY64NGKpg1M,"Видео «Ресторан ""Голландская кухня"" Санкт-Петербург, Кронштадт» содержит явную привязку к городу.",False,Кронштадт кафе обзор,2026-08-23T13:24:33.674583+00:00
04aa00cb059b8dc3b7bd,Риелтор Алёна Котенко,youtube,https://www.youtube.com/@kotenkorealty,kotenkorealty,Санкт-Петербург,165,nano,manual_only,original_profile_opened,https://www.youtube.com/@kotenkorealty,https://www.youtube.com/results?search_query=%D0%9F%D0%B5%D1%82%D1%80%D0%BE%D0%B3%D1%80%D0%B0%D0%B4%D0%BA%D0%B0+%D1%81%D0%B5%D0%BC%D0%B5%D0%B9%D0%BD%D1%8B%D0%B9+%D0%BE%D0%B1%D0%B7%D0%BE%D1%80&hl=ru,https://www.youtube.com/watch?v=qgz6TgBfo0U,Видео «ПЕТРОГРАДКА / СПБ / ЦЕНТР ИЛИ СПАЛЬНЫЙ РАЙОН? Минусы и плюсы Петроградского района Петербурга» содержит явную привязку к городу.,False,Петроградка семейный обзор,2026-08-23T13:24:45.322647+00:00
d06e6794916a8cdeb653,Римма Ри,youtube,https://www.youtube.com/@%D0%A0%D0%B8%D0%BC%D0%BC%D0%B0%D0%A0%D0%B8,%D0%A0%D0%B8%D0%BC%D0%BC%D0%B0%D0%A0%D0%B8,Санкт-Петербург,99,nano,manual_only,original_profile_opened,https://www.youtube.com/@%D0%A0%D0%B8%D0%BC%D0%BC%D0%B0%D0%A0%D0%B8,https://www.youtube.com/results?search_query=%D0%BA%D0%BE%D0%BD%D1%86%D0%B5%D1%80%D1%82%D1%8B+%D0%A1%D0%B0%D0%BD%D0%BA%D1%82-%D0%9F%D0%B5%D1%82%D0%B5%D1%80%D0%B1%D1%83%D1%80%D0%B3+%D0%BE%D0%B1%D0%B7%D0%BE%D1%80&hl=ru,https://www.youtube.com/watch?v=BN46c0Jwnpw,Видео «Как прошел концерт Jason Derulo в Питере? Почему поехала в Питер из Москвы на концерт?» содержит явную привязку к городу.,False,концерты Санкт-Петербург обзор,2026-08-23T13:24:58.394473+00:00
430984e39ac70e0aaa82,Рита Кристаллова,youtube,https://www.youtube.com/@ritachristallova,ritachristallova,Санкт-Петербург,194,nano,manual_only,original_profile_opened,https://www.youtube.com/@ritachristallova,https://www.youtube.com/results?search_query=%D0%9F%D0%B5%D1%82%D1%80%D0%BE%D0%B3%D1%80%D0%B0%D0%B4%D1%81%D0%BA%D0%B8%D0%B9+%D1%80%D0%B0%D0%B9%D0%BE%D0%BD+%D0%A1%D0%B0%D0%BD%D0%BA%D1%82-%D0%9F%D0%B5%D1%82%D0%B5%D1%80%D0%B1%D1%83%D1%80%D0%B3+%D0%B1%D0%BB%D0%BE%D0%B3&hl=ru,https://www.youtube.com/watch?v=PrXTKFsY5Wk,"Видео «очередной ВЛОГ из Санкт-Петербурга 🌿🪷🐈 Петроградский район, Ботанический сад, кафе «Огурцы» и Raiz» содержит явную привязку к городу.",False,Петроградский район Санкт-Петербург блог,2026-08-23T13:24:35.022240+00:00
71a6301ce6c006c11451,Рита Финляндия Россия,youtube,https://www.youtube.com/@Ritasuomirussia,Ritasuomirussia,Санкт-Петербург,2310,nano,manual_only,original_profile_opened,https://www.youtube.com/@Ritasuomirussia,https://www.youtube.com/results?search_query=%D0%9F%D0%B5%D1%82%D1%80%D0%BE%D0%B3%D1%80%D0%B0%D0%B4%D0%BA%D0%B0+%D0%A1%D0%B0%D0%BD%D0%BA%D1%82-%D0%9F%D0%B5%D1%82%D0%B5%D1%80%D0%B1%D1%83%D1%80%D0%B3+%D0%B1%D0%BB%D0%BE%D0%B3&hl=ru,https://www.youtube.com/watch?v=PBMX6obmCcw,"Видео «СДЕЛАДА ВСЁ, ЧТО МОГЛА ШАГАЮ ПО БОЛЬШОМУ ПРОСПЕКТУ САНКТ-ПЕТЕРБУРГА#отпусквроссии» содержит явную привязку к городу.",False,Петроградка Санкт-Петербург блог,2026-08-23T13:24:44.925476+00:00
954dc05e99178e4cc003,Риэлтор Александр Липкин,youtube,https://www.youtube.com/@lipkinpro,lipkinpro,Санкт-Петербург,1180,nano,manual_only,original_profile_opened,https://www.youtube.com/@lipkinpro,https://www.youtube.com/results?search_query=%D0%9F%D0%B0%D1%80%D0%BD%D0%B0%D1%81+%D1%81%D0%B5%D0%BC%D0%B5%D0%B9%D0%BD%D1%8B%D0%B9+%D0%BE%D0%B1%D0%B7%D0%BE%D1%80&hl=ru,https://www.youtube.com/watch?v=8nINfDbXJb0,Видео «Обзор ЖК ПРАГМА СИТИ у метро Парнас. Семейная ипотека в готовом доме.» содержит явную привязку к городу.,False,Парнас семейный обзор,2026-08-23T13:24:38.159011+00:00
75087bc20a929f907e66,Риэлтор без масок: Мария Кудреватых🔑,youtube,https://www.youtube.com/@kudrevatyh,kudrevatyh,Санкт-Петербург,2950,nano,manual_only,original_profile_opened,https://www.youtube.com/@kudrevatyh,https://www.youtube.com/results?search_query=DESALU+%D0%A1%D0%B0%D0%BD%D0%BA%D1%82-%D0%9F%D0%B5%D1%82%D0%B5%D1%80%D0%B1%D1%83%D1%80%D0%B3+%D0%BE%D0%B1%D0%B7%D0%BE%D1%80&hl=ru,https://www.youtube.com/watch?v=oXEn04IhhM8,Видео «ЕЛИЗАРОВСКАЯ | ОБЗОР РАЙОНОВ САНКТ-ПЕТЕРБУРГА С КУДРЕВАТЫХ МАРИЕЙ» содержит явную привязку к городу.,True,DESALU Санкт-Петербург обзор | MedSwiss Санкт-Петербург обзор | Дом с курантами Санкт-Петербург обзор | Кировский район Санкт-Петербург блог | Кировский район обзор мест | Кировский район семейный обзор | Комендантский проспект Санкт-Петербург блог | Комендантский проспект кафе обзор | Комендантский проспект куда сходить | Комендантский проспект обзор мест | Комендантский проспект семейный обзор | Кудрово Санкт-Петербург блог | Кудрово кафе обзор | Кудрово куда сходить | Кудрово обзор мест | Кудрово семейный обзор | Купчино Санкт-Петербург блог | Купчино куда сходить | Купчино обзор мест | Купчино семейный обзор | Озерки Санкт-Петербург блог | Озерки кафе обзор | Озерки куда сходить | Озерки обзор мест | Озерки семейный обзор | Парнас Санкт-Петербург блог | Парнас кафе обзор | Парнас куда сходить | Парнас обзор мест | Парнас семейный обзор | Петродворцовый район обзор мест | Проспект Просвещения Санкт-Петербург блог | Проспект Просвещения кафе обзор | Проспект Просвещения куда сходить | Проспект Просвещения обзор мест | Проспект Просвещения семейный обзор | Рыбацкое куда сходить | Рыбацкое обзор мест | Рыбацкое семейный обзор | ТК Променад Санкт-Петербург обзор | Удельная Санкт-Петербург блог | Удельная обзор мест | Удельная семейный обзор | Черная речка куда сходить | Шушары Санкт-Петербург блог | Шушары кафе обзор | Шушары куда сходить | Шушары обзор мест | Шушары семейный обзор | танцы Санкт-Петербург обзор,2026-08-23T13:24:16.334233+00:00
3b3e40fa933b44f994cb,Риэлтор СПб,youtube,https://www.youtube.com/@realtorSPb-OlgaR,realtorSPb-OlgaR,Санкт-Петербург,326,nano,manual_only,original_profile_opened,https://www.youtube.com/@realtorSPb-OlgaR,https://www.youtube.com/results?search_query=%D0%92%D0%B0%D1%81%D0%B8%D0%BB%D0%B5%D0%BE%D1%81%D1%82%D1%80%D0%BE%D0%B2%D1%81%D0%BA%D0%B8%D0%B9+%D1%80%D0%B0%D0%B9%D0%BE%D0%BD+%D0%BE%D0%B1%D0%B7%D0%BE%D1%80+%D0%BC%D0%B5%D1%81%D1%82&hl=ru,https://www.youtube.com/watch?v=e7dtemu_8Kk,Видео «Василеостровский район. Краткий обзор локации. Удобно ли жить на Васильевском острове.» содержит явную привязку к городу.,False,Василеостровский район Санкт-Петербург блог | Василеостровский район куда сходить | Василеостровский район обзор мест | Василеостровский район семейный обзор,2026-08-23T13:24:25.730149+00:00
db5e976d98a14fb33bda,РОББО,youtube,https://www.youtube.com/@robbo_russia,robbo_russia,Санкт-Петербург,2460,nano,manual_only,original_profile_opened,https://www.youtube.com/@robbo_russia,https://www.youtube.com/results?search_query=%D0%A0%D0%BE%D0%B1%D0%B1%D0%BE+%D0%9A%D0%BB%D1%83%D0%B1+%D0%A1%D0%B0%D0%BD%D0%BA%D1%82-%D0%9F%D0%B5%D1%82%D0%B5%D1%80%D0%B1%D1%83%D1%80%D0%B3+%D0%BE%D0%B1%D0%B7%D0%BE%D1%80&hl=ru,https://www.youtube.com/watch?v=MU6KQtJdE2s,"Видео «РОББО в программе ""Промышленный Клуб"" Телеканала Санкт Петербург» содержит явную привязку к городу.",True,Роббо Клуб Санкт-Петербург обзор,2026-08-23T13:24:21.027185+00:00
ad014d32182e81a522c4,Руслан Трипутень,youtube,https://www.youtube.com/@%D0%A0%D1%83%D1%81%D0%BB%D0%B0%D0%BD%D0%A2%D1%80%D0%B8%D0%BF%D1%83%D1%82%D0%B5%D0%BD%D1%8C-%D1%896%D1%8E,%D0%A0%D1%83%D1%81%D0%BB%D0%B0%D0%BD%D0%A2%D1%80%D0%B8%D0%BF%D1%83%D1%82%D0%B5%D0%BD%D1%8C-%D1%896%D1%8E,Санкт-Петербург,65,nano,manual_only,original_profile_opened,https://www.youtube.com/@%D0%A0%D1%83%D1%81%D0%BB%D0%B0%D0%BD%D0%A2%D1%80%D0%B8%D0%BF%D1%83%D1%82%D0%B5%D0%BD%D1%8C-%D1%896%D1%8E,https://www.youtube.com/results?search_query=Legenda+%D0%AF%D1%85%D1%82%D0%B5%D0%BD%D0%BD%D0%B0%D1%8F+%D0%A1%D0%B0%D0%BD%D0%BA%D1%82-%D0%9F%D0%B5%D1%82%D0%B5%D1%80%D0%B1%D1%83%D1%80%D0%B3+%D0%BE%D0%B1%D0%B7%D0%BE%D1%80&hl=ru,https://www.youtube.com/watch?v=QJPX3B1BVBc,Видео «ПО ГОСТЯМ | Риэлтор Трипутень Руслан | ОБЗОР ЖК ЛЕГЕНДА на ЯХТЕННОЙ 24 | Приморский район | СПБ» содержит явную привязку к городу.,True,Legenda Оптиков Санкт-Петербург обзор | Legenda Яхтенная Санкт-Петербург обзор,2026-08-23T13:24:21.644483+00:00
e4a431aefff1d3553687,С Любовью из Санкт-Петербурга,youtube,https://www.youtube.com/@Lyubovpsypiter_channal,Lyubovpsypiter_channal,Санкт-Петербург,333,nano,manual_only,original_profile_opened,https://www.youtube.com/@Lyubovpsypiter_channal,https://www.youtube.com/results?search_query=%D0%94%D0%B5%D1%82%D1%81%D0%BA%D0%B8%D0%B9+%D0%BC%D0%B8%D1%80+%D0%A1%D0%B0%D0%BD%D0%BA%D1%82-%D0%9F%D0%B5%D1%82%D0%B5%D1%80%D0%B1%D1%83%D1%80%D0%B3+%D0%BE%D0%B1%D0%B7%D0%BE%D1%80&hl=ru,https://www.youtube.com/watch?v=eOsBzOVw8gY,Видео «Покупки с магазинов Детский мир и MODIS для детей.» содержит явную привязку к городу.,True,Детский мир Санкт-Петербург обзор,2026-08-23T13:24:16.953901+00:00
120b897e77c93158765b,Сабина,youtube,https://www.youtube.com/@Sabina.V.A,Sabina.V.A,Санкт-Петербург,321,nano,manual_only,original_profile_opened,https://www.youtube.com/@Sabina.V.A,https://www.youtube.com/results?search_query=%D0%9C%D1%83%D1%80%D0%B8%D0%BD%D0%BE+%D0%A1%D0%B0%D0%BD%D0%BA%D1%82-%D0%9F%D0%B5%D1%82%D0%B5%D1%80%D0%B1%D1%83%D1%80%D0%B3+%D0%B1%D0%BB%D0%BE%D0%B3&hl=ru,https://www.youtube.com/watch?v=vCA-KDQsEyM,Видео «Vlog: «Мы вернулись // Мурино // Бугры»» содержит явную привязку к городу.,False,Мурино Санкт-Петербург блог | Озерки Санкт-Петербург блог,2026-08-23T13:24:37.420907+00:00
85dd79ec62a498ff9e36,Сайт Катаракта.ру,youtube,https://www.youtube.com/@CataraktaRu,CataraktaRu,Санкт-Петербург,3610,nano,manual_only,original_profile_opened,https://www.youtube.com/@CataraktaRu,https://www.youtube.com/results?search_query=%D0%B2%D0%B5%D1%82%D0%BA%D0%BB%D0%B8%D0%BD%D0%B8%D0%BA%D0%B8+%D0%A1%D0%B0%D0%BD%D0%BA%D1%82-%D0%9F%D0%B5%D1%82%D0%B5%D1%80%D0%B1%D1%83%D1%80%D0%B3+%D0%BE%D0%B1%D0%B7%D0%BE%D1%80&hl=ru,https://www.youtube.com/watch?v=u9SmCT7TEPQ,Видео «🤓 Клиника Зрение  Санкт Петербург - лечение катаракты и отзыв пациента» содержит явную привязку к городу.,False,ветклиники Санкт-Петербург обзор,2026-08-23T13:25:04.177305+00:00
625b986c3ec4b0f3fdb6,Салон Ирэн,youtube,https://www.youtube.com/@%D0%A1%D0%B0%D0%BB%D0%BE%D0%BD%D0%98%D1%80%D1%8D%D0%BD-%D0%BA7%D0%BC,%D0%A1%D0%B0%D0%BB%D0%BE%D0%BD%D0%98%D1%80%D1%8D%D0%BD-%D0%BA7%D0%BC,Санкт-Петербург,122,nano,manual_only,original_profile_opened,https://www.youtube.com/@%D0%A1%D0%B0%D0%BB%D0%BE%D0%BD%D0%98%D1%80%D1%8D%D0%BD-%D0%BA7%D0%BC,https://www.youtube.com/results?search_query=%D0%BB%D1%83%D1%87%D1%88%D0%B8%D0%B5+%D1%81%D0%B0%D0%BB%D0%BE%D0%BD%D1%8B+%D0%BA%D1%80%D0%B0%D1%81%D0%BE%D1%82%D1%8B+%D0%9F%D0%B5%D1%82%D0%B5%D1%80%D0%B1%D1%83%D1%80%D0%B3&hl=ru,https://www.youtube.com/watch?v=I6n0InVSQyw,"Видео «Салон красоты в Санкт-Петербурге (Ломоносов, Петергоф)  | Солярий, Стрижки, косметология, маникюр» содержит явную привязку к городу.",False,лучшие салоны красоты Петербург,2026-08-23T13:24:51.075794+00:00
dbfd570402b367c3167e,Салон красоты  «12 месяцев» СПб,youtube,https://www.youtube.com/@salon12m,salon12m,Санкт-Петербург,392,nano,manual_only,original_profile_opened,https://www.youtube.com/@salon12m,https://www.youtube.com/results?search_query=%D0%BC%D0%B0%D1%81%D1%81%D0%B0%D0%B6+%D0%B8+SPA+%D0%A1%D0%9F%D0%B1+%D0%B1%D0%BB%D0%BE%D0%B3%D0%B5%D1%80&hl=ru,https://www.youtube.com/watch?v=s9f7KIazAuM,"Видео «Антицеллюлитный массаж - Салоны красоты ""12 месяцев"" в СПб» содержит явную привязку к городу.",False,массаж и SPA СПб блогер,2026-08-23T13:24:51.923279+00:00
86541752e6527c3be73b,Самое время,youtube,https://www.youtube.com/@Samoe_vremya,Samoe_vremya,Санкт-Петербург,671,nano,manual_only,original_profile_opened,https://www.youtube.com/@Samoe_vremya,https://www.youtube.com/results?search_query=%D0%9D%D0%BE%D0%B2%D0%B0%D1%8F+%D0%93%D0%BE%D0%BB%D0%BB%D0%B0%D0%BD%D0%B4%D0%B8%D1%8F+%D0%A1%D0%B0%D0%BD%D0%BA%D1%82-%D0%9F%D0%B5%D1%82%D0%B5%D1%80%D0%B1%D1%83%D1%80%D0%B3+%D0%B1%D0%BB%D0%BE%D0%B3&hl=ru,https://www.youtube.com/watch?v=i7qRsU4bQJA,Видео «Санкт-Петербург. Новая Голландия» содержит явную привязку к городу.,False,Новая Голландия Санкт-Петербург блог,2026-08-23T13:24:45.706129+00:00
93386e850376a8b0a5c5,самолина,youtube,https://www.youtube.com/@sam8lina,sam8lina,Санкт-Петербург,13100,micro,manual_only,original_profile_opened,https://www.youtube.com/@sam8lina,https://www.youtube.com/results?search_query=%D0%92%D0%B0%D1%81%D0%B8%D0%BB%D0%B5%D0%BE%D1%81%D1%82%D1%80%D0%BE%D0%B2%D1%81%D0%BA%D0%B8%D0%B9+%D1%80%D0%B0%D0%B9%D0%BE%D0%BD+%D0%BA%D0%B0%D1%84%D0%B5+%D0%BE%D0%B1%D0%B7%D0%BE%D1%80&hl=ru,https://www.youtube.com/watch?v=xZRWGMS5h_U,Видео «где поесть в Петербурге | лучшие рестораны и кафе Питера» содержит явную привязку к городу.,False,Василеостровский район кафе обзор | Петроградский район кафе обзор | Петродворцовый район кафе обзор | Удельная куда сходить | кафе Санкт-Петербург обзор | лучшие кафе Петербург | лучшие кофейни Петербург,2026-08-23T13:24:30.916091+00:00
4a6ac2c74d1796f4340a,Самый Русский Европеец,youtube,https://www.youtube.com/@WestToEastQuest,WestToEastQuest,Санкт-Петербург,19200,micro,manual_only,original_profile_opened,https://www.youtube.com/@WestToEastQuest,https://www.youtube.com/results?search_query=%D0%9A%D1%83%D0%BF%D1%87%D0%B8%D0%BD%D0%BE+%D0%BA%D1%83%D0%B4%D0%B0+%D1%81%D1%85%D0%BE%D0%B4%D0%B8%D1%82%D1%8C&hl=ru,https://www.youtube.com/watch?v=W_R_oBBswx4,Видео «Иностранец в самом опасном районе Санкт-Петербурга» содержит явную привязку к городу.,False,Купчино куда сходить,2026-08-23T13:24:43.011900+00:00
1ed59ae02f594cf07b04,Санкт-Петербург,youtube,https://www.youtube.com/@%D0%A1%D0%B0%D0%BD%D0%BA%D1%82-%D0%9F%D0%B5%D1%82%D0%B5%D1%80%D0%B1%D1%83%D1%80%D0%B3,%D0%A1%D0%B0%D0%BD%D0%BA%D1%82-%D0%9F%D0%B5%D1%82%D0%B5%D1%80%D0%B1%D1%83%D1%80%D0%B3,Санкт-Петербург,401,nano,manual_only,original_profile_opened,https://www.youtube.com/@%D0%A1%D0%B0%D0%BD%D0%BA%D1%82-%D0%9F%D0%B5%D1%82%D0%B5%D1%80%D0%B1%D1%83%D1%80%D0%B3,https://www.youtube.com/results?search_query=%D0%A1%D0%9F%D0%B1+%D0%B0%D0%B2%D1%82%D0%BE%D1%80%D1%81%D0%BA%D0%B8%D0%B9+%D0%BA%D0%B0%D0%BD%D0%B0%D0%BB&hl=ru,https://www.youtube.com/watch?v=F1udn9VcVtE,Видео «Трейлер канала Санкт-Петербург. Автор канала и видео - Александр Травин арТзаЛ» содержит явную привязку к городу.,False,СПб авторский канал,2026-08-23T13:24:12.524320+00:00
98c3e200969ffba94b36,"Санкт-Петербург. История, прогулки, мифы и легенды",youtube,https://www.youtube.com/@slvspb,slvspb,Санкт-Петербург,198000,mid,manual_only,original_profile_opened,https://www.youtube.com/@slvspb,https://www.youtube.com/results?search_query=%D0%A4%D0%BE%D1%82%D0%BE%D0%B3%D1%80%D0%B0%D1%84+%D0%9A%D0%BE%D1%80%D0%BE%D0%B1%D0%B5%D0%B9%D0%BD%D0%B8%D0%BA%D0%BE%D0%B2%D0%B0+%D0%95%D0%B2%D0%B3%D0%B5%D0%BD%D0%B8%D1%8F+%D0%A1%D0%B0%D0%BD%D0%BA%D1%82-%D0%9F%D0%B5%D1%82%D0%B5%D1%80%D0%B1%D1%83%D1%80%D0%B3+%D0%BE%D0%B1%D0%B7%D0%BE%D1%80&hl=ru,https://www.youtube.com/watch?v=UJ7w8pVlsFQ,Видео «Такого вы не видели! Отправляемся в Кунсткамеру.» содержит явную привязку к городу.,True,Кронштадт Санкт-Петербург блог | Кронштадт обзор мест | Фотограф Коробейникова Евгения Санкт-Петербург обзор | музеи СПб блогер | музеи Санкт-Петербург обзор | экскурсии Санкт-Петербург обзор,2026-08-23T13:24:24.427911+00:00
989469312b62eb689ede,Саня Эбонит | Физика ЕГЭ | 100балльный репетитор,youtube,https://www.youtube.com/@ege_ebonit,ege_ebonit,Санкт-Петербург,191000,mid,manual_only,original_profile_opened,https://www.youtube.com/@ege_ebonit,https://www.youtube.com/results?search_query=%D0%BE%D0%B1%D1%80%D0%B0%D0%B7%D0%BE%D0%B2%D0%B0%D0%BD%D0%B8%D0%B5+%D0%A1%D0%B0%D0%BD%D0%BA%D1%82-%D0%9F%D0%B5%D1%82%D0%B5%D1%80%D0%B1%D1%83%D1%80%D0%B3+%D0%BE%D0%B1%D0%B7%D0%BE%D1%80&hl=ru,https://www.youtube.com/watch?v=xYoIdEIdrXY,Видео «Санкт-Петербург. ТОП-5 ВУЗОВ с низкими проходными баллами | Саня Эбонит» содержит явную привязку к городу.,False,лучшие образование Петербург | образование Санкт-Петербург обзор,2026-08-23T13:25:06.153181+00:00
edd8a3be4f048359d379,Саша Коновалова,youtube,https://www.youtube.com/@SashaKonovalova,SashaKonovalova,Санкт-Петербург,89200,micro,manual_only,original_profile_opened,https://www.youtube.com/@SashaKonovalova,https://www.youtube.com/results?search_query=%D0%9F%D0%B5%D1%82%D0%B5%D1%80%D0%B1%D1%83%D1%80%D0%B3+%D1%80%D0%B5%D0%BA%D0%BE%D0%BC%D0%B5%D0%BD%D0%B4%D0%B0%D1%86%D0%B8%D0%B8&hl=ru,https://www.youtube.com/watch?v=ntdAalchtkM,"Видео «САНКТ-ПЕТЕРБУРГ в первый раз: что посмотреть в Питере, где остановиться, полезные советы» содержит явную привязку к городу.",True,Dental Place Санкт-Петербург обзор | Happy City Санкт-Петербург обзор | Кронштадт Санкт-Петербург блог | Кронштадт кафе обзор | Кронштадт куда сходить | Кронштадт обзор мест | Кронштадт семейный обзор | Лахта куда сходить | Невский район куда сходить | Петербург рекомендации | Петербург что посмотреть | Петергоф семейный обзор | ПироШоу СПб Санкт-Петербург обзор | Проспект Просвещения куда сходить | Пушкин Санкт-Петербург блог | Пушкин куда сходить | СПб куда сходить | детские кружки Санкт-Петербург обзор | лучшие семейный досуг Петербург | лучшие туризм Петербург | семейный досуг СПб блогер | семейный досуг Санкт-Петербург обзор | туризм Санкт-Петербург обзор | экскурсии Санкт-Петербург обзор,2026-08-23T13:24:15.294420+00:00
bcf784d65d7f9e38befa,сашка!,youtube,https://www.youtube.com/@saskaaaaa,saskaaaaa,Санкт-Петербург,6220,nano,manual_only,original_profile_opened,https://www.youtube.com/@saskaaaaa,https://www.youtube.com/results?search_query=%D0%BB%D0%BE%D0%BA%D0%B0%D0%BB%D1%8C%D0%BD%D0%B0%D1%8F+%D0%BC%D0%BE%D0%B4%D0%B0+%D0%A1%D0%B0%D0%BD%D0%BA%D1%82-%D0%9F%D0%B5%D1%82%D0%B5%D1%80%D0%B1%D1%83%D1%80%D0%B3+%D0%BE%D0%B1%D0%B7%D0%BE%D1%80&hl=ru,https://www.youtube.com/watch?v=nThzcTXwvzc,Видео «нашел ЛУЧШИЕ секонд-хенды Петербурга (или как одеваться круто за копейки)» содержит явную привязку к городу.,False,локальная мода Санкт-Петербург обзор | лучшие винтаж Петербург | лучшие локальная мода Петербург | лучшие магазины одежды Петербург | магазины одежды Санкт-Петербург обзор,2026-08-23T13:24:58.011051+00:00
55f56cc9c073ea80c1ec,Сашкинс мир,youtube,https://www.youtube.com/@sashkoins,sashkoins,Санкт-Петербург,604,nano,manual_only,original_profile_opened,https://www.youtube.com/@sashkoins,https://www.youtube.com/results?search_query=%D0%9A%D1%80%D0%BE%D0%BD%D1%88%D1%82%D0%B0%D0%B4%D1%82+%D0%A1%D0%B0%D0%BD%D0%BA%D1%82-%D0%9F%D0%B5%D1%82%D0%B5%D1%80%D0%B1%D1%83%D1%80%D0%B3+%D0%B1%D0%BB%D0%BE%D0%B3&hl=ru,https://www.youtube.com/watch?v=CsEGjlAP3bA,"Видео «VLOG: г.Санкт-Петербург, Кронштадт, летний кемпинг и остальное» содержит явную привязку к городу.",False,Кронштадт Санкт-Петербург блог,2026-08-23T13:24:33.435048+00:00
a54204bc32e45a67b3f6,Светлана 1983,youtube,https://www.youtube.com/@Svetlana19-83,Svetlana19-83,Санкт-Петербург,18200,micro,manual_only,original_profile_opened,https://www.youtube.com/@Svetlana19-83,https://www.youtube.com/results?search_query=%D0%A7%D0%B5%D1%80%D0%BD%D0%B0%D1%8F+%D1%80%D0%B5%D1%87%D0%BA%D0%B0+%D0%A1%D0%B0%D0%BD%D0%BA%D1%82-%D0%9F%D0%B5%D1%82%D0%B5%D1%80%D0%B1%D1%83%D1%80%D0%B3+%D0%B1%D0%BB%D0%BE%D0%B3&hl=ru,https://www.youtube.com/watch?v=Y8p52_5Skc8,Видео «ВЛОГ Прогулка по Петербургу | Чёрная речка | Острова 16.07.18.» содержит явную привязку к городу.,False,Черная речка Санкт-Петербург блог,2026-08-23T13:24:48.322811+00:00
9dd78ee689a8f4d70eea,"Светлана Демьянова: квартиры,дома,апартаменты СПб",youtube,https://www.youtube.com/@Garmoniya_SD,Garmoniya_SD,Санкт-Петербург,59,nano,manual_only,original_profile_opened,https://www.youtube.com/@Garmoniya_SD,https://www.youtube.com/results?search_query=%D0%9A%D1%80%D0%B0%D1%81%D0%BD%D0%BE%D1%81%D0%B5%D0%BB%D1%8C%D1%81%D0%BA%D0%B8%D0%B9+%D1%80%D0%B0%D0%B9%D0%BE%D0%BD+%D0%BE%D0%B1%D0%B7%D0%BE%D1%80+%D0%BC%D0%B5%D1%81%D1%82&hl=ru,https://www.youtube.com/watch?v=Qayg_R-wnII,Видео «Красносельский район СПб: топ 10 фишек#квартираспб#переездвспб#купитьквартируспб#республикакоми#ржд » содержит явную привязку к городу.,False,Красносельский район Санкт-Петербург блог | Красносельский район куда сходить | Красносельский район обзор мест | Красносельский район семейный обзор,2026-08-23T13:24:33.006298+00:00
bb58d7b598a4937fa3f7,Свое Дело Плюс,youtube,https://www.youtube.com/@svoedeloplus,svoedeloplus,Санкт-Петербург,237,nano,manual_only,original_profile_opened,https://www.youtube.com/@svoedeloplus,https://www.youtube.com/results?search_query=%D0%BC%D0%B0%D0%BB%D1%8B%D0%B9+%D0%B1%D0%B8%D0%B7%D0%BD%D0%B5%D1%81+%D0%9F%D0%B8%D1%82%D0%B5%D1%80+shorts&hl=ru,https://www.youtube.com/watch?v=qX-4QOvlxW8,Видео «Малый бизнес Петербурга: оптимизация или ликвидация?» содержит явную привязку к городу.,False,лучшие малый бизнес Петербург | малый бизнес Питер shorts | малый бизнес Санкт-Петербург обзор,2026-08-23T13:25:06.856315+00:00
297ca21589e54163279c,Святослав Каргин,youtube,https://www.youtube.com/@skargin,skargin,Санкт-Петербург,857,nano,manual_only,original_profile_opened,https://www.youtube.com/@skargin,https://www.youtube.com/results?search_query=%D0%9F%D1%80%D0%B8%D0%BC%D0%BE%D1%80%D1%81%D0%BA%D0%B8%D0%B9+%D1%80%D0%B0%D0%B9%D0%BE%D0%BD+%D0%A1%D0%B0%D0%BD%D0%BA%D1%82-%D0%9F%D0%B5%D1%82%D0%B5%D1%80%D0%B1%D1%83%D1%80%D0%B3+%D0%B1%D0%BB%D0%BE%D0%B3&hl=ru,https://www.youtube.com/watch?v=QCl2ktjWH20,Видео «Влог из Питера. Как живут петербуржцы? Приморский район. Любимое место в Питере. Яхтенный мост.» содержит явную привязку к городу.,False,Приморский район Санкт-Петербург блог,2026-08-23T13:24:36.290159+00:00
505ad06e19cde0119fe8,Северная готика,youtube,https://www.youtube.com/@%D0%A1%D0%B5%D0%B2%D0%B5%D1%80%D0%BD%D0%B0%D1%8F%D0%B3%D0%BE%D1%82%D0%B8%D0%BA%D0%B0,%D0%A1%D0%B5%D0%B2%D0%B5%D1%80%D0%BD%D0%B0%D1%8F%D0%B3%D0%BE%D1%82%D0%B8%D0%BA%D0%B0,Санкт-Петербург,149,nano,manual_only,original_profile_opened,https://www.youtube.com/@%D0%A1%D0%B5%D0%B2%D0%B5%D1%80%D0%BD%D0%B0%D1%8F%D0%B3%D0%BE%D1%82%D0%B8%D0%BA%D0%B0,https://www.youtube.com/results?search_query=%D0%9A%D1%83%D0%BF%D1%87%D0%B8%D0%BD%D0%BE+%D1%81%D0%B5%D0%BC%D0%B5%D0%B9%D0%BD%D1%8B%D0%B9+%D0%BE%D0%B1%D0%B7%D0%BE%D1%80&hl=ru,https://www.youtube.com/watch?v=ejKB-nAhEe8,Видео «КУПЧИНО | 5 фактов про культовый район Петербурга  | страшилки и не только🤟» содержит явную привязку к городу.,False,Купчино куда сходить | Купчино семейный обзор | Новая Голландия Санкт-Петербург блог | Новая Голландия кафе обзор | Новая Голландия куда сходить | Новая Голландия обзор мест | Новая Голландия семейный обзор,2026-08-23T13:24:41.526959+00:00
be4b6ac6796b521c2f73,Семейные кадры,youtube,https://www.youtube.com/@Family_snapshots,Family_snapshots,Санкт-Петербург,5,nano,manual_only,original_profile_opened,https://www.youtube.com/@Family_snapshots,https://www.youtube.com/results?search_query=%D0%9D%D0%BE%D0%B2%D0%B0%D1%8F+%D0%93%D0%BE%D0%BB%D0%BB%D0%B0%D0%BD%D0%B4%D0%B8%D1%8F+%D0%A1%D0%B0%D0%BD%D0%BA%D1%82-%D0%9F%D0%B5%D1%82%D0%B5%D1%80%D0%B1%D1%83%D1%80%D0%B3+%D0%B1%D0%BB%D0%BE%D0%B3&hl=ru,https://www.youtube.com/watch?v=VjvWyNk5EHE,"Видео «Санкт Петербург: Новая Голландия, альпаки и прогулка на кораблике» содержит явную привязку к городу.",False,Новая Голландия Санкт-Петербург блог | Новая Голландия семейный обзор,2026-08-23T13:24:45.619869+00:00
0b5150dd0bcd61b952b9,СемейныеПутешествия,youtube,https://www.youtube.com/@RomanTravel39R,RomanTravel39R,Санкт-Петербург,10400,micro,manual_only,original_profile_opened,https://www.youtube.com/@RomanTravel39R,https://www.youtube.com/results?search_query=%D0%A1%D0%9F%D0%B1+%D1%81%D0%B5%D0%BC%D0%B5%D0%B9%D0%BD%D1%8B%D0%B9+%D0%B1%D0%BB%D0%BE%D0%B3&hl=ru,https://www.youtube.com/watch?v=GgZuoNYjT1E,Видео «Санкт-Петербург 2026 / Семейный влог / Покупка сувениров / Летняя прогулка» содержит явную привязку к городу.,False,СПб семейный блог,2026-08-23T13:24:13.737543+00:00
60d5a9855b2bc402d1ed,Семейный Тв,youtube,https://www.youtube.com/@%D0%A1%D0%B5%D0%BC%D0%B5%D0%B9%D0%BD%D1%8B%D0%B9_%D0%A2%D0%B2,%D0%A1%D0%B5%D0%BC%D0%B5%D0%B9%D0%BD%D1%8B%D0%B9_%D0%A2%D0%B2,Санкт-Петербург,13600,micro,manual_only,original_profile_opened,https://www.youtube.com/@%D0%A1%D0%B5%D0%BC%D0%B5%D0%B9%D0%BD%D1%8B%D0%B9_%D0%A2%D0%B2,https://www.youtube.com/results?search_query=%D0%A1%D0%9F%D0%B1+%D1%81%D0%B5%D0%BC%D0%B5%D0%B9%D0%BD%D1%8B%D0%B9+%D0%B1%D0%BB%D0%BE%D0%B3&hl=ru,https://www.youtube.com/watch?v=DERezWk0fCk,Видео «Санкт-Петербург Обзор жилья / Влог / Гуляем с подписчиком » содержит явную привязку к городу.,False,СПб семейный блог,2026-08-23T13:24:13.806422+00:00
51fa3e89e6e29866360f,Сергей Иванов,youtube,https://www.youtube.com/@foto4all,foto4all,Санкт-Петербург,25000,micro,manual_only,original_profile_opened,https://www.youtube.com/@foto4all,https://www.youtube.com/results?search_query=%D0%BB%D1%83%D1%87%D1%88%D0%B8%D0%B5+%D0%B3%D0%BE%D1%80%D0%BE%D0%B4%D1%81%D0%BA%D0%B8%D0%B5+%D0%BF%D1%80%D0%BE%D0%B3%D1%83%D0%BB%D0%BA%D0%B8+%D0%9F%D0%B5%D1%82%D0%B5%D1%80%D0%B1%D1%83%D1%80%D0%B3&hl=ru,https://www.youtube.com/watch?v=PPlTr2X5PWE,Видео «Прогулка по рекам и каналам Санкт-Петербурга» содержит явную привязку к городу.,False,лучшие городские прогулки Петербург,2026-08-23T13:25:02.633414+00:00
5726d93a3cc1f17f372c,Сергей Коротеев (миллионер на буханке),youtube,https://www.youtube.com/@SerjokKoroteev,SerjokKoroteev,Санкт-Петербург,24100,micro,manual_only,original_profile_opened,https://www.youtube.com/@SerjokKoroteev,https://www.youtube.com/results?search_query=%D0%9F%D0%B8%D1%82%D0%B5%D1%80+%D0%B1%D0%BB%D0%BE%D0%B3%D0%B5%D1%80&hl=ru,https://www.youtube.com/watch?v=gahGofVDtxU,Видео «Еду на Буханочке из Питера во Владивосток. Первая часть приключения.» содержит явную привязку к городу.,False,Питер блогер,2026-08-23T13:24:14.309203+00:00
1dfaf8e0c9ba0bd69f27,Сергей Лукьяненков,youtube,https://www.youtube.com/@sergeyluka,sergeyluka,Санкт-Петербург,224,nano,manual_only,original_profile_opened,https://www.youtube.com/@sergeyluka,https://www.youtube.com/results?search_query=%D0%9A%D0%B0%D0%BB%D0%B8%D0%BD%D0%B8%D0%BD%D1%81%D0%BA%D0%B8%D0%B9+%D1%80%D0%B0%D0%B9%D0%BE%D0%BD+%D0%BE%D0%B1%D0%B7%D0%BE%D1%80+%D0%BC%D0%B5%D1%81%D1%82&hl=ru,https://www.youtube.com/watch?v=15ifvtmiQWs,Видео «Калининский район Санкт-Петербурга. Время эффективный решений» содержит явную привязку к городу.,False,Калининский район Санкт-Петербург блог | Калининский район обзор мест,2026-08-23T13:24:28.000101+00:00
b66ff8fe09d55c70784f,Сердце Союза,youtube,https://www.youtube.com/@%D0%A1%D0%B5%D1%80%D0%B4%D1%86%D0%B5%D0%A1%D0%BE%D1%8E%D0%B7%D0%B0,%D0%A1%D0%B5%D1%80%D0%B4%D1%86%D0%B5%D0%A1%D0%BE%D1%8E%D0%B7%D0%B0,Санкт-Петербург,9620,nano,manual_only,original_profile_opened,https://www.youtube.com/@%D0%A1%D0%B5%D1%80%D0%B4%D1%86%D0%B5%D0%A1%D0%BE%D1%8E%D0%B7%D0%B0,https://www.youtube.com/results?search_query=%D0%9F%D0%B8%D1%82%D0%B5%D1%80+%D0%BB%D0%BE%D0%BA%D0%B0%D0%BB%D1%8C%D0%BD%D1%8B%D0%B9+%D0%B0%D0%B2%D1%82%D0%BE%D1%80&hl=ru,https://www.youtube.com/watch?v=J7XeZsqUqG0,Видео «Вот Что Было На Месте Петербурга 1000 Лет Назад... Вы Удивитесь!» содержит явную привязку к городу.,False,Питер локальный автор,2026-08-23T13:24:14.106667+00:00
b97438d2f1b0c87e7f9e,Сеть медицинских центров MedSwiss,youtube,https://www.youtube.com/@MedSwissSpb,MedSwissSpb,Санкт-Петербург,429,nano,manual_only,original_profile_opened,https://www.youtube.com/@MedSwissSpb,https://www.youtube.com/results?search_query=MedSwiss+%D0%A1%D0%B0%D0%BD%D0%BA%D1%82-%D0%9F%D0%B5%D1%82%D0%B5%D1%80%D0%B1%D1%83%D1%80%D0%B3+%D0%BE%D0%B1%D0%B7%D0%BE%D1%80&hl=ru,https://www.youtube.com/watch?v=pfLYoOr8qyc,Видео «Отзыв о медцентре MedSwiss и пластическом хирурге Маркине Михаиле Александровиче» содержит явную привязку к городу.,True,MedSwiss Санкт-Петербург обзор,2026-08-23T13:24:17.169293+00:00
119628cbd855c4fa651b,СИБИРСКИЙ ОБОЗРЕВАТЕЛЬ,youtube,https://www.youtube.com/@%D0%A1%D0%98%D0%91%D0%98%D0%A0%D0%A1%D0%9A%D0%98%D0%99%D0%9E%D0%91%D0%9E%D0%97%D0%A0%D0%95%D0%92%D0%90%D0%A2%D0%95%D0%9B%D0%AC,%D0%A1%D0%98%D0%91%D0%98%D0%A0%D0%A1%D0%9A%D0%98%D0%99%D0%9E%D0%91%D0%9E%D0%97%D0%A0%D0%95%D0%92%D0%90%D0%A2%D0%95%D0%9B%D0%AC,Санкт-Петербург,7,nano,manual_only,original_profile_opened,https://www.youtube.com/@%D0%A1%D0%98%D0%91%D0%98%D0%A0%D0%A1%D0%9A%D0%98%D0%99%D0%9E%D0%91%D0%9E%D0%97%D0%A0%D0%95%D0%92%D0%90%D0%A2%D0%95%D0%9B%D0%AC,https://www.youtube.com/results?search_query=%D0%90%D0%B4%D0%BC%D0%B8%D1%80%D0%B0%D0%BB%D1%82%D0%B5%D0%B9%D1%81%D0%BA%D0%B8%D0%B9+%D1%80%D0%B0%D0%B9%D0%BE%D0%BD+%D0%A1%D0%B0%D0%BD%D0%BA%D1%82-%D0%9F%D0%B5%D1%82%D0%B5%D1%80%D0%B1%D1%83%D1%80%D0%B3+%D0%B1%D0%BB%D0%BE%D0%B3&hl=ru,https://www.youtube.com/watch?v=1JvVVzyXuK4,"Видео «СПб: Презентационный ролик, Адмиралтейский район. 2021.» содержит явную привязку к городу.",False,Адмиралтейский район Санкт-Петербург блог,2026-08-23T13:24:25.697951+00:00
891fc53befea78496e0d,"СК МК групп строим дома, агентство недвижимости",youtube,https://www.youtube.com/@mmv-realtor,mmv-realtor,Санкт-Петербург,405,nano,manual_only,original_profile_opened,https://www.youtube.com/@mmv-realtor,https://www.youtube.com/results?search_query=%D0%A2%D0%BE%D0%BA%D0%B8%D0%BE+%D0%B6%D0%B8%D0%BB%D0%BE%D0%B9+%D0%BA%D0%BE%D0%BC%D0%BF%D0%BB%D0%B5%D0%BA%D1%81+%D0%A1%D0%B0%D0%BD%D0%BA%D1%82-%D0%9F%D0%B5%D1%82%D0%B5%D1%80%D0%B1%D1%83%D1%80%D0%B3+%D0%BE%D0%B1%D0%B7%D0%BE%D1%80&hl=ru,https://www.youtube.com/watch?v=hqAFUD5xv9M,Видео «Обзор Квартира в Приморском районе Мебельная ул. жк Токио» содержит явную привязку к городу.,True,Токио жилой комплекс Санкт-Петербург обзор,2026-08-23T13:24:24.214386+00:00
635b188da2635d884943,СлепченКО,youtube,https://www.youtube.com/@slepchenko,slepchenko,Санкт-Петербург,529,nano,manual_only,original_profile_opened,https://www.youtube.com/@slepchenko,https://www.youtube.com/results?search_query=%D0%BB%D1%83%D1%87%D1%88%D0%B8%D0%B5+%D0%BA%D0%BE%D0%BD%D0%B4%D0%B8%D1%82%D0%B5%D1%80%D1%81%D0%BA%D0%B8%D0%B5+%D0%9F%D0%B5%D1%82%D0%B5%D1%80%D0%B1%D1%83%D1%80%D0%B3&hl=ru,https://www.youtube.com/watch?v=Mkkb9ZTpHwM,Видео «Топ-5 сетевых пекарен в Питере / Которые обязательно стоит посетить  #питер#пекарни#кудасходить» содержит явную привязку к городу.,False,лучшие кондитерские Петербург,2026-08-23T13:24:50.442489+00:00
0e1a5875a04538df090c,Смогус магазин кальянов,youtube,https://www.youtube.com/@%D0%A1%D0%BC%D0%BE%D0%B3%D1%83%D1%81%D0%BC%D0%B0%D0%B3%D0%B0%D0%B7%D0%B8%D0%BD%D0%BA%D0%B0%D0%BB%D1%8C%D1%8F%D0%BD%D0%BE%D0%B2,%D0%A1%D0%BC%D0%BE%D0%B3%D1%83%D1%81%D0%BC%D0%B0%D0%B3%D0%B0%D0%B7%D0%B8%D0%BD%D0%BA%D0%B0%D0%BB%D1%8C%D1%8F%D0%BD%D0%BE%D0%B2,Санкт-Петербург,4,nano,manual_only,original_profile_opened,https://www.youtube.com/@%D0%A1%D0%BC%D0%BE%D0%B3%D1%83%D1%81%D0%BC%D0%B0%D0%B3%D0%B0%D0%B7%D0%B8%D0%BD%D0%BA%D0%B0%D0%BB%D1%8C%D1%8F%D0%BD%D0%BE%D0%B2,https://www.youtube.com/results?search_query=%D0%A2%D0%A0%D0%9A+%D0%90%D1%82%D0%BC%D0%BE%D1%81%D1%84%D0%B5%D1%80%D0%B0+%D0%A1%D0%B0%D0%BD%D0%BA%D1%82-%D0%9F%D0%B5%D1%82%D0%B5%D1%80%D0%B1%D1%83%D1%80%D0%B3+%D0%BE%D0%B1%D0%B7%D0%BE%D1%80&hl=ru,https://www.youtube.com/watch?v=k0E-AoLZgTo,"Видео «Как найти магазин Смогус в ТРК ""Атмосфера"" (м. Комендантский пр.) в СПб» содержит явную привязку к городу.",True,ТРК Атмосфера Санкт-Петербург обзор,2026-08-23T13:24:17.360541+00:00
59f3612bb2e0fb0dd273,СМОТРИДОМ.РФ - Санкт-Петербург.,youtube,https://www.youtube.com/@smotridom_spb,smotridom_spb,Санкт-Петербург,199,nano,manual_only,original_profile_opened,https://www.youtube.com/@smotridom_spb,https://www.youtube.com/results?search_query=%D0%90%D0%B4%D0%BC%D0%B8%D1%80%D0%B0%D0%BB%D1%82%D0%B5%D0%B9%D1%81%D0%BA%D0%B8%D0%B9+%D1%80%D0%B0%D0%B9%D0%BE%D0%BD+%D0%A1%D0%B0%D0%BD%D0%BA%D1%82-%D0%9F%D0%B5%D1%82%D0%B5%D1%80%D0%B1%D1%83%D1%80%D0%B3+%D0%B1%D0%BB%D0%BE%D0%B3&hl=ru,https://www.youtube.com/watch?v=ivJRTojUiBA,"Видео «СМОТРИДОМ.РФ, Санкт-Петербург, улица Союза Печатников, дом 25А, Адмиралтейский район.» содержит явную привязку к городу.",False,Адмиралтейский район Санкт-Петербург блог,2026-08-23T13:24:25.593608+00:00
aa8de42577fbb64b8c74,Со мной по Питеру,youtube,https://www.youtube.com/@Somnoypopiteru,Somnoypopiteru,Санкт-Петербург,728,nano,manual_only,original_profile_opened,https://www.youtube.com/@Somnoypopiteru,https://www.youtube.com/results?search_query=%D0%9F%D0%B5%D1%82%D1%80%D0%BE%D0%B3%D1%80%D0%B0%D0%B4%D1%81%D0%BA%D0%B8%D0%B9+%D1%80%D0%B0%D0%B9%D0%BE%D0%BD+%D0%A1%D0%B0%D0%BD%D0%BA%D1%82-%D0%9F%D0%B5%D1%82%D0%B5%D1%80%D0%B1%D1%83%D1%80%D0%B3+%D0%B1%D0%BB%D0%BE%D0%B3&hl=ru,https://www.youtube.com/watch?v=_zUhnnwfoM8,Видео «Петербург начало. Петроградская сторона.» содержит явную привязку к городу.,False,Петроградка Санкт-Петербург блог | Петроградка обзор мест | Петроградский район Санкт-Петербург блог | Петроградский район куда сходить,2026-08-23T13:24:35.107281+00:00
1256256b45d5ac9a9179,Соня ближе,youtube,https://www.youtube.com/@sonya_reads,sonya_reads,Санкт-Петербург,35700,micro,manual_only,original_profile_opened,https://www.youtube.com/@sonya_reads,https://www.youtube.com/results?search_query=%D0%A1%D0%9F%D0%B1+%D0%BD%D0%BE%D0%B2%D1%8B%D0%B5+%D0%BC%D0%B5%D1%81%D1%82%D0%B0&hl=ru,https://www.youtube.com/watch?v=S8TYAOLhflw,"Видео «СЕКРЕТНЫЙ ГИД ПО ПИТЕРУ: 20 мест, которые вы НЕ знали 😱 бары, завтраки, необычные локации» содержит явную привязку к городу.",False,Питер необычные места | СПб новые места | лучшие книжные магазины Петербург,2026-08-23T13:24:15.335115+00:00
95740bc738bb54e7deb7,Соня Знает,youtube,https://www.youtube.com/@sonya_znaet,sonya_znaet,Санкт-Петербург,573,nano,manual_only,original_profile_opened,https://www.youtube.com/@sonya_znaet,https://www.youtube.com/results?search_query=%D0%9A%D1%83%D1%80%D0%BE%D1%80%D1%82%D0%BD%D1%8B%D0%B9+%D1%80%D0%B0%D0%B9%D0%BE%D0%BD+%D0%BA%D1%83%D0%B4%D0%B0+%D1%81%D1%85%D0%BE%D0%B4%D0%B8%D1%82%D1%8C&hl=ru,https://www.youtube.com/watch?v=Hbz1wb81Frs,Видео «Где лучший пляж Петербурга? | Соня Знает куда сходить» содержит явную привязку к городу.,False,Курортный район куда сходить,2026-08-23T13:24:34.841588+00:00
6330f79bf6fdd1cdc818,Соня Плотицина,youtube,https://www.youtube.com/@p.sofaaaaa,p.sofaaaaa,Санкт-Петербург,37,nano,manual_only,original_profile_opened,https://www.youtube.com/@p.sofaaaaa,https://www.youtube.com/results?search_query=%D0%9F%D0%B5%D1%82%D0%B5%D1%80%D0%B3%D0%BE%D1%84+%D0%A1%D0%B0%D0%BD%D0%BA%D1%82-%D0%9F%D0%B5%D1%82%D0%B5%D1%80%D0%B1%D1%83%D1%80%D0%B3+%D0%B1%D0%BB%D0%BE%D0%B3&hl=ru,https://www.youtube.com/watch?v=uNsd2-tkeZ8,Видео «Влог САНКТ-ПЕТЕРБУРГ✨Наше путешествие с парнем» содержит явную привязку к городу.,False,Петергоф Санкт-Петербург блог,2026-08-23T13:24:44.067092+00:00
5faa55c59c50c6be08a2,Софи на связи!,youtube,https://www.youtube.com/@sofee_na_svyazi,sofee_na_svyazi,Санкт-Петербург,8100,nano,manual_only,original_profile_opened,https://www.youtube.com/@sofee_na_svyazi,https://www.youtube.com/results?search_query=%D0%B4%D0%B5%D1%82%D1%81%D0%BA%D0%B8%D0%B5+%D0%BA%D1%80%D1%83%D0%B6%D0%BA%D0%B8+%D0%A1%D0%B0%D0%BD%D0%BA%D1%82-%D0%9F%D0%B5%D1%82%D0%B5%D1%80%D0%B1%D1%83%D1%80%D0%B3+%D0%BE%D0%B1%D0%B7%D0%BE%D1%80&hl=ru,https://www.youtube.com/watch?v=AW2CyVQU91M,Видео «куда сходить с ребенком САНКТ-ПЕТЕРБУРГ рестораны» содержит явную привязку к городу.,False,детские кружки Санкт-Петербург обзор,2026-08-23T13:24:54.330176+00:00
c23a146473fdaec9c89c,Стихи по - чёрному,youtube,https://www.youtube.com/@stihipochernomu,stihipochernomu,Санкт-Петербург,609,nano,manual_only,original_profile_opened,https://www.youtube.com/@stihipochernomu,https://www.youtube.com/results?search_query=%D1%84%D0%BE%D1%82%D0%BE%D0%B3%D1%80%D0%B0%D1%84%D1%8B+%D0%A1%D0%B0%D0%BD%D0%BA%D1%82-%D0%9F%D0%B5%D1%82%D0%B5%D1%80%D0%B1%D1%83%D1%80%D0%B3+%D0%BE%D0%B1%D0%B7%D0%BE%D1%80&hl=ru,https://www.youtube.com/watch?v=KA487GOawjc,Видео «Санкт-Петербург достопримечательности фото обзор экскурсия по городу Лучшие места красотавстихах.» содержит явную привязку к городу.,False,фотографы Санкт-Петербург обзор,2026-08-23T13:25:02.891648+00:00
47bf33d678b6a2c94d53,Стоит посмотреть,youtube,https://www.youtube.com/@valeriyvasilyev1883,valeriyvasilyev1883,Санкт-Петербург,345,nano,manual_only,original_profile_opened,https://www.youtube.com/@valeriyvasilyev1883,https://www.youtube.com/results?search_query=%D0%9A%D1%80%D0%B0%D1%81%D0%BD%D0%BE%D1%81%D0%B5%D0%BB%D1%8C%D1%81%D0%BA%D0%B8%D0%B9+%D1%80%D0%B0%D0%B9%D0%BE%D0%BD+%D0%BE%D0%B1%D0%B7%D0%BE%D1%80+%D0%BC%D0%B5%D1%81%D1%82&hl=ru,https://www.youtube.com/watch?v=6-wXBfGWF6I,Видео «Красносельский район. Санкт-Петербург.» содержит явную привязку к городу.,False,Красносельский район куда сходить | Красносельский район обзор мест,2026-08-23T13:24:33.158274+00:00
903d6368ee564d5a8996,"Стоматология ""Все Свои""",youtube,https://www.youtube.com/@VsesvoiRu-Stomatologiya,VsesvoiRu-Stomatologiya,Санкт-Петербург,1730,nano,manual_only,original_profile_opened,https://www.youtube.com/@VsesvoiRu-Stomatologiya,https://www.youtube.com/results?search_query=%D0%92%D1%81%D0%B5+%D1%81%D0%B2%D0%BE%D0%B8+%D1%81%D1%82%D0%BE%D0%BC%D0%B0%D1%82%D0%BE%D0%BB%D0%BE%D0%B3%D0%B8%D1%8F+%D0%A1%D0%B0%D0%BD%D0%BA%D1%82-%D0%9F%D0%B5%D1%82%D0%B5%D1%80%D0%B1%D1%83%D1%80%D0%B3+%D0%BE%D0%B1%D0%B7%D0%BE%D1%80&hl=ru,https://www.youtube.com/watch?v=Gt2tAT9Gx3g,Видео «Стоматология «Все свои!» на Лиговском проспекте» содержит явную привязку к городу.,True,Все свои стоматология Санкт-Петербург обзор,2026-08-23T13:24:24.431588+00:00
4f979c72d54832dcad60,Стоматология GRANDMED,youtube,https://www.youtube.com/@grandmed512,grandmed512,Санкт-Петербург,746,nano,manual_only,original_profile_opened,https://www.youtube.com/@grandmed512,https://www.youtube.com/results?search_query=%D1%81%D1%82%D0%BE%D0%BC%D0%B0%D1%82%D0%BE%D0%BB%D0%BE%D0%B3%D0%B8%D0%B8+%D0%A1%D0%B0%D0%BD%D0%BA%D1%82-%D0%9F%D0%B5%D1%82%D0%B5%D1%80%D0%B1%D1%83%D1%80%D0%B3+%D0%BE%D0%B1%D0%B7%D0%BE%D1%80&hl=ru,https://www.youtube.com/watch?v=kHnd1oiUBPk,"Видео «Лучшие стоматологи  Санкт-Петербурга. Рекомендации ""звезд"".» содержит явную привязку к городу.",False,лучшие ветклиники Петербург | лучшие стоматологии Петербург | стоматологии Санкт-Петербург обзор,2026-08-23T13:24:52.911722+00:00
a83e2e6beacdc9188228,Стоматология Ликс Дент | Санкт-Петербург,youtube,https://www.youtube.com/@liks_dent,liks_dent,Санкт-Петербург,12300,micro,manual_only,original_profile_opened,https://www.youtube.com/@liks_dent,https://www.youtube.com/results?search_query=%D1%81%D1%82%D0%BE%D0%BC%D0%B0%D1%82%D0%BE%D0%BB%D0%BE%D0%B3%D0%B8%D0%B8+%D0%A1%D0%B0%D0%BD%D0%BA%D1%82-%D0%9F%D0%B5%D1%82%D0%B5%D1%80%D0%B1%D1%83%D1%80%D0%B3+%D0%BE%D0%B1%D0%B7%D0%BE%D1%80&hl=ru,https://www.youtube.com/watch?v=X87xEbm9wOU,Видео «Подписывайся! Запись к стоматологу в СПБ - клиника Ликс Дент🧡 #стоматолог #брекеты #стоматология» содержит явную привязку к городу.,False,стоматологии Санкт-Петербург обзор,2026-08-23T13:24:52.921749+00:00
bb415906a1f3d62985b6,СтройНяша,youtube,https://www.youtube.com/@%D0%A1%D1%82%D1%80%D0%BE%D0%B9%D0%9D%D1%8F%D1%88%D0%B0,%D0%A1%D1%82%D1%80%D0%BE%D0%B9%D0%9D%D1%8F%D1%88%D0%B0,Санкт-Петербург,2940,nano,manual_only,original_profile_opened,https://www.youtube.com/@%D0%A1%D1%82%D1%80%D0%BE%D0%B9%D0%9D%D1%8F%D1%88%D0%B0,https://www.youtube.com/results?search_query=%D0%92%D0%B0%D1%81%D0%B8%D0%BB%D0%B5%D0%BE%D1%81%D1%82%D1%80%D0%BE%D0%B2%D1%81%D0%BA%D0%B8%D0%B9+%D1%80%D0%B0%D0%B9%D0%BE%D0%BD+%D0%BE%D0%B1%D0%B7%D0%BE%D1%80+%D0%BC%D0%B5%D1%81%D1%82&hl=ru,https://www.youtube.com/watch?v=IPN7c921o4Y,Видео «Василеостровский район. Что есть на островах? Районы - Кварталы» содержит явную привязку к городу.,False,Василеостровский район куда сходить | Василеостровский район обзор мест | Василеостровский район семейный обзор | Выборгский район Санкт-Петербург блог | Выборгский район куда сходить | Выборгский район обзор мест | Выборгский район семейный обзор | Кировский район Санкт-Петербург блог | Кировский район кафе обзор | Кировский район куда сходить | Кировский район обзор мест | Кировский район семейный обзор | Купчино семейный обзор | Петроградский район куда сходить | Приморский район Санкт-Петербург блог | Приморский район обзор мест | Приморский район семейный обзор | Фрунзенский район обзор мест | Центральный район куда сходить,2026-08-23T13:24:26.102454+00:00
b345c2066e647e7f6038,строящиеся квартиры в Санкт-Петербурге,youtube,https://www.youtube.com/@spbanmir,spbanmir,Санкт-Петербург,122,nano,manual_only,original_profile_opened,https://www.youtube.com/@spbanmir,https://www.youtube.com/results?search_query=%D0%94%D0%BE%D0%BC+%D1%81+%D0%BA%D1%83%D1%80%D0%B0%D0%BD%D1%82%D0%B0%D0%BC%D0%B8+%D0%A1%D0%B0%D0%BD%D0%BA%D1%82-%D0%9F%D0%B5%D1%82%D0%B5%D1%80%D0%B1%D1%83%D1%80%D0%B3+%D0%BE%D0%B1%D0%B7%D0%BE%D1%80&hl=ru,https://www.youtube.com/watch?v=nlm6wSB4a54,Видео «ЖК «Дом с курантами»» содержит явную привязку к городу.,True,Дом с курантами Санкт-Петербург обзор,2026-08-23T13:24:25.483343+00:00
528afc633353a27d19d4,Студия ТАК,youtube,https://www.youtube.com/@%D0%A1%D1%82%D1%83%D0%B4%D0%B8%D1%8F%D0%A2%D0%90%D0%9A,%D0%A1%D1%82%D1%83%D0%B4%D0%B8%D1%8F%D0%A2%D0%90%D0%9A,Санкт-Петербург,89,nano,manual_only,original_profile_opened,https://www.youtube.com/@%D0%A1%D1%82%D1%83%D0%B4%D0%B8%D1%8F%D0%A2%D0%90%D0%9A,https://www.youtube.com/results?search_query=%D0%9A%D0%BE%D0%BB%D0%BF%D0%B8%D0%BD%D1%81%D0%BA%D0%B8%D0%B9+%D1%80%D0%B0%D0%B9%D0%BE%D0%BD+%D1%81%D0%B5%D0%BC%D0%B5%D0%B9%D0%BD%D1%8B%D0%B9+%D0%BE%D0%B1%D0%B7%D0%BE%D1%80&hl=ru,https://www.youtube.com/watch?v=C6qxnrhuvWw,Видео «Петербургский дневник — Выпуск от 15 11 2016 — Колпинский район» содержит явную привязку к городу.,False,Колпинский район Санкт-Петербург блог | Колпинский район семейный обзор,2026-08-23T13:24:31.967645+00:00
03c39dd4fd65a2818052,Супергиды,youtube,https://www.youtube.com/@s-guides,s-guides,Санкт-Петербург,80,nano,manual_only,original_profile_opened,https://www.youtube.com/@s-guides,https://www.youtube.com/results?search_query=%D1%8D%D0%BA%D1%81%D0%BA%D1%83%D1%80%D1%81%D0%B8%D0%B8+%D0%A1%D0%9F%D0%B1+%D0%B1%D0%BB%D0%BE%D0%B3%D0%B5%D1%80&hl=ru,https://www.youtube.com/watch?v=YSKvLNMEh5w,Видео «Как ВЫБРАТЬ ЭКСКУРСИЮ по Петербургу?! (Какие экскурсии проводят в Питере...)» содержит явную привязку к городу.,False,лучшие экскурсии Петербург | экскурсии СПб блогер | экскурсии Санкт-Петербург обзор,2026-08-23T13:25:02.736920+00:00
70cb41bb8208e42ca34e,Сходи Посмотри,youtube,https://www.youtube.com/@shodiposmotri,shodiposmotri,Санкт-Петербург,2170,nano,manual_only,original_profile_opened,https://www.youtube.com/@shodiposmotri,https://www.youtube.com/results?search_query=%D0%A3%D0%B4%D0%B5%D0%BB%D1%8C%D0%BD%D0%B0%D1%8F+%D0%A1%D0%B0%D0%BD%D0%BA%D1%82-%D0%9F%D0%B5%D1%82%D0%B5%D1%80%D0%B1%D1%83%D1%80%D0%B3+%D0%B1%D0%BB%D0%BE%D0%B3&hl=ru,https://www.youtube.com/watch?v=ktY1y5XydD4,Видео «Удельный рынок / Барахолка Уделка Санкт-Петербург | Сходи Посмотри на блошиный рынок СПб» содержит явную привязку к городу.,False,Удельная Санкт-Петербург блог | музеи Санкт-Петербург обзор,2026-08-23T13:24:49.945475+00:00
b23a0b1e0543ffa68793,Сюрпризы жизни SL,youtube,https://www.youtube.com/@Surprises_Life,Surprises_Life,Санкт-Петербург,1160,nano,manual_only,original_profile_opened,https://www.youtube.com/@Surprises_Life,https://www.youtube.com/results?search_query=%D0%9A%D1%83%D0%BF%D1%87%D0%B8%D0%BD%D0%BE+%D0%BA%D1%83%D0%B4%D0%B0+%D1%81%D1%85%D0%BE%D0%B4%D0%B8%D1%82%D1%8C&hl=ru,https://www.youtube.com/watch?v=NepoYOy8DWs,"Видео «У метро Купчино, Санкт-Петербург. Немного пустынно и страшно» содержит явную привязку к городу.",False,Купчино куда сходить,2026-08-23T13:24:42.745670+00:00
ac5054a38d60a94f0422,Таисия Кривенцева,youtube,https://www.youtube.com/@taisia_kriventseva,taisia_kriventseva,Санкт-Петербург,356,nano,manual_only,original_profile_opened,https://www.youtube.com/@taisia_kriventseva,https://www.youtube.com/results?search_query=%D0%BB%D1%83%D1%87%D1%88%D0%B8%D0%B5+%D0%BC%D0%B0%D1%81%D1%81%D0%B0%D0%B6+%D0%B8+SPA+%D0%9F%D0%B5%D1%82%D0%B5%D1%80%D0%B1%D1%83%D1%80%D0%B3&hl=ru,https://www.youtube.com/watch?v=ciGcSatbOdg,Видео «Самый любимый спа салон с Тайским массажем в Санкт-Петербурге Thai Star» содержит явную привязку к городу.,False,лучшие массаж и SPA Петербург,2026-08-23T13:24:52.225525+00:00
46abbb28a6c94ae2ff02,Тарас Копко,youtube,https://www.youtube.com/@taraskopko,taraskopko,Санкт-Петербург,269,nano,manual_only,original_profile_opened,https://www.youtube.com/@taraskopko,https://www.youtube.com/results?search_query=%D0%9F%D1%83%D1%88%D0%BA%D0%B8%D0%BD+%D0%A1%D0%B0%D0%BD%D0%BA%D1%82-%D0%9F%D0%B5%D1%82%D0%B5%D1%80%D0%B1%D1%83%D1%80%D0%B3+%D0%B1%D0%BB%D0%BE%D0%B3&hl=ru,https://www.youtube.com/watch?v=CRdL8ggWCik,"Видео «Пушкин, дети, Петербург // Влог из Санкт-Петербурга // День 4» содержит явную привязку к городу.",False,Пушкин Санкт-Петербург блог,2026-08-23T13:24:44.493192+00:00
de6223dc553c2a57db71,Таткино болото,youtube,https://www.youtube.com/@callme_sato,callme_sato,Санкт-Петербург,325,nano,manual_only,original_profile_opened,https://www.youtube.com/@callme_sato,https://www.youtube.com/results?search_query=%D0%B4%D0%BE%D0%BC%D0%B0%D1%88%D0%BD%D0%B8%D0%B5+%D0%B6%D0%B8%D0%B2%D0%BE%D1%82%D0%BD%D1%8B%D0%B5+%D0%A1%D0%B0%D0%BD%D0%BA%D1%82-%D0%9F%D0%B5%D1%82%D0%B5%D1%80%D0%B1%D1%83%D1%80%D0%B3+%D0%BE%D0%B1%D0%B7%D0%BE%D1%80&hl=ru,https://www.youtube.com/watch?v=UOU037wkfIU,Видео «ЗООШОУ: от кошечек и собачек до змей и грызунов [Натуральный обзор]» содержит явную привязку к городу.,False,домашние животные Санкт-Петербург обзор,2026-08-23T13:25:03.127076+00:00
d70b21ea3f5a6d122030,Татьяна Крымская,youtube,https://www.youtube.com/@tanya_krim,tanya_krim,Санкт-Петербург,71400,micro,manual_only,original_profile_opened,https://www.youtube.com/@tanya_krim,https://www.youtube.com/results?search_query=%D0%9A%D1%80%D0%BE%D0%BD%D1%88%D1%82%D0%B0%D0%B4%D1%82+%D0%BA%D1%83%D0%B4%D0%B0+%D1%81%D1%85%D0%BE%D0%B4%D0%B8%D1%82%D1%8C&hl=ru,https://www.youtube.com/watch?v=ogteRHgliD4,Видео «Кронштадт 2021: Остров фортов России. Первое впечатление. Чем УДИВИЛ город? Путешествия по России.» содержит явную привязку к городу.,False,Кронштадт куда сходить,2026-08-23T13:24:33.506086+00:00
1f8b6b4f2e011046ac4f,Татьяна Куразова,youtube,https://www.youtube.com/@tankurazova,tankurazova,Санкт-Петербург,789,nano,manual_only,original_profile_opened,https://www.youtube.com/@tankurazova,https://www.youtube.com/results?search_query=%D0%A0%D0%BE%D0%B1%D0%B1%D0%BE+%D0%9A%D0%BB%D1%83%D0%B1+%D0%A1%D0%B0%D0%BD%D0%BA%D1%82-%D0%9F%D0%B5%D1%82%D0%B5%D1%80%D0%B1%D1%83%D1%80%D0%B3+%D0%BE%D0%B1%D0%B7%D0%BE%D1%80&hl=ru,https://www.youtube.com/watch?v=4zPmMj__FTw,"Видео «Клуб Робототехника, создание роботов, Санкт-Петербург.» содержит явную привязку к городу.",True,Роббо Клуб Санкт-Петербург обзор,2026-08-23T13:24:20.400863+00:00
2cb6dbc003cba87c0a25,Творческая видеомастерская СадКо,youtube,https://www.youtube.com/@Telespb,Telespb,Санкт-Петербург,1700,nano,manual_only,original_profile_opened,https://www.youtube.com/@Telespb,https://www.youtube.com/results?search_query=%D0%A1%D0%B5%D1%81%D1%82%D1%80%D0%BE%D1%80%D0%B5%D1%86%D0%BA+%D1%81%D0%B5%D0%BC%D0%B5%D0%B9%D0%BD%D1%8B%D0%B9+%D0%BE%D0%B1%D0%B7%D0%BE%D1%80&hl=ru,https://www.youtube.com/watch?v=qMUhmJIUCIQ,"Видео «Неизведанный Петербург ""Курортный Сестрорецк""» содержит явную привязку к городу.",False,Сестрорецк куда сходить | Сестрорецк обзор мест | Сестрорецк семейный обзор,2026-08-23T13:24:44.059069+00:00
7d59b33611a1c5690ec8,"Творческое объединение ""ВИВАТ""",youtube,https://www.youtube.com/@%D0%A2%D0%B2%D0%BE%D1%80%D1%87%D0%B5%D1%81%D0%BA%D0%BE%D0%B5%D0%BE%D0%B1%D1%8A%D0%B5%D0%B4%D0%B8%D0%BD%D0%B5%D0%BD%D0%B8%D0%B5%D0%92%D0%98%D0%92%D0%90%D0%A2,%D0%A2%D0%B2%D0%BE%D1%80%D1%87%D0%B5%D1%81%D0%BA%D0%BE%D0%B5%D0%BE%D0%B1%D1%8A%D0%B5%D0%B4%D0%B8%D0%BD%D0%B5%D0%BD%D0%B8%D0%B5%D0%92%D0%98%D0%92%D0%90%D0%A2,Санкт-Петербург,6,nano,manual_only,original_profile_opened,https://www.youtube.com/@%D0%A2%D0%B2%D0%BE%D1%80%D1%87%D0%B5%D1%81%D0%BA%D0%BE%D0%B5%D0%BE%D0%B1%D1%8A%D0%B5%D0%B4%D0%B8%D0%BD%D0%B5%D0%BD%D0%B8%D0%B5%D0%92%D0%98%D0%92%D0%90%D0%A2,https://www.youtube.com/results?search_query=%D0%BB%D1%83%D1%87%D1%88%D0%B8%D0%B5+%D0%BE%D1%80%D0%B3%D0%B0%D0%BD%D0%B8%D0%B7%D0%B0%D1%82%D0%BE%D1%80%D1%8B+%D0%BC%D0%B5%D1%80%D0%BE%D0%BF%D1%80%D0%B8%D1%8F%D1%82%D0%B8%D0%B9+%D0%9F%D0%B5%D1%82%D0%B5%D1%80%D0%B1%D1%83%D1%80%D0%B3&hl=ru,https://www.youtube.com/watch?v=QOVCWaSiUdM,Видео «Организация мероприятий в Санкт-Петербурге и Ленинградской области. Творческое объединение ВИВАТ» содержит явную привязку к городу.,False,лучшие организаторы мероприятий Петербург,2026-08-23T13:25:03.449873+00:00
106cdb5dfd16cec1bf74,Театр Кот Вильям・Санкт-Петербург,youtube,https://www.youtube.com/@kotwilliam,kotwilliam,Санкт-Петербург,375,nano,manual_only,original_profile_opened,https://www.youtube.com/@kotwilliam,https://www.youtube.com/results?search_query=%D0%A2%D0%B5%D0%B0%D1%82%D1%80+%D0%9A%D0%BE%D1%82+%D0%92%D0%B8%D0%BB%D1%8C%D1%8F%D0%BC+%D0%A1%D0%B0%D0%BD%D0%BA%D1%82-%D0%9F%D0%B5%D1%82%D0%B5%D1%80%D0%B1%D1%83%D1%80%D0%B3+%D0%BE%D0%B1%D0%B7%D0%BE%D1%80&hl=ru,https://www.youtube.com/watch?v=4IPegg-LKLc,Видео «Две сестры. Анна Мирович и Елена Морозова — основатели театра «Кот Вильям» в Санкт-Петербурге.» содержит явную привязку к городу.,True,Театр Кот Вильям Санкт-Петербург обзор,2026-08-23T13:24:18.455033+00:00
f7eaa0b560472e6a4e4a,"Телеканал ""Санкт-Петербург""",youtube,https://www.youtube.com/@%D0%A2%D0%B5%D0%BB%D0%B5%D0%BA%D0%B0%D0%BD%D0%B0%D0%BB%D0%A1%D0%B0%D0%BD%D0%BA%D1%82-%D0%9F%D0%B5%D1%82%D0%B5%D1%80%D0%B1%D1%83%D1%80%D0%B3,%D0%A2%D0%B5%D0%BB%D0%B5%D0%BA%D0%B0%D0%BD%D0%B0%D0%BB%D0%A1%D0%B0%D0%BD%D0%BA%D1%82-%D0%9F%D0%B5%D1%82%D0%B5%D1%80%D0%B1%D1%83%D1%80%D0%B3,Санкт-Петербург,1670,nano,manual_only,original_profile_opened,https://www.youtube.com/@%D0%A2%D0%B5%D0%BB%D0%B5%D0%BA%D0%B0%D0%BD%D0%B0%D0%BB%D0%A1%D0%B0%D0%BD%D0%BA%D1%82-%D0%9F%D0%B5%D1%82%D0%B5%D1%80%D0%B1%D1%83%D1%80%D0%B3,https://www.youtube.com/results?search_query=%D0%9A%D1%83%D0%BF%D1%87%D0%B8%D0%BD%D0%BE+%D1%81%D0%B5%D0%BC%D0%B5%D0%B9%D0%BD%D1%8B%D0%B9+%D0%BE%D0%B1%D0%B7%D0%BE%D1%80&hl=ru,https://www.youtube.com/watch?v=TLyEc2Xr2Ls,Видео «Купчино» содержит явную привязку к городу.,False,Купчино семейный обзор,2026-08-23T13:24:41.190815+00:00
7e804f466791ab0f1f54,Телеканал Санкт-Петербург,youtube,https://www.youtube.com/@tvspb-ru,tvspb-ru,Санкт-Петербург,79900,micro,manual_only,original_profile_opened,https://www.youtube.com/@tvspb-ru,https://www.youtube.com/results?search_query=%D0%90%D0%B4%D0%BC%D0%B8%D1%80%D0%B0%D0%BB%D1%82%D0%B5%D0%B9%D1%81%D0%BA%D0%B8%D0%B9+%D1%80%D0%B0%D0%B9%D0%BE%D0%BD+%D0%A1%D0%B0%D0%BD%D0%BA%D1%82-%D0%9F%D0%B5%D1%82%D0%B5%D1%80%D0%B1%D1%83%D1%80%D0%B3+%D0%B1%D0%BB%D0%BE%D0%B3&hl=ru,https://www.youtube.com/watch?v=bL8nXIhmzgU,Видео «Адмиралтейская набережная / «Малые родины большого Петербурга»» содержит явную привязку к городу.,False,Адмиралтейский район Санкт-Петербург блог | Адмиралтейский район куда сходить | Васильевский остров Санкт-Петербург блог | Кронштадт семейный обзор | Новая Голландия Санкт-Петербург блог | Озерки обзор мест | Петроградка Санкт-Петербург блог | Сестрорецк Санкт-Петербург блог | Сестрорецк куда сходить | Удельная Санкт-Петербург блог | Удельная обзор мест | Удельная семейный обзор,2026-08-23T13:24:26.556363+00:00
b2619a3b7951aebdeb7d,ТЕПЛЫЙ УГОЛ | Строительство каркасных домов,youtube,https://www.youtube.com/@sk-tu-ru,sk-tu-ru,Санкт-Петербург,4260,nano,manual_only,original_profile_opened,https://www.youtube.com/@sk-tu-ru,https://www.youtube.com/results?search_query=%D0%94%D0%BE%D0%BC+%D1%81+%D0%BA%D1%83%D1%80%D0%B0%D0%BD%D1%82%D0%B0%D0%BC%D0%B8+%D0%A1%D0%B0%D0%BD%D0%BA%D1%82-%D0%9F%D0%B5%D1%82%D0%B5%D1%80%D0%B1%D1%83%D1%80%D0%B3+%D0%BE%D0%B1%D0%B7%D0%BE%D1%80&hl=ru,https://www.youtube.com/watch?v=eqdZuy_Jr5Q,Видео «ЭТО лучшие места для ВАШЕГО дома в Петербурге! / Обзор САМЫХ популярных районов для загородной жизни» содержит явную привязку к городу.,True,Дом с курантами Санкт-Петербург обзор | Петроградка обзор мест | Петродворцовый район обзор мест,2026-08-23T13:24:25.426553+00:00
b12e1d3ea607b712e9ab,Технопарк Санкт-Петербурга,youtube,https://www.youtube.com/@spbtechspb,spbtechspb,Санкт-Петербург,1370,nano,manual_only,original_profile_opened,https://www.youtube.com/@spbtechspb,https://www.youtube.com/results?search_query=%D0%BC%D0%B0%D0%BB%D1%8B%D0%B9+%D0%B1%D0%B8%D0%B7%D0%BD%D0%B5%D1%81+%D0%A1%D0%B0%D0%BD%D0%BA%D1%82-%D0%9F%D0%B5%D1%82%D0%B5%D1%80%D0%B1%D1%83%D1%80%D0%B3+%D0%BE%D0%B1%D0%B7%D0%BE%D1%80&hl=ru,https://www.youtube.com/watch?v=uSR-JiSWvyQ,Видео «Малый бизнес большого города о Технопарке Санкт-Петербурга» содержит явную привязку к городу.,False,малый бизнес Санкт-Петербург обзор,2026-08-23T13:25:07.018305+00:00
7c1fcd8ab42517283321,Тимофей Play,youtube,https://www.youtube.com/@Play-kc5ty,Play-kc5ty,Санкт-Петербург,118,nano,manual_only,original_profile_opened,https://www.youtube.com/@Play-kc5ty,https://www.youtube.com/results?search_query=%D0%9A%D1%80%D0%B0%D1%81%D0%BD%D0%BE%D0%B3%D0%B2%D0%B0%D1%80%D0%B4%D0%B5%D0%B9%D1%81%D0%BA%D0%B8%D0%B9+%D1%80%D0%B0%D0%B9%D0%BE%D0%BD+%D0%A1%D0%B0%D0%BD%D0%BA%D1%82-%D0%9F%D0%B5%D1%82%D0%B5%D1%80%D0%B1%D1%83%D1%80%D0%B3+%D0%B1%D0%BB%D0%BE%D0%B3&hl=ru,https://www.youtube.com/watch?v=D_eog-kp0Ig,Видео «СПб Красногвардейский район. Мы с мамой приехали на М проспект Просвещения» содержит явную привязку к городу.,False,Красногвардейский район Санкт-Петербург блог,2026-08-23T13:24:32.623194+00:00
5e7588f2e6085e0c952e,Типа_Фоткаю,youtube,https://www.youtube.com/@%D0%A2%D0%B8%D0%BF%D0%B0_%D0%A4%D0%BE%D1%82%D0%BA%D0%B0%D1%8E,%D0%A2%D0%B8%D0%BF%D0%B0_%D0%A4%D0%BE%D1%82%D0%BA%D0%B0%D1%8E,Санкт-Петербург,194,nano,manual_only,original_profile_opened,https://www.youtube.com/@%D0%A2%D0%B8%D0%BF%D0%B0_%D0%A4%D0%BE%D1%82%D0%BA%D0%B0%D1%8E,https://www.youtube.com/results?search_query=%D0%A4%D0%BE%D1%82%D0%BE%D0%B3%D1%80%D0%B0%D1%84+%D0%9A%D0%BE%D1%80%D0%BE%D0%B1%D0%B5%D0%B9%D0%BD%D0%B8%D0%BA%D0%BE%D0%B2%D0%B0+%D0%95%D0%B2%D0%B3%D0%B5%D0%BD%D0%B8%D1%8F+%D0%A1%D0%B0%D0%BD%D0%BA%D1%82-%D0%9F%D0%B5%D1%82%D0%B5%D1%80%D0%B1%D1%83%D1%80%D0%B3+%D0%BE%D0%B1%D0%B7%D0%BE%D1%80&hl=ru,https://www.youtube.com/watch?v=e6gPDV2ueXQ,Видео «По Питеру ходить.  Сфотографировать всё» содержит явную привязку к городу.,True,Фотограф Коробейникова Евгения Санкт-Петербург обзор,2026-08-23T13:24:24.377784+00:00
111a0ad32ac95562b7e5,Только Дети,youtube,https://www.youtube.com/@%D0%A2%D0%BE%D0%BB%D1%8C%D0%BA%D0%BE%D0%94%D0%B5%D1%82%D0%B8-%D0%B73%D1%82,%D0%A2%D0%BE%D0%BB%D1%8C%D0%BA%D0%BE%D0%94%D0%B5%D1%82%D0%B8-%D0%B73%D1%82,Санкт-Петербург,,unknown,manual_only,original_profile_opened,https://www.youtube.com/@%D0%A2%D0%BE%D0%BB%D1%8C%D0%BA%D0%BE%D0%94%D0%B5%D1%82%D0%B8-%D0%B73%D1%82,https://www.youtube.com/results?search_query=%D0%BB%D1%83%D1%87%D1%88%D0%B8%D0%B5+%D0%B4%D0%B5%D1%82%D1%81%D0%BA%D0%B8%D0%B5+%D0%BF%D1%80%D0%B0%D0%B7%D0%B4%D0%BD%D0%B8%D0%BA%D0%B8+%D0%9F%D0%B5%D1%82%D0%B5%D1%80%D0%B1%D1%83%D1%80%D0%B3&hl=ru,https://www.youtube.com/watch?v=tRgMbVaLc-4,"Видео «Студия детских праздников ""Только Дети"", Петербург. Аниматоры, организация праздников» содержит явную привязку к городу.",False,лучшие детские праздники Петербург,2026-08-23T13:24:55.036338+00:00
e25d83955efead33a538,ТОЧКА ПРИТЯЖЕНИЯ,youtube,https://www.youtube.com/@Point_Of_Attraction,Point_Of_Attraction,Санкт-Петербург,8200,nano,manual_only,original_profile_opened,https://www.youtube.com/@Point_Of_Attraction,https://www.youtube.com/results?search_query=%D0%9F%D0%B8%D1%82%D0%B5%D1%80+%D0%BE%D0%B1%D0%B7%D0%BE%D1%80%D1%89%D0%B8%D0%BA&hl=ru,https://www.youtube.com/watch?v=7Oh_0u6NrHE,Видео «САНКТ-ПЕТЕРБУРГ за 3 дня | Все самые интересные места | Куда сходить в Питере» содержит явную привязку к городу.,True,FunCity Санкт-Петербург обзор | Gulliver Санкт-Петербург обзор | Happy City Санкт-Петербург обзор | MedSwiss Санкт-Петербург обзор | Miller Center Санкт-Петербург обзор | Viva mare Санкт-Петербург обзор | Адмиралтейский район куда сходить | Интан Санкт-Петербург обзор | Калининский район куда сходить | Колпинский район куда сходить | Кудрово куда сходить | Курортный район Санкт-Петербург блог | Курортный район куда сходить | Лахта куда сходить | Невский район куда сходить | Первая семейная клиника Петербурга Санкт-Петербург обзор | Петербург городской блог | Петербург рекомендации | Петербург что посмотреть | Петергоф куда сходить | Петроградка Санкт-Петербург блог | Петроградка куда сходить | Петроградка обзор мест | Петродворцовый район Санкт-Петербург блог | Петродворцовый район куда сходить | Петродворцовый район обзор мест | ПироШоу СПб Санкт-Петербург обзор | Питер необычные места | Питер обзорщик | Приморский район куда сходить | Пушкин куда сходить | Пушкинский район Санкт-Петербург блог | СПб куда сходить | СПб новые места | ТРК Атмосфера Санкт-Петербург обзор | Фрунзенский район Санкт-Петербург блог | Центральный район Санкт-Петербург блог | Центральный район куда сходить | Шушары куда сходить | ветклиники Санкт-Петербург обзор | городские прогулки Санкт-Петербург обзор | городские события Санкт-Петербург обзор | детские кружки Санкт-Петербург обзор | детские праздники Санкт-Петербург обзор | детские центры Санкт-Петербург обзор | лучшие городские прогулки Петербург | лучшие городские события Петербург | лучшие семейный досуг Петербург | лучшие туризм Петербург | лучшие экскурсии Петербург | музеи Санкт-Петербург обзор | образование Санкт-Петербург обзор | организаторы мероприятий Санкт-Петербург обзор | семейный досуг Санкт-Петербург обзор | спорт Санкт-Петербург обзор | стритфуд Санкт-Петербург обзор | театры Санкт-Петербург обзор | туризм СПб блогер | туризм Санкт-Петербург обзор | фотографы Санкт-Петербург обзор | школы Санкт-Петербург обзор | экскурсии СПб блогер | экскурсии Санкт-Петербург обзор,2026-08-23T13:24:13.417117+00:00
cb3d55e3ee36e04eb6a0,Тренд Новостройки,youtube,https://www.youtube.com/@trend.realty,trend.realty,Санкт-Петербург,506,nano,manual_only,original_profile_opened,https://www.youtube.com/@trend.realty,https://www.youtube.com/results?search_query=%D0%92%D1%8B%D0%B1%D0%BE%D1%80%D0%B3%D1%81%D0%BA%D0%B8%D0%B9+%D1%80%D0%B0%D0%B9%D0%BE%D0%BD+%D0%A1%D0%B0%D0%BD%D0%BA%D1%82-%D0%9F%D0%B5%D1%82%D0%B5%D1%80%D0%B1%D1%83%D1%80%D0%B3+%D0%B1%D0%BB%D0%BE%D0%B3&hl=ru,https://www.youtube.com/watch?v=D_e_sUKuVpY,Видео «Выборгский район Санкт-Петербурга: плюсы и минусы для жизни» содержит явную привязку к городу.,False,Выборгский район Санкт-Петербург блог | Выборгский район кафе обзор | Выборгский район куда сходить | Выборгский район обзор мест | Выборгский район семейный обзор | Приморский район семейный обзор,2026-08-23T13:24:26.661117+00:00
cbe8e4200246bdebdceb,"Трип-шоу ""По плану""",youtube,https://www.youtube.com/@poplanublogspotrus,poplanublogspotrus,Санкт-Петербург,34,nano,manual_only,original_profile_opened,https://www.youtube.com/@poplanublogspotrus,https://www.youtube.com/results?search_query=%D0%A7%D0%B5%D1%80%D0%BD%D0%B0%D1%8F+%D1%80%D0%B5%D1%87%D0%BA%D0%B0+%D0%A1%D0%B0%D0%BD%D0%BA%D1%82-%D0%9F%D0%B5%D1%82%D0%B5%D1%80%D0%B1%D1%83%D1%80%D0%B3+%D0%B1%D0%BB%D0%BE%D0%B3&hl=ru,https://www.youtube.com/watch?v=Bh_Dv412Wjg,Видео «Чёрная Речка (ч.1) ~ Захватываем Питер» содержит явную привязку к городу.,False,Черная речка Санкт-Петербург блог,2026-08-23T13:24:48.360303+00:00
b41d160d0e8acc7a1f63,ТРК Гулливер (Санкт-Петербург),youtube,https://www.youtube.com/@%D0%A2%D0%A0%D0%9A%D0%93%D1%83%D0%BB%D0%BB%D0%B8%D0%B2%D0%B5%D1%80-%D0%BA9%D1%80,%D0%A2%D0%A0%D0%9A%D0%93%D1%83%D0%BB%D0%BB%D0%B8%D0%B2%D0%B5%D1%80-%D0%BA9%D1%80,Санкт-Петербург,163,nano,manual_only,original_profile_opened,https://www.youtube.com/@%D0%A2%D0%A0%D0%9A%D0%93%D1%83%D0%BB%D0%BB%D0%B8%D0%B2%D0%B5%D1%80-%D0%BA9%D1%80,https://www.youtube.com/results?search_query=Gulliver+%D0%A1%D0%B0%D0%BD%D0%BA%D1%82-%D0%9F%D0%B5%D1%82%D0%B5%D1%80%D0%B1%D1%83%D1%80%D0%B3+%D0%BE%D0%B1%D0%B7%D0%BE%D1%80&hl=ru,https://www.youtube.com/watch?v=12KFJ-R_Z2A,Видео «Обзор боулинга и ресторана GOLDEN STRIKE. Гулливер LIVE. АртПитер» содержит явную привязку к городу.,True,Gulliver Санкт-Петербург обзор,2026-08-23T13:24:16.995884+00:00
998ae79a26dcf2de7389,Трое с камерой,youtube,https://www.youtube.com/@3withcamera,3withcamera,Санкт-Петербург,1070,nano,manual_only,original_profile_opened,https://www.youtube.com/@3withcamera,https://www.youtube.com/results?search_query=%D1%81%D0%B5%D0%BC%D0%B5%D0%B9%D0%BD%D1%8B%D0%B9+%D0%B4%D0%BE%D1%81%D1%83%D0%B3+%D0%A1%D0%B0%D0%BD%D0%BA%D1%82-%D0%9F%D0%B5%D1%82%D0%B5%D1%80%D0%B1%D1%83%D1%80%D0%B3+%D0%BE%D0%B1%D0%B7%D0%BE%D1%80&hl=ru,https://www.youtube.com/watch?v=XNMSRQRFfY8,"Видео «50 самых интересных мест в Санкт-Петербурге за 7 дней, обзор. Что посетить в Питере. Трое с камерой» содержит явную привязку к городу.",False,семейный досуг Санкт-Петербург обзор,2026-08-23T13:24:54.381211+00:00
3d8e87ff7359577ee823,Трынделочка,youtube,https://www.youtube.com/@trindelochka,trindelochka,Санкт-Петербург,4810,nano,manual_only,original_profile_opened,https://www.youtube.com/@trindelochka,https://www.youtube.com/results?search_query=%D0%BB%D1%83%D1%87%D1%88%D0%B8%D0%B5+%D0%B9%D0%BE%D0%B3%D0%B0+%D0%9F%D0%B5%D1%82%D0%B5%D1%80%D0%B1%D1%83%D1%80%D0%B3&hl=ru,https://www.youtube.com/watch?v=avMPnhxG774,"Видео «Как почувствовать свое тело и наполнить его энергией. Женские практики в  студии йоги ""Экспромт"" СПб» содержит явную привязку к городу.",False,лучшие йога Петербург,2026-08-23T13:24:52.909067+00:00
35c71939755aa3e68a07,Туда-Сюда,youtube,https://www.youtube.com/@adVentureTop-u2,adVentureTop-u2,Санкт-Петербург,299,nano,manual_only,original_profile_opened,https://www.youtube.com/@adVentureTop-u2,https://www.youtube.com/results?search_query=%D0%92%D0%B0%D1%81%D0%B8%D0%BB%D0%B5%D0%BE%D1%81%D1%82%D1%80%D0%BE%D0%B2%D1%81%D0%BA%D0%B8%D0%B9+%D1%80%D0%B0%D0%B9%D0%BE%D0%BD+%D0%BA%D1%83%D0%B4%D0%B0+%D1%81%D1%85%D0%BE%D0%B4%D0%B8%D1%82%D1%8C&hl=ru,https://www.youtube.com/watch?v=rM7yAfmbmz4,"Видео «ТОП-4 экскурсий: Васильевский остров: описание, адрес, время и режим работы 2026 | Sputnik8 — ч» содержит явную привязку к городу.",False,Василеостровский район куда сходить | Васильевский остров Санкт-Петербург блог | Васильевский остров куда сходить | Васильевский остров обзор мест | Васильевский остров семейный обзор,2026-08-23T13:24:30.086106+00:00
69deb3670cd84725371e,Уехали 2.0,youtube,https://www.youtube.com/@Uehali_production,Uehali_production,Санкт-Петербург,6170,nano,manual_only,original_profile_opened,https://www.youtube.com/@Uehali_production,https://www.youtube.com/results?search_query=%D0%9A%D1%83%D0%B4%D1%80%D0%BE%D0%B2%D0%BE+%D0%BA%D1%83%D0%B4%D0%B0+%D1%81%D1%85%D0%BE%D0%B4%D0%B8%D1%82%D1%8C&hl=ru,https://www.youtube.com/watch?v=PWwU96q26do,Видео «Куда Сходить в Санкт-Петербурге. Необычные и интересные места #кудасходитьвсанктпетербурге #питер» содержит явную привязку к городу.,False,Кудрово куда сходить,2026-08-23T13:24:37.993175+00:00
5141fb196d00460181e2,Улица Мод,youtube,https://www.youtube.com/@%D0%A3%D0%BB%D0%B8%D1%86%D0%B0%D0%9C%D0%BE%D0%B4,%D0%A3%D0%BB%D0%B8%D1%86%D0%B0%D0%9C%D0%BE%D0%B4,Санкт-Петербург,51,nano,manual_only,original_profile_opened,https://www.youtube.com/@%D0%A3%D0%BB%D0%B8%D1%86%D0%B0%D0%9C%D0%BE%D0%B4,https://www.youtube.com/results?search_query=DESALU+%D0%A1%D0%B0%D0%BD%D0%BA%D1%82-%D0%9F%D0%B5%D1%82%D0%B5%D1%80%D0%B1%D1%83%D1%80%D0%B3+%D0%BE%D0%B1%D0%B7%D0%BE%D1%80&hl=ru,https://www.youtube.com/watch?v=q6e9w0a87v8,Видео «Школьная форма Desalu -- школьная коллекция фирмы Салют» содержит явную привязку к городу.,True,DESALU Санкт-Петербург обзор,2026-08-23T13:24:16.169835+00:00
65f32cfb679ba612aeb0,Ульяли Гром,youtube,https://www.youtube.com/@Drevoz,Drevoz,Санкт-Петербург,148,nano,manual_only,original_profile_opened,https://www.youtube.com/@Drevoz,https://www.youtube.com/results?search_query=%D0%A0%D1%8B%D0%B1%D0%B0%D1%86%D0%BA%D0%BE%D0%B5+%D0%BE%D0%B1%D0%B7%D0%BE%D1%80+%D0%BC%D0%B5%D1%81%D1%82&hl=ru,https://www.youtube.com/watch?v=OZB1Wkr31Og,"Видео «Обзор на Невский район Рыбацкое, Усть-Славянка, Кривое Колено (ЛО Новосаратовка)» содержит явную привязку к городу.",False,Рыбацкое обзор мест,2026-08-23T13:24:40.188076+00:00
29c15e2e815a9197eebe,Ульянов,youtube,https://www.youtube.com/@UlyanovChannel,UlyanovChannel,Санкт-Петербург,6130,nano,manual_only,original_profile_opened,https://www.youtube.com/@UlyanovChannel,https://www.youtube.com/results?search_query=%D0%A3%D0%B4%D0%B5%D0%BB%D1%8C%D0%BD%D0%B0%D1%8F+%D0%BE%D0%B1%D0%B7%D0%BE%D1%80+%D0%BC%D0%B5%D1%81%D1%82&hl=ru,https://www.youtube.com/watch?v=oC2G2H2QprU,"Видео «УДЕЛЬНЫЙ РЫНОК в Санкт-Петербурге | ВСЁ, что НУЖНО ЗНАТЬ перед посещением» содержит явную привязку к городу.",False,Удельная обзор мест,2026-08-23T13:24:49.263170+00:00
ef84e3f09b048b80994b,Утро дома - обзор новостроек Санкт-Петербурга,youtube,https://www.youtube.com/@utrodoma-spb,utrodoma-spb,Санкт-Петербург,126,nano,manual_only,original_profile_opened,https://www.youtube.com/@utrodoma-spb,https://www.youtube.com/results?search_query=%D0%94%D0%B6%D0%B8+%D0%9A%D0%BB%D0%B8%D0%BD%D0%B8%D0%BA+%D0%A1%D0%B0%D0%BD%D0%BA%D1%82-%D0%9F%D0%B5%D1%82%D0%B5%D1%80%D0%B1%D1%83%D1%80%D0%B3+%D0%BE%D0%B1%D0%B7%D0%BE%D1%80&hl=ru,https://www.youtube.com/watch?v=Gau1PK1_bbE,Видео «ТОП-5 недорогих ЖК Санкт-Петербурга! Где купить квартиру в новостройке 2025» содержит явную привязку к городу.,True,Джи Клиник Санкт-Петербург обзор | Медный Всадник жилой комплекс Санкт-Петербург обзор | жилые комплексы СПб блогер | жилые комплексы Санкт-Петербург обзор | лучшие жилые комплексы Петербург | лучшие новостройки Петербург | новостройки Санкт-Петербург обзор,2026-08-23T13:24:23.436375+00:00
7c519e927b8ccd1dc4ba,Федеральная сеть клиник Евроонко,youtube,https://www.youtube.com/@EurooncoRus,EurooncoRus,Санкт-Петербург,23700,micro,manual_only,original_profile_opened,https://www.youtube.com/@EurooncoRus,https://www.youtube.com/results?search_query=%D0%BB%D1%83%D1%87%D1%88%D0%B8%D0%B5+%D1%87%D0%B0%D1%81%D1%82%D0%BD%D1%8B%D0%B5+%D0%BA%D0%BB%D0%B8%D0%BD%D0%B8%D0%BA%D0%B8+%D0%9F%D0%B5%D1%82%D0%B5%D1%80%D0%B1%D1%83%D1%80%D0%B3&hl=ru,https://www.youtube.com/watch?v=4AHVPMe378k,Видео «Клиника экспертной онкологии «Евроонко» в Санкт-Петербурге» содержит явную привязку к городу.,False,лучшие стоматологии Петербург | лучшие частные клиники Петербург,2026-08-23T13:24:53.770487+00:00
f5490b6d3df549d9500b,Физкультурник,youtube,https://www.youtube.com/@fizkulturnikmisha,fizkulturnikmisha,Санкт-Петербург,20000,micro,manual_only,original_profile_opened,https://www.youtube.com/@fizkulturnikmisha,https://www.youtube.com/results?search_query=%D0%BB%D1%83%D1%87%D1%88%D0%B8%D0%B5+%D0%BA%D0%BE%D1%84%D0%B5%D0%B9%D0%BD%D0%B8+%D0%9F%D0%B5%D1%82%D0%B5%D1%80%D0%B1%D1%83%D1%80%D0%B3&hl=ru,https://www.youtube.com/watch?v=9Kp3PmJZbHk,"Видео «Лучшие кофейни Питера, известные только местным 🤫» содержит явную привязку к городу.",False,лучшие кофейни Петербург,2026-08-23T13:24:50.088800+00:00
d47d683cf6ed32c35e40,ФИТ ПОРТ,youtube,https://www.youtube.com/@%D0%98%D0%B3%D0%BE%D1%80%D1%8C%D0%97%D1%83%D0%B5%D0%B224,%D0%98%D0%B3%D0%BE%D1%80%D1%8C%D0%97%D1%83%D0%B5%D0%B224,Санкт-Петербург,116,nano,manual_only,original_profile_opened,https://www.youtube.com/@%D0%98%D0%B3%D0%BE%D1%80%D1%8C%D0%97%D1%83%D0%B5%D0%B224,https://www.youtube.com/results?search_query=Wonderfit+%D0%A1%D0%B0%D0%BD%D0%BA%D1%82-%D0%9F%D0%B5%D1%82%D0%B5%D1%80%D0%B1%D1%83%D1%80%D0%B3+%D0%BE%D0%B1%D0%B7%D0%BE%D1%80&hl=ru,https://www.youtube.com/watch?v=7MzoWC6THQ8,Видео «Обзор зала URBANFIT! Стоит ли покупать абонемент?! Какие тренажёры? #обзорзала #urbanfit» содержит явную привязку к городу.,True,Wonderfit Санкт-Петербург обзор | фитнес Санкт-Петербург обзор,2026-08-23T13:24:17.355598+00:00
28acc7a3122a679c3602,Форпост Северо-Запад,youtube,https://www.youtube.com/@%D0%A4%D0%BE%D1%80%D0%BF%D0%BE%D1%81%D1%82%D0%A1%D0%B5%D0%B2%D0%B5%D1%80%D0%BE-%D0%97%D0%B0%D0%BF%D0%B0%D0%B4,%D0%A4%D0%BE%D1%80%D0%BF%D0%BE%D1%81%D1%82%D0%A1%D0%B5%D0%B2%D0%B5%D1%80%D0%BE-%D0%97%D0%B0%D0%BF%D0%B0%D0%B4,Санкт-Петербург,15000,micro,manual_only,original_profile_opened,https://www.youtube.com/@%D0%A4%D0%BE%D1%80%D0%BF%D0%BE%D1%81%D1%82%D0%A1%D0%B5%D0%B2%D0%B5%D1%80%D0%BE-%D0%97%D0%B0%D0%BF%D0%B0%D0%B4,https://www.youtube.com/results?search_query=%D0%9F%D1%80%D0%BE%D1%81%D0%BF%D0%B5%D0%BA%D1%82+%D0%9F%D1%80%D0%BE%D1%81%D0%B2%D0%B5%D1%89%D0%B5%D0%BD%D0%B8%D1%8F+%D0%A1%D0%B0%D0%BD%D0%BA%D1%82-%D0%9F%D0%B5%D1%82%D0%B5%D1%80%D0%B1%D1%83%D1%80%D0%B3+%D0%B1%D0%BB%D0%BE%D0%B3&hl=ru,https://www.youtube.com/watch?v=gaOfkEOd7jY,"Видео «Транспортный коллапс в метро Петербурга: у метро ""Проспект Просвещения""» содержит явную привязку к городу.",False,Проспект Просвещения Санкт-Петербург блог,2026-08-23T13:24:39.442119+00:00
be2386ee299fb55cb5f1,ХАРАКИРИ Media,youtube,https://www.youtube.com/@media9120,media9120,Санкт-Петербург,203,nano,manual_only,original_profile_opened,https://www.youtube.com/@media9120,https://www.youtube.com/results?search_query=%D0%9A%D1%83%D0%BF%D1%87%D0%B8%D0%BD%D0%BE+%D0%A1%D0%B0%D0%BD%D0%BA%D1%82-%D0%9F%D0%B5%D1%82%D0%B5%D1%80%D0%B1%D1%83%D1%80%D0%B3+%D0%B1%D0%BB%D0%BE%D0%B3&hl=ru,https://www.youtube.com/watch?v=pCGvQGIG7O4,Видео «Путешествие по городу (01). Купчино. г. Санкт-Петербург» содержит явную привязку к городу.,False,Купчино Санкт-Петербург блог,2026-08-23T13:24:40.326783+00:00
573c82efdd6d2b2960e1,Ходячие Репортёры,youtube,https://www.youtube.com/@WalkingReporters,WalkingReporters,Санкт-Петербург,14100,micro,manual_only,original_profile_opened,https://www.youtube.com/@WalkingReporters,https://www.youtube.com/results?search_query=%D0%92%D0%B0%D1%81%D0%B8%D0%BB%D1%8C%D0%B5%D0%B2%D1%81%D0%BA%D0%B8%D0%B9+%D0%BE%D1%81%D1%82%D1%80%D0%BE%D0%B2+%D0%BE%D0%B1%D0%B7%D0%BE%D1%80+%D0%BC%D0%B5%D1%81%D1%82&hl=ru,https://www.youtube.com/watch?v=FMU3k2Qdph0,Видео «Проходные дворы. Васильевский Остров. Между Малым и Средним. Time To Trip Special» содержит явную привязку к городу.,False,Васильевский остров куда сходить | Васильевский остров обзор мест | лучшие городские прогулки Петербург | лучшие семейный досуг Петербург | лучшие туризм Петербург | семейный досуг Санкт-Петербург обзор,2026-08-23T13:24:45.255741+00:00
d5896909d1be1c123544,Хорошие Новости,youtube,https://www.youtube.com/@good_events,good_events,Санкт-Петербург,194000,mid,manual_only,original_profile_opened,https://www.youtube.com/@good_events,https://www.youtube.com/results?search_query=%D0%9F%D1%80%D0%B8%D0%B1%D0%B0%D0%B2%D0%BB%D0%B5%D0%BD%D0%B8%D0%B5+%D1%82%D0%BE%D0%B2%D0%B0%D1%80%D1%8B+%D0%B4%D0%BB%D1%8F+%D0%B4%D0%B5%D1%82%D0%B5%D0%B9+%D0%A1%D0%B0%D0%BD%D0%BA%D1%82-%D0%9F%D0%B5%D1%82%D0%B5%D1%80%D0%B1%D1%83%D1%80%D0%B3+%D0%BE%D0%B1%D0%B7%D0%BE%D1%80&hl=ru,https://www.youtube.com/watch?v=FST8ty_R9Uk,Видео «В Петербурге выпускают товары для реабилитации детей с особенностями развития» содержит явную привязку к городу.,True,Прибавление товары для детей Санкт-Петербург обзор,2026-08-23T13:24:18.394698+00:00
aa305c478540e8aae97c,ХОЧУ В КИНО,youtube,https://www.youtube.com/@actinmovies,actinmovies,Санкт-Петербург,7,nano,manual_only,original_profile_opened,https://www.youtube.com/@actinmovies,https://www.youtube.com/results?search_query=%D0%9A%D0%BE%D0%BB%D0%BF%D0%B8%D0%BD%D1%81%D0%BA%D0%B8%D0%B9+%D1%80%D0%B0%D0%B9%D0%BE%D0%BD+%D0%A1%D0%B0%D0%BD%D0%BA%D1%82-%D0%9F%D0%B5%D1%82%D0%B5%D1%80%D0%B1%D1%83%D1%80%D0%B3+%D0%B1%D0%BB%D0%BE%D0%B3&hl=ru,https://www.youtube.com/watch?v=kTUpeQuZPx8,Видео «Россия - моя история. Колпинский район. #колпино #спб #театр #кино  #творчество» содержит явную привязку к городу.,False,Колпинский район Санкт-Петербург блог,2026-08-23T13:24:31.951497+00:00
ab6f4d19c827c8ab9847,ЦБС Красносельского района Санкт-Петербург,youtube,https://www.youtube.com/@%D0%A6%D0%91%D0%A1%D0%9A%D1%80%D0%B0%D1%81%D0%BD%D0%BE%D1%81%D0%B5%D0%BB%D1%8C%D1%81%D0%BA%D0%BE%D0%B3%D0%BE%D1%80%D0%B0%D0%B9%D0%BE%D0%BD%D0%B0%D0%A1%D0%B0%D0%BD%D0%BA%D1%82,%D0%A6%D0%91%D0%A1%D0%9A%D1%80%D0%B0%D1%81%D0%BD%D0%BE%D1%81%D0%B5%D0%BB%D1%8C%D1%81%D0%BA%D0%BE%D0%B3%D0%BE%D1%80%D0%B0%D0%B9%D0%BE%D0%BD%D0%B0%D0%A1%D0%B0%D0%BD%D0%BA%D1%82,Санкт-Петербург,335,nano,manual_only,original_profile_opened,https://www.youtube.com/@%D0%A6%D0%91%D0%A1%D0%9A%D1%80%D0%B0%D1%81%D0%BD%D0%BE%D1%81%D0%B5%D0%BB%D1%8C%D1%81%D0%BA%D0%BE%D0%B3%D0%BE%D1%80%D0%B0%D0%B9%D0%BE%D0%BD%D0%B0%D0%A1%D0%B0%D0%BD%D0%BA%D1%82,https://www.youtube.com/results?search_query=%D0%9A%D1%80%D0%B0%D1%81%D0%BD%D0%BE%D1%81%D0%B5%D0%BB%D1%8C%D1%81%D0%BA%D0%B8%D0%B9+%D1%80%D0%B0%D0%B9%D0%BE%D0%BD+%D0%BA%D1%83%D0%B4%D0%B0+%D1%81%D1%85%D0%BE%D0%B4%D0%B8%D1%82%D1%8C&hl=ru,https://www.youtube.com/watch?v=7zT8EtmvEVg,Видео «Возвращение в мой Красносельский» содержит явную привязку к городу.,False,Красносельский район куда сходить,2026-08-23T13:24:33.318779+00:00
76522ab8e7321f3797c3,Центр Адмиралтейский,youtube,https://www.youtube.com/@%D0%A6%D0%B5%D0%BD%D1%82%D1%80%D0%90%D0%B4%D0%BC%D0%B8%D1%80%D0%B0%D0%BB%D1%82%D0%B5%D0%B9%D1%81%D0%BA%D0%B8%D0%B9,%D0%A6%D0%B5%D0%BD%D1%82%D1%80%D0%90%D0%B4%D0%BC%D0%B8%D1%80%D0%B0%D0%BB%D1%82%D0%B5%D0%B9%D1%81%D0%BA%D0%B8%D0%B9,Санкт-Петербург,96,nano,manual_only,original_profile_opened,https://www.youtube.com/@%D0%A6%D0%B5%D0%BD%D1%82%D1%80%D0%90%D0%B4%D0%BC%D0%B8%D1%80%D0%B0%D0%BB%D1%82%D0%B5%D0%B9%D1%81%D0%BA%D0%B8%D0%B9,https://www.youtube.com/results?search_query=%D0%90%D0%B4%D0%BC%D0%B8%D1%80%D0%B0%D0%BB%D1%82%D0%B5%D0%B9%D1%81%D0%BA%D0%B8%D0%B9+%D1%80%D0%B0%D0%B9%D0%BE%D0%BD+%D0%A1%D0%B0%D0%BD%D0%BA%D1%82-%D0%9F%D0%B5%D1%82%D0%B5%D1%80%D0%B1%D1%83%D1%80%D0%B3+%D0%B1%D0%BB%D0%BE%D0%B3&hl=ru,https://www.youtube.com/watch?v=xsVVndBDEk8,Видео «Обновленный состав Молодежного Совета.» содержит явную привязку к городу.,False,Адмиралтейский район Санкт-Петербург блог,2026-08-23T13:24:25.632011+00:00
7526cd80312a01cc2933,Центр Лазерной Стоматологии Magic Dental в Спб,youtube,https://www.youtube.com/@magicdental,magicdental,Санкт-Петербург,60000,micro,manual_only,original_profile_opened,https://www.youtube.com/@magicdental,https://www.youtube.com/results?search_query=%D1%81%D1%82%D0%BE%D0%BC%D0%B0%D1%82%D0%BE%D0%BB%D0%BE%D0%B3%D0%B8%D0%B8+%D0%A1%D0%9F%D0%B1+%D0%B1%D0%BB%D0%BE%D0%B3%D0%B5%D1%80&hl=ru,https://www.youtube.com/watch?v=dNuTpmNAMlQ,"Видео «Если современные съёмные протезы не для вас, то ждём вас на имплантацию! #имплантациязубовспб» содержит явную привязку к городу.",False,стоматологии СПб блогер,2026-08-23T13:24:52.918359+00:00
fcd0fc40f3657bf63009,Центр медицинской косметологии Оксаны Волковой,youtube,https://www.youtube.com/@Volkova_Beauty,Volkova_Beauty,Санкт-Петербург,570,nano,manual_only,original_profile_opened,https://www.youtube.com/@Volkova_Beauty,https://www.youtube.com/results?search_query=%D0%BB%D1%83%D1%87%D1%88%D0%B8%D0%B5+%D0%BA%D0%BE%D1%81%D0%BC%D0%B5%D1%82%D0%BE%D0%BB%D0%BE%D0%B3%D0%B8%D1%8F+%D0%9F%D0%B5%D1%82%D0%B5%D1%80%D0%B1%D1%83%D1%80%D0%B3&hl=ru,https://www.youtube.com/watch?v=cc2YeNd_Yeg,"Видео «Центр косметологии в Санкт-Петербурге, ул. Рылеева 1» содержит явную привязку к городу.",False,лучшие косметология Петербург,2026-08-23T13:24:52.238800+00:00
9b9e7d3b6561a9ac1242,Центр недвижимости Биография,youtube,https://www.youtube.com/@%D0%A6%D0%B5%D0%BD%D1%82%D1%80%D0%BD%D0%B5%D0%B4%D0%B2%D0%B8%D0%B6%D0%B8%D0%BC%D0%BE%D1%81%D1%82%D0%B8%D0%91%D0%B8%D0%BE%D0%B3%D1%80%D0%B0%D1%84%D0%B8%D1%8F,%D0%A6%D0%B5%D0%BD%D1%82%D1%80%D0%BD%D0%B5%D0%B4%D0%B2%D0%B8%D0%B6%D0%B8%D0%BC%D0%BE%D1%81%D1%82%D0%B8%D0%91%D0%B8%D0%BE%D0%B3%D1%80%D0%B0%D1%84%D0%B8%D1%8F,Санкт-Петербург,592,nano,manual_only,original_profile_opened,https://www.youtube.com/@%D0%A6%D0%B5%D0%BD%D1%82%D1%80%D0%BD%D0%B5%D0%B4%D0%B2%D0%B8%D0%B6%D0%B8%D0%BC%D0%BE%D1%81%D1%82%D0%B8%D0%91%D0%B8%D0%BE%D0%B3%D1%80%D0%B0%D1%84%D0%B8%D1%8F,https://www.youtube.com/results?search_query=Stockholm+%D0%B6%D0%B8%D0%BB%D0%BE%D0%B9+%D0%BA%D0%BE%D0%BC%D0%BF%D0%BB%D0%B5%D0%BA%D1%81+%D0%A1%D0%B0%D0%BD%D0%BA%D1%82-%D0%9F%D0%B5%D1%82%D0%B5%D1%80%D0%B1%D1%83%D1%80%D0%B3+%D0%BE%D0%B1%D0%B7%D0%BE%D1%80&hl=ru,https://www.youtube.com/watch?v=WyvK5ej5Eas,Видео «ЖК СТОКГОЛЬМ : как сейчас выглядит новостройка в СПб (29.06.20)» содержит явную привязку к городу.,True,Stockholm жилой комплекс Санкт-Петербург обзор,2026-08-23T13:24:22.311549+00:00
abeaf630eb679773ff16,ЦЕНТР СОВРЕМЕННОЙ СТОМАТОЛОГИИ | НС-МЕД,youtube,https://www.youtube.com/@nashastoma,nashastoma,Санкт-Петербург,5020,nano,manual_only,original_profile_opened,https://www.youtube.com/@nashastoma,https://www.youtube.com/results?search_query=%D0%BB%D1%83%D1%87%D1%88%D0%B8%D0%B5+%D1%81%D1%82%D0%BE%D0%BC%D0%B0%D1%82%D0%BE%D0%BB%D0%BE%D0%B3%D0%B8%D0%B8+%D0%9F%D0%B5%D1%82%D0%B5%D1%80%D0%B1%D1%83%D1%80%D0%B3&hl=ru,https://www.youtube.com/watch?v=99EEDG0sNWs,Видео «Имплантация и протезирование зубов «все-на-6» | наша стоматология СПб Невский район» содержит явную привязку к городу.,False,лучшие стоматологии Петербург,2026-08-23T13:24:53.675403+00:00
b845069ff579d22821ba,Частный детский сад Binny Санкт-Петербург,youtube,https://www.youtube.com/@peterburgbinny,peterburgbinny,Санкт-Петербург,4,nano,manual_only,original_profile_opened,https://www.youtube.com/@peterburgbinny,https://www.youtube.com/results?search_query=%D0%B4%D0%B5%D1%82%D1%81%D0%BA%D0%B8%D0%B5+%D0%BA%D1%80%D1%83%D0%B6%D0%BA%D0%B8+%D0%9F%D0%B8%D1%82%D0%B5%D1%80+shorts&hl=ru,https://www.youtube.com/watch?v=dbjOIej4fhA,Видео «ЛОГОПЕД В ДЕТСКОМ САДУ BINNY ПИТЕР СПБ #санктпетербург #детскийсадпитер #спб» содержит явную привязку к городу.,False,детские кружки Питер shorts,2026-08-23T13:24:54.195002+00:00
7637e7a690e3ed12e053,ЧеРнАЯ РуКа👋,youtube,https://www.youtube.com/@SoFiALiFe15,SoFiALiFe15,Санкт-Петербург,4130,nano,manual_only,original_profile_opened,https://www.youtube.com/@SoFiALiFe15,https://www.youtube.com/results?search_query=%D0%9D%D0%BE%D0%B2%D0%B0%D1%8F+%D0%93%D0%BE%D0%BB%D0%BB%D0%B0%D0%BD%D0%B4%D0%B8%D1%8F+%D1%81%D0%B5%D0%BC%D0%B5%D0%B9%D0%BD%D1%8B%D0%B9+%D0%BE%D0%B1%D0%B7%D0%BE%D1%80&hl=ru,https://www.youtube.com/watch?v=_Rfryhh1q6U,Видео «Новая Голландия СПб отличное место для детей и взрослых!!! Много интересностей👋👍👍👍😎😎» содержит явную привязку к городу.,False,Новая Голландия семейный обзор,2026-08-23T13:24:46.999237+00:00
b020b8b564e931b0dbb8,ЧЕСТНАЯ СДЕЛКА. ВамКнам,youtube,https://www.youtube.com/@vamknam,vamknam,Санкт-Петербург,1080,nano,manual_only,original_profile_opened,https://www.youtube.com/@vamknam,https://www.youtube.com/results?search_query=%D0%9D%D0%B5%D0%B2%D1%81%D0%BA%D0%B8%D0%B9+%D1%80%D0%B0%D0%B9%D0%BE%D0%BD+%D1%81%D0%B5%D0%BC%D0%B5%D0%B9%D0%BD%D1%8B%D0%B9+%D0%BE%D0%B1%D0%B7%D0%BE%D1%80&hl=ru,https://www.youtube.com/watch?v=GLrG6AYWi2o,"Видео «Совсем не семейный жилой комплекс ""Стрижи в Невском"". Исследуем невский район.» содержит явную привязку к городу.",False,Невский район семейный обзор | Шушары семейный обзор,2026-08-23T13:24:34.481932+00:00
bca8064fd6bd4243e7b7,Честные распаковки 🛒,youtube,https://www.youtube.com/@ry_a_dom,ry_a_dom,Санкт-Петербург,7480,nano,manual_only,original_profile_opened,https://www.youtube.com/@ry_a_dom,https://www.youtube.com/results?search_query=%D0%9F%D0%B5%D1%82%D0%B5%D1%80%D0%B3%D0%BE%D1%84+%D0%BA%D1%83%D0%B4%D0%B0+%D1%81%D1%85%D0%BE%D0%B4%D0%B8%D1%82%D1%8C&hl=ru,https://www.youtube.com/watch?v=GlI8RASv56Q,"Видео «Санкт-Петербург ✨ часть 1 | Отель, Еда, Экскурсии | Петергоф ❤️| Парк аттракционов 🎡» содержит явную привязку к городу.",False,Петергоф куда сходить,2026-08-23T13:24:43.603705+00:00
a9e410963063bead7740,Честный обзор,youtube,https://www.youtube.com/@DemonVolchara,DemonVolchara,Санкт-Петербург,1970,nano,manual_only,original_profile_opened,https://www.youtube.com/@DemonVolchara,https://www.youtube.com/results?search_query=%D0%A4%D1%80%D1%83%D0%BD%D0%B7%D0%B5%D0%BD%D1%81%D0%BA%D0%B8%D0%B9+%D1%80%D0%B0%D0%B9%D0%BE%D0%BD+%D0%A1%D0%B0%D0%BD%D0%BA%D1%82-%D0%9F%D0%B5%D1%82%D0%B5%D1%80%D0%B1%D1%83%D1%80%D0%B3+%D0%B1%D0%BB%D0%BE%D0%B3&hl=ru,https://www.youtube.com/watch?v=zJCdOkpIlyE,"Видео «Злободневка. Это наша Россия. Санкт-Петербург, Фрунзенский район. Что если бы я был депутатом?» содержит явную привязку к городу.",False,Фрунзенский район Санкт-Петербург блог | Фрунзенский район семейный обзор,2026-08-23T13:24:37.744292+00:00
03df8b16b83db58b7876,Чечёткин ТУТ,youtube,https://www.youtube.com/@chechetkin_tut,chechetkin_tut,Санкт-Петербург,92700,micro,manual_only,original_profile_opened,https://www.youtube.com/@chechetkin_tut,https://www.youtube.com/results?search_query=%D0%9F%D0%B8%D1%82%D0%B5%D1%80+%D0%BD%D0%B5%D0%BE%D0%B1%D1%8B%D1%87%D0%BD%D1%8B%D0%B5+%D0%BC%D0%B5%D1%81%D1%82%D0%B0&hl=ru,https://www.youtube.com/watch?v=QhOhMUbB9hM,Видео «Мистический Петербург: Логово алхимика и река самоубийц. Часть 1 | Архив» содержит явную привязку к городу.,False,Питер необычные места | лучшие экскурсии Петербург,2026-08-23T13:24:15.829522+00:00
3a7026b82e7d21dc6e5e,ЧистоПитерскийРиелтор,youtube,https://www.youtube.com/@%D0%A7%D0%B8%D1%81%D1%82%D0%BE%D0%9F%D0%B8%D1%82%D0%B5%D1%80%D1%81%D0%BA%D0%B8%D0%B9%D0%A0%D0%B8%D0%B5%D0%BB%D1%82%D0%BE%D1%80,%D0%A7%D0%B8%D1%81%D1%82%D0%BE%D0%9F%D0%B8%D1%82%D0%B5%D1%80%D1%81%D0%BA%D0%B8%D0%B9%D0%A0%D0%B8%D0%B5%D0%BB%D1%82%D0%BE%D1%80,Санкт-Петербург,39,nano,manual_only,original_profile_opened,https://www.youtube.com/@%D0%A7%D0%B8%D1%81%D1%82%D0%BE%D0%9F%D0%B8%D1%82%D0%B5%D1%80%D1%81%D0%BA%D0%B8%D0%B9%D0%A0%D0%B8%D0%B5%D0%BB%D1%82%D0%BE%D1%80,https://www.youtube.com/results?search_query=%D0%9C%D0%B5%D0%B4%D0%BD%D1%8B%D0%B9+%D0%92%D1%81%D0%B0%D0%B4%D0%BD%D0%B8%D0%BA+%D0%B6%D0%B8%D0%BB%D0%BE%D0%B9+%D0%BA%D0%BE%D0%BC%D0%BF%D0%BB%D0%B5%D0%BA%D1%81+%D0%A1%D0%B0%D0%BD%D0%BA%D1%82-%D0%9F%D0%B5%D1%82%D0%B5%D1%80%D0%B1%D1%83%D1%80%D0%B3+%D0%BE%D0%B1%D0%B7%D0%BE%D1%80&hl=ru,https://www.youtube.com/watch?v=wTRL5VugX1M,Видео «Недвижимость.Санкт-Петербург. Исакий.Нева.Медный всадник.Риелтор.» содержит явную привязку к городу.,True,Медный Всадник жилой комплекс Санкт-Петербург обзор,2026-08-23T13:24:24.768753+00:00
d4d6adf4bd60c6e84c71,ЧУДЕТСТВО,youtube,https://www.youtube.com/@Zhelobov,Zhelobov,Санкт-Петербург,17,nano,manual_only,original_profile_opened,https://www.youtube.com/@Zhelobov,https://www.youtube.com/results?search_query=%D0%B4%D0%B5%D1%82%D1%81%D0%BA%D0%B8%D0%B5+%D0%BF%D1%80%D0%B0%D0%B7%D0%B4%D0%BD%D0%B8%D0%BA%D0%B8+%D0%A1%D0%9F%D0%B1+%D0%B1%D0%BB%D0%BE%D0%B3%D0%B5%D1%80&hl=ru,https://www.youtube.com/watch?v=kP_lhltrGCg,Видео «Детские праздники в Санкт-Петербурге - ЧУДЕТСТВО.mp4» содержит явную привязку к городу.,False,детские праздники СПб блогер | детские праздники Санкт-Петербург обзор | лучшие детские праздники Петербург,2026-08-23T13:24:54.440713+00:00
96a8df91b0e932160fbd,Шагало Александр,youtube,https://www.youtube.com/@radio_shagalo,radio_shagalo,Санкт-Петербург,3310,nano,manual_only,original_profile_opened,https://www.youtube.com/@radio_shagalo,https://www.youtube.com/results?search_query=%D0%A2%D1%80%D0%B8+%D0%B2%D0%B5%D1%82%D1%80%D0%B0+%D0%B6%D0%B8%D0%BB%D0%BE%D0%B9+%D0%BA%D0%BE%D0%BC%D0%BF%D0%BB%D0%B5%D0%BA%D1%81+%D0%A1%D0%B0%D0%BD%D0%BA%D1%82-%D0%9F%D0%B5%D1%82%D0%B5%D1%80%D0%B1%D1%83%D1%80%D0%B3+%D0%BE%D0%B1%D0%B7%D0%BE%D1%80&hl=ru,https://www.youtube.com/watch?v=q0JvLPG5Fg4,"Видео «ЖК ""Три Ветра"": квартира с дизайнерским ремонтом на берегу Финского залива в Приморском районе СПб!» содержит явную привязку к городу.",True,LIFE Приморский Санкт-Петербург обзор | Кировский район Санкт-Петербург блог | Купчино обзор мест | Петроградский район семейный обзор | Три ветра жилой комплекс Санкт-Петербург обзор,2026-08-23T13:24:24.516245+00:00
f2857fd084a7592e65c8,Шансон,youtube,https://www.youtube.com/@BlDev3456,BlDev3456,Санкт-Петербург,15400,micro,manual_only,original_profile_opened,https://www.youtube.com/@BlDev3456,https://www.youtube.com/results?search_query=%D0%BB%D1%83%D1%87%D1%88%D0%B8%D0%B5+%D0%BA%D0%BE%D0%BD%D1%86%D0%B5%D1%80%D1%82%D1%8B+%D0%9F%D0%B5%D1%82%D0%B5%D1%80%D0%B1%D1%83%D1%80%D0%B3&hl=ru,https://www.youtube.com/watch?v=5FY2m4xNepA,Видео «Воровайки концерт в Санкт Петербурге» содержит явную привязку к городу.,False,лучшие концерты Петербург,2026-08-23T13:25:00.499256+00:00
fcf56a53e1f172a4791f,Школа Блогеров,youtube,https://www.youtube.com/@%D0%A8%D0%BA%D0%BE%D0%BB%D0%B0%D0%91%D0%BB%D0%BE%D0%B3%D0%B5%D1%80%D0%BE%D0%B2,%D0%A8%D0%BA%D0%BE%D0%BB%D0%B0%D0%91%D0%BB%D0%BE%D0%B3%D0%B5%D1%80%D0%BE%D0%B2,Санкт-Петербург,1830,nano,manual_only,original_profile_opened,https://www.youtube.com/@%D0%A8%D0%BA%D0%BE%D0%BB%D0%B0%D0%91%D0%BB%D0%BE%D0%B3%D0%B5%D1%80%D0%BE%D0%B2,https://www.youtube.com/results?search_query=%D1%88%D0%BA%D0%BE%D0%BB%D1%8B+%D0%A1%D0%9F%D0%B1+%D0%B1%D0%BB%D0%BE%D0%B3%D0%B5%D1%80&hl=ru,https://www.youtube.com/watch?v=OTxibMiqi0k,Видео «Школа видео блогеров в Санкт-Петербурге» содержит явную привязку к городу.,False,школы СПб блогер,2026-08-23T13:24:54.332682+00:00
b9b76653c97a93049f6f,Шпехт,youtube,https://www.youtube.com/channel/UC34Lh8FGAYtCuOf615FOikw,UC34Lh8FGAYtCuOf615FOikw,Санкт-Петербург,446,nano,manual_only,original_profile_opened,https://www.youtube.com/channel/UC34Lh8FGAYtCuOf615FOikw,https://www.youtube.com/results?search_query=%D0%9D%D0%BE%D0%B2%D0%B0%D1%8F+%D0%93%D0%BE%D0%BB%D0%BB%D0%B0%D0%BD%D0%B4%D0%B8%D1%8F+%D0%A1%D0%B0%D0%BD%D0%BA%D1%82-%D0%9F%D0%B5%D1%82%D0%B5%D1%80%D0%B1%D1%83%D1%80%D0%B3+%D0%B1%D0%BB%D0%BE%D0%B3&hl=ru,https://www.youtube.com/watch?v=9rjpiUEmTmI,"Видео «Новая Голландия. Санкт-Петербург. Май, 2026.» содержит явную привязку к городу.",False,Новая Голландия Санкт-Петербург блог | Новая Голландия куда сходить | Новая Голландия обзор мест | Новая Голландия семейный обзор,2026-08-23T13:24:45.433024+00:00
76a452e9ab6f4db3ff94,ШУМ - Проект,youtube,https://www.youtube.com/@rockpiter,rockpiter,Санкт-Петербург,2250,nano,manual_only,original_profile_opened,https://www.youtube.com/@rockpiter,https://www.youtube.com/results?search_query=%D0%B0%D1%84%D0%B8%D1%88%D0%B0+%D0%A1%D0%B0%D0%BD%D0%BA%D1%82-%D0%9F%D0%B5%D1%82%D0%B5%D1%80%D0%B1%D1%83%D1%80%D0%B3+%D0%BE%D0%B1%D0%B7%D0%BE%D1%80&hl=ru,https://www.youtube.com/watch?v=t0BelkYYn1I,Видео «#ROCKSPB REVIEW АФИША ИНТЕРЕСНЫХ РОК СОБЫТИЙ САНКТ-ПЕТЕРБУРГА с 21 по 27 декабря» содержит явную привязку к городу.,False,афиша Санкт-Петербург обзор,2026-08-23T13:24:59.083413+00:00
b55b50416db99ff5348c,Эйнштейн покажет,youtube,https://www.youtube.com/@Einstein_show,Einstein_show,Санкт-Петербург,114000,mid,manual_only,original_profile_opened,https://www.youtube.com/@Einstein_show,https://www.youtube.com/results?search_query=%D0%9F%D1%80%D0%BE%D1%81%D0%BF%D0%B5%D0%BA%D1%82+%D0%9F%D1%80%D0%BE%D1%81%D0%B2%D0%B5%D1%89%D0%B5%D0%BD%D0%B8%D1%8F+%D0%BE%D0%B1%D0%B7%D0%BE%D1%80+%D0%BC%D0%B5%D1%81%D1%82&hl=ru,https://www.youtube.com/watch?v=9gBxpEj-Uwc,Видео «Пётр построил Петербург с нуля? Тогда объясните ЭТО» содержит явную привязку к городу.,False,Проспект Просвещения обзор мест | лучшие городские события Петербург,2026-08-23T13:24:40.037591+00:00
bc6edbca1b374bf79c95,Экс теле Царское Село -канал Е.Жуковой и Н.Чиклина,youtube,https://www.youtube.com/@tsarskoeselotv,tsarskoeselotv,Санкт-Петербург,3630,nano,manual_only,original_profile_opened,https://www.youtube.com/@tsarskoeselotv,https://www.youtube.com/results?search_query=%D0%9F%D1%83%D1%88%D0%BA%D0%B8%D0%BD%D1%81%D0%BA%D0%B8%D0%B9+%D1%80%D0%B0%D0%B9%D0%BE%D0%BD+%D0%BA%D1%83%D0%B4%D0%B0+%D1%81%D1%85%D0%BE%D0%B4%D0%B8%D1%82%D1%8C&hl=ru,https://www.youtube.com/watch?v=n6JLB19l6FM,Видео «Время разобраться  Пушкинский район» содержит явную привязку к городу.,False,Пушкинский район Санкт-Петербург блог | Пушкинский район куда сходить | Пушкинский район семейный обзор,2026-08-23T13:24:37.815487+00:00
133c934712ee956cb72b,Экспозиция страха,youtube,https://www.youtube.com/@vikentii_ko,vikentii_ko,Санкт-Петербург,266,nano,manual_only,original_profile_opened,https://www.youtube.com/@vikentii_ko,https://www.youtube.com/results?search_query=%D0%92%D1%8B%D0%B1%D0%BE%D1%80%D0%B3%D1%81%D0%BA%D0%B8%D0%B9+%D1%80%D0%B0%D0%B9%D0%BE%D0%BD+%D0%A1%D0%B0%D0%BD%D0%BA%D1%82-%D0%9F%D0%B5%D1%82%D0%B5%D1%80%D0%B1%D1%83%D1%80%D0%B3+%D0%B1%D0%BB%D0%BE%D0%B3&hl=ru,https://www.youtube.com/watch?v=n5aqHvz3LDU,Видео «Выборгский район» содержит явную привязку к городу.,False,Выборгский район Санкт-Петербург блог | Выборгский район обзор мест | Выборгский район семейный обзор,2026-08-23T13:24:26.727378+00:00
1d78b3954b04f2ef639b,ЭЛЕКТРОМОНТАЖ и САНТЕХНИКА В СПб Дмитрий Павлов,youtube,https://www.youtube.com/@alexeich_spb,alexeich_spb,Санкт-Петербург,22700,micro,manual_only,original_profile_opened,https://www.youtube.com/@alexeich_spb,https://www.youtube.com/results?search_query=%D0%BB%D1%83%D1%87%D1%88%D0%B8%D0%B5+%D1%80%D0%B5%D0%BC%D0%BE%D0%BD%D1%82+%D0%9F%D0%B5%D1%82%D0%B5%D1%80%D0%B1%D1%83%D1%80%D0%B3&hl=ru,https://www.youtube.com/watch?v=otU5SNMINe4,Видео «ОБЗОР РЕМОНТА в четырехкомнатной квартире. Ремонт квартиры в СПб 125 м2. Лучшие решения в ремонте.» содержит явную привязку к городу.,False,лучшие ремонт Петербург,2026-08-23T13:25:02.482102+00:00
ae0e33882be86317e115,Элина Мамонтова,youtube,https://www.youtube.com/@an_tvoy_dom,an_tvoy_dom,Санкт-Петербург,324,nano,manual_only,original_profile_opened,https://www.youtube.com/@an_tvoy_dom,https://www.youtube.com/results?search_query=%D0%9A%D1%80%D0%B0%D1%81%D0%BD%D0%BE%D1%81%D0%B5%D0%BB%D1%8C%D1%81%D0%BA%D0%B8%D0%B9+%D1%80%D0%B0%D0%B9%D0%BE%D0%BD+%D0%BE%D0%B1%D0%B7%D0%BE%D1%80+%D0%BC%D0%B5%D1%81%D1%82&hl=ru,https://www.youtube.com/watch?v=iiuiTOZ6N98,Видео «Обзор Красносельского района СПб ♥️» содержит явную привязку к городу.,False,Красносельский район куда сходить | Красносельский район обзор мест | Красносельский район семейный обзор,2026-08-23T13:24:33.013432+00:00
6835773a770d0a4a6c3f,ЭНДОСФЕРА,youtube,https://www.youtube.com/@%D0%90%D0%BD%D0%BD%D0%B0%D0%A1%D0%BE%D0%BA%D0%BE%D0%BB%D0%BE%D0%B2%D0%B0-%D0%BA9%D1%8E,%D0%90%D0%BD%D0%BD%D0%B0%D0%A1%D0%BE%D0%BA%D0%BE%D0%BB%D0%BE%D0%B2%D0%B0-%D0%BA9%D1%8E,Санкт-Петербург,3,nano,manual_only,original_profile_opened,https://www.youtube.com/@%D0%90%D0%BD%D0%BD%D0%B0%D0%A1%D0%BE%D0%BA%D0%BE%D0%BB%D0%BE%D0%B2%D0%B0-%D0%BA9%D1%8E,https://www.youtube.com/results?search_query=%D0%BB%D1%83%D1%87%D1%88%D0%B8%D0%B5+%D0%BA%D0%BE%D1%81%D0%BC%D0%B5%D1%82%D0%BE%D0%BB%D0%BE%D0%B3%D0%B8%D1%8F+%D0%9F%D0%B5%D1%82%D0%B5%D1%80%D0%B1%D1%83%D1%80%D0%B3&hl=ru,https://www.youtube.com/watch?v=k3VY--3FzGo,Видео «ТОП-5 КЛИНИК ЭНДОСФЕРЫ В ПЕТЕРБУРГЕ» содержит явную привязку к городу.,False,лучшие косметология Петербург,2026-08-23T13:24:51.315532+00:00
2058e727e54b742cd589,ЭСТЕТЪ – Агентство недвижимости СПБ,youtube,https://www.youtube.com/@hey_estet,hey_estet,Санкт-Петербург,348,nano,manual_only,original_profile_opened,https://www.youtube.com/@hey_estet,https://www.youtube.com/results?search_query=%D0%9D%D0%B5%D0%B2%D1%81%D0%BA%D0%B8%D0%B9+%D1%80%D0%B0%D0%B9%D0%BE%D0%BD+%D0%A1%D0%B0%D0%BD%D0%BA%D1%82-%D0%9F%D0%B5%D1%82%D0%B5%D1%80%D0%B1%D1%83%D1%80%D0%B3+%D0%B1%D0%BB%D0%BE%D0%B3&hl=ru,https://www.youtube.com/watch?v=vCSBJ6n6o2o,Видео «СЕКРЕТЫ НЕВСКОГО РАЙОНА СПб|| интервью с жителями ЖК невского района» содержит явную привязку к городу.,False,Невский район Санкт-Петербург блог,2026-08-23T13:24:34.694816+00:00
ec05c92af31d70377e72,Ю-ПитерStar недвижимость,youtube,https://www.youtube.com/@-star4354,-star4354,Санкт-Петербург,1420,nano,manual_only,original_profile_opened,https://www.youtube.com/@-star4354,https://www.youtube.com/results?search_query=%D0%9A%D1%80%D0%B0%D1%81%D0%BD%D0%BE%D1%81%D0%B5%D0%BB%D1%8C%D1%81%D0%BA%D0%B8%D0%B9+%D1%80%D0%B0%D0%B9%D0%BE%D0%BD+%D0%BE%D0%B1%D0%B7%D0%BE%D1%80+%D0%BC%D0%B5%D1%81%D1%82&hl=ru,https://www.youtube.com/watch?v=B_v0vV4xlts,Видео «Красносельский район СПб. Какой район для жизни выбрать?» содержит явную привязку к городу.,False,Красносельский район Санкт-Петербург блог | Красносельский район куда сходить | Красносельский район обзор мест | Красносельский район семейный обзор,2026-08-23T13:24:33.439568+00:00
1db50b7024a9a8226bb1,Юлианна,youtube,https://www.youtube.com/@%D0%AE%D0%BB%D0%B8%D0%B0%D0%BD%D0%BD%D0%B0-%D0%B91%D0%BD,%D0%AE%D0%BB%D0%B8%D0%B0%D0%BD%D0%BD%D0%B0-%D0%B91%D0%BD,Санкт-Петербург,1400,nano,manual_only,original_profile_opened,https://www.youtube.com/@%D0%AE%D0%BB%D0%B8%D0%B0%D0%BD%D0%BD%D0%B0-%D0%B91%D0%BD,https://www.youtube.com/results?search_query=%D0%9A%D0%B0%D0%BB%D0%B8%D0%BD%D0%B8%D0%BD%D1%81%D0%BA%D0%B8%D0%B9+%D1%80%D0%B0%D0%B9%D0%BE%D0%BD+%D0%BA%D1%83%D0%B4%D0%B0+%D1%81%D1%85%D0%BE%D0%B4%D0%B8%D1%82%D1%8C&hl=ru,https://www.youtube.com/watch?v=GgppBp8Fnyo,Видео «Зеленый район Санкт-Петербурга / Калининский район» содержит явную привязку к городу.,False,Калининский район Санкт-Петербург блог | Калининский район куда сходить | Калининский район обзор мест | Невский район Санкт-Петербург блог | Рыбацкое Санкт-Петербург блог,2026-08-23T13:24:28.703743+00:00
f4d2939c4e6ddafb1241,Юлия Воропаева. Репетитор по физике и математике,youtube,https://www.youtube.com/@yulya.peto1106,yulya.peto1106,Санкт-Петербург,31800,micro,manual_only,original_profile_opened,https://www.youtube.com/@yulya.peto1106,https://www.youtube.com/results?search_query=%D0%B4%D0%B5%D1%82%D1%81%D0%BA%D0%B8%D0%B5+%D0%BA%D1%80%D1%83%D0%B6%D0%BA%D0%B8+%D0%A1%D0%B0%D0%BD%D0%BA%D1%82-%D0%9F%D0%B5%D1%82%D0%B5%D1%80%D0%B1%D1%83%D1%80%D0%B3+%D0%BE%D0%B1%D0%B7%D0%BE%D1%80&hl=ru,https://www.youtube.com/watch?v=NK26XVXo2qs,"Видео «Где поесть в Санкт-Петербурге много и дешево. Адрес: Невский проспект, 48 (огромный Евроспар)» содержит явную привязку к городу.",False,детские кружки Санкт-Петербург обзор,2026-08-23T13:24:54.300239+00:00
0f10bc21d2b2c15302e3,Юлия Ершова,youtube,https://www.youtube.com/@%D0%AE%D0%BB%D0%B8%D1%8F%D0%95%D1%80%D1%88%D0%BE%D0%B2%D0%B0-%D0%B39%D1%84,%D0%AE%D0%BB%D0%B8%D1%8F%D0%95%D1%80%D1%88%D0%BE%D0%B2%D0%B0-%D0%B39%D1%84,Санкт-Петербург,95,nano,manual_only,original_profile_opened,https://www.youtube.com/@%D0%AE%D0%BB%D0%B8%D1%8F%D0%95%D1%80%D1%88%D0%BE%D0%B2%D0%B0-%D0%B39%D1%84,https://www.youtube.com/results?search_query=%D0%B4%D0%B5%D1%82%D1%81%D0%BA%D0%B8%D0%B5+%D0%BF%D1%80%D0%B0%D0%B7%D0%B4%D0%BD%D0%B8%D0%BA%D0%B8+%D0%A1%D0%B0%D0%BD%D0%BA%D1%82-%D0%9F%D0%B5%D1%82%D0%B5%D1%80%D0%B1%D1%83%D1%80%D0%B3+%D0%BE%D0%B1%D0%B7%D0%BE%D1%80&hl=ru,https://www.youtube.com/watch?v=kao2fpJJ8Ew,Видео «Детям о Санкт-Петербурге.» содержит явную привязку к городу.,False,детские праздники Санкт-Петербург обзор,2026-08-23T13:24:55.153895+00:00
a3f3df1dcda6101883b6,Юлия Макарошка,youtube,https://www.youtube.com/@yuliamakarosha,yuliamakarosha,Санкт-Петербург,197,nano,manual_only,original_profile_opened,https://www.youtube.com/@yuliamakarosha,https://www.youtube.com/results?search_query=%D0%9F%D0%B5%D1%82%D0%B5%D1%80%D0%B3%D0%BE%D1%84+%D0%A1%D0%B0%D0%BD%D0%BA%D1%82-%D0%9F%D0%B5%D1%82%D0%B5%D1%80%D0%B1%D1%83%D1%80%D0%B3+%D0%B1%D0%BB%D0%BE%D0%B3&hl=ru,https://www.youtube.com/watch?v=fR0xMBPcY6E,"Видео «Влог из Петербурга / Seno, Ротонда на Гороховой » содержит явную привязку к городу.",False,Лахта Санкт-Петербург блог | Лахта обзор мест | Петергоф Санкт-Петербург блог,2026-08-23T13:24:43.909409+00:00
41269fe5dd7e62d200de,Юлия Парфенова,youtube,https://www.youtube.com/@yula_parf,yula_parf,Санкт-Петербург,4310,nano,manual_only,original_profile_opened,https://www.youtube.com/@yula_parf,https://www.youtube.com/results?search_query=%D0%A1%D0%9F%D0%B1+%D0%BF%D0%BE%D0%BB%D0%B5%D0%B7%D0%BD%D1%8B%D0%B9+%D0%B1%D0%BB%D0%BE%D0%B3&hl=ru,https://www.youtube.com/watch?v=u_hiPkZbTMA,Видео «VLOG | Санкт-Петербург | как съездить бюджетно?» содержит явную привязку к городу.,False,СПб lifestyle vlog | СПб полезный блог | туризм СПб блогер,2026-08-23T13:24:12.426347+00:00
92c8778732539bfad4fa,Юлия Сергеевна,youtube,https://www.youtube.com/@JulkaPravorulka,JulkaPravorulka,Санкт-Петербург,27700,micro,manual_only,original_profile_opened,https://www.youtube.com/@JulkaPravorulka,https://www.youtube.com/results?search_query=%D0%B4%D0%BE%D1%81%D1%82%D0%B0%D0%B2%D0%BA%D0%B0+%D0%B5%D0%B4%D1%8B+%D0%A1%D0%9F%D0%B1+%D0%B1%D0%BB%D0%BE%D0%B3%D0%B5%D1%80&hl=ru,https://www.youtube.com/watch?v=fX1urdP8XsA,Видео «ПЕРВЫЙ СЛОТ В ЯНДЕКС ЕДА СТАТУС АВТО/Доставка на своем автомобиле/Работа курьером/Яндекс Про/Питер» содержит явную привязку к городу.,False,доставка еды СПб блогер,2026-08-23T13:24:50.814910+00:00
580960f78c8d30c85275,Юля Чирикина,youtube,https://www.youtube.com/@chirikina,chirikina,Санкт-Петербург,8580,nano,manual_only,original_profile_opened,https://www.youtube.com/@chirikina,https://www.youtube.com/results?search_query=%D0%9F%D1%83%D1%88%D0%BA%D0%B8%D0%BD+%D0%BA%D1%83%D0%B4%D0%B0+%D1%81%D1%85%D0%BE%D0%B4%D0%B8%D1%82%D1%8C&hl=ru,https://www.youtube.com/watch?v=2kDWyYFI-pM,"Видео «Куда сходить в Санкт-Петербурге? Необычные места, кофе и пёсики» содержит явную привязку к городу.",False,Пушкин куда сходить,2026-08-23T13:24:44.753514+00:00
a73413be667f44c5dfa8,ЮПитер Ютуба,youtube,https://www.youtube.com/@%D0%AE%D0%9F%D0%B8%D1%82%D0%B5%D1%80%D0%AE%D1%82%D1%83%D0%B1%D0%B0,%D0%AE%D0%9F%D0%B8%D1%82%D0%B5%D1%80%D0%AE%D1%82%D1%83%D0%B1%D0%B0,Санкт-Петербург,809,nano,manual_only,original_profile_opened,https://www.youtube.com/@%D0%AE%D0%9F%D0%B8%D1%82%D0%B5%D1%80%D0%AE%D1%82%D1%83%D0%B1%D0%B0,https://www.youtube.com/results?search_query=%D0%9A%D1%80%D0%B0%D1%81%D0%BD%D0%BE%D1%81%D0%B5%D0%BB%D1%8C%D1%81%D0%BA%D0%B8%D0%B9+%D1%80%D0%B0%D0%B9%D0%BE%D0%BD+%D0%A1%D0%B0%D0%BD%D0%BA%D1%82-%D0%9F%D0%B5%D1%82%D0%B5%D1%80%D0%B1%D1%83%D1%80%D0%B3+%D0%B1%D0%BB%D0%BE%D0%B3&hl=ru,https://www.youtube.com/watch?v=yKiJp7AkvLc,Видео «Districts of Saint-Petersburg (Красносельский район Санкт-Петербурга)» содержит явную привязку к городу.,False,Красносельский район Санкт-Петербург блог | Красносельский район куда сходить,2026-08-23T13:24:33.135907+00:00
c8db594c46c4e86a5349,Юра Гармидер | Прогулки по Санкт-Петербургу,youtube,https://www.youtube.com/@igarmider,igarmider,Санкт-Петербург,150,nano,manual_only,original_profile_opened,https://www.youtube.com/@igarmider,https://www.youtube.com/results?search_query=%D0%9A%D1%80%D0%B0%D1%81%D0%BD%D0%BE%D1%81%D0%B5%D0%BB%D1%8C%D1%81%D0%BA%D0%B8%D0%B9+%D1%80%D0%B0%D0%B9%D0%BE%D0%BD+%D1%81%D0%B5%D0%BC%D0%B5%D0%B9%D0%BD%D1%8B%D0%B9+%D0%BE%D0%B1%D0%B7%D0%BE%D1%80&hl=ru,https://www.youtube.com/watch?v=u_Usutxeivs,"Видео «Прогулка по Санкт-Петербургу 18.06.2026: Нева, Медный всадник, Адмиралтейство, Дворцовая площадь» содержит явную привязку к городу.",False,Красносельский район семейный обзор,2026-08-23T13:24:33.560315+00:00
b48848cc24f0c79cd843,Я в Питере,youtube,https://www.youtube.com/@ya_v_pitere,ya_v_pitere,Санкт-Петербург,4640,nano,manual_only,original_profile_opened,https://www.youtube.com/@ya_v_pitere,https://www.youtube.com/results?search_query=%D0%BE%D1%82%D0%B5%D0%BB%D0%B8+%D0%A1%D0%B0%D0%BD%D0%BA%D1%82-%D0%9F%D0%B5%D1%82%D0%B5%D1%80%D0%B1%D1%83%D1%80%D0%B3+%D0%BE%D0%B1%D0%B7%D0%BE%D1%80&hl=ru,https://www.youtube.com/watch?v=YiYERh-3O_I,Видео «КАК ВЫБРАТЬ ЛУЧШИЙ ХОСТЕЛ В ПИТЕРЕ | Хостелы Санкт Петербурга  | Я в Питере» содержит явную привязку к городу.,False,отели СПб блогер | отели Санкт-Петербург обзор,2026-08-23T13:25:03.574562+00:00
58c46cbb5eb703741836,Я не Блогер,youtube,https://www.youtube.com/@%D0%AF%D0%BD%D0%B5%D0%91%D0%BB%D0%BE%D0%B3%D0%B5%D1%80-%D1%8C6%D1%88,%D0%AF%D0%BD%D0%B5%D0%91%D0%BB%D0%BE%D0%B3%D0%B5%D1%80-%D1%8C6%D1%88,Санкт-Петербург,125,nano,manual_only,original_profile_opened,https://www.youtube.com/@%D0%AF%D0%BD%D0%B5%D0%91%D0%BB%D0%BE%D0%B3%D0%B5%D1%80-%D1%8C6%D1%88,https://www.youtube.com/results?search_query=%D0%BE%D1%82%D0%B5%D0%BB%D0%B8+%D0%A1%D0%9F%D0%B1+%D0%B1%D0%BB%D0%BE%D0%B3%D0%B5%D1%80&hl=ru,https://www.youtube.com/watch?v=_Et74mlY0mY,Видео «Valo Mercure -Отель 5 * Санкт-Петербург...» содержит явную привязку к городу.,False,отели СПб блогер,2026-08-23T13:25:04.003741+00:00
a47009de37bbc28ff4d9,ЯEstate,youtube,https://www.youtube.com/@YaEstate,YaEstate,Санкт-Петербург,1020,nano,manual_only,original_profile_opened,https://www.youtube.com/@YaEstate,https://www.youtube.com/results?search_query=Legenda+%D0%AF%D1%85%D1%82%D0%B5%D0%BD%D0%BD%D0%B0%D1%8F+%D0%A1%D0%B0%D0%BD%D0%BA%D1%82-%D0%9F%D0%B5%D1%82%D0%B5%D1%80%D0%B1%D1%83%D1%80%D0%B3+%D0%BE%D0%B1%D0%B7%D0%BE%D1%80&hl=ru,https://www.youtube.com/watch?v=UhMw9O-JBFM,Видео «ЖК Legenda Героев | СПб | Легенда героев | НОВОСТРОЙКИ | НЕДВИЖИМОСТЬ | ЧЕСТНЫЙ ОБЗОР | Питер» содержит явную привязку к городу.,True,Legenda Оптиков Санкт-Петербург обзор | Legenda Яхтенная Санкт-Петербург обзор | Лахта семейный обзор,2026-08-23T13:24:21.694921+00:00
84967ab3d49225fee72d,Ярослава Плотникова,youtube,https://www.youtube.com/@klukva_excursion_spb,klukva_excursion_spb,Санкт-Петербург,1330,nano,manual_only,original_profile_opened,https://www.youtube.com/@klukva_excursion_spb,https://www.youtube.com/results?search_query=%D0%9F%D0%B5%D1%82%D1%80%D0%BE%D0%B3%D1%80%D0%B0%D0%B4%D0%BA%D0%B0+%D0%A1%D0%B0%D0%BD%D0%BA%D1%82-%D0%9F%D0%B5%D1%82%D0%B5%D1%80%D0%B1%D1%83%D1%80%D0%B3+%D0%B1%D0%BB%D0%BE%D0%B3&hl=ru,https://www.youtube.com/watch?v=gDc5GLs7Oxk,Видео «Гуляем по Петроградской стороне» содержит явную привязку к городу.,False,Петроградка Санкт-Петербург блог,2026-08-23T13:24:44.953306+00:00
acbc28e00986e4d4d081,Євген,youtube,https://www.youtube.com/@%D0%84%D0%B2%D0%B3%D0%B5%D0%BD-%D0%B96%D1%805%D0%BF,%D0%84%D0%B2%D0%B3%D0%B5%D0%BD-%D0%B96%D1%805%D0%BF,Санкт-Петербург,3970,nano,manual_only,original_profile_opened,https://www.youtube.com/@%D0%84%D0%B2%D0%B3%D0%B5%D0%BD-%D0%B96%D1%805%D0%BF,https://www.youtube.com/results?search_query=%D0%9F%D0%B8%D1%82%D0%B5%D1%80+%D0%BF%D0%B0%D0%BF%D0%B0+%D0%B1%D0%BB%D0%BE%D0%B3&hl=ru,https://www.youtube.com/watch?v=e9kE3V6HWS0,Видео «НАЗВАНИЕ #шортс» содержит явную привязку к городу.,False,Питер папа блог | афиша Питер shorts | городские события Питер shorts | районные новости Питер shorts | рестораны Питер shorts | частные клиники Питер shorts,2026-08-23T13:24:12.528440+00:00
4e62b1f546d16ad7fdb1,🌅🌴 Путешествия,youtube,https://www.youtube.com/@OTDbIX,OTDbIX,Санкт-Петербург,7880,nano,manual_only,original_profile_opened,https://www.youtube.com/@OTDbIX,https://www.youtube.com/results?search_query=%D0%BB%D1%83%D1%87%D1%88%D0%B8%D0%B5+%D1%82%D0%B5%D0%B0%D1%82%D1%80%D1%8B+%D0%9F%D0%B5%D1%82%D0%B5%D1%80%D0%B1%D1%83%D1%80%D0%B3&hl=ru,https://www.youtube.com/watch?v=hkQZKu3u9qQ,"Видео «О театрах Санкт-Петербурга: сколько их всего, какие лучшие и знаменитые, рейтинг» содержит явную привязку к городу.",False,афиша Питер shorts | лучшие афиша Петербург | лучшие театры Петербург | музеи Санкт-Петербург обзор | театры Санкт-Петербург обзор,2026-08-23T13:24:55.197362+00:00
0dc1c45cde622100b7cb,🎀EVA🎀,youtube,https://www.youtube.com/@evashau,evashau,Санкт-Петербург,37,nano,manual_only,original_profile_opened,https://www.youtube.com/@evashau,https://www.youtube.com/results?search_query=%D1%82%D0%B5%D0%B0%D1%82%D1%80%D1%8B+%D0%A1%D0%9F%D0%B1+%D0%B1%D0%BB%D0%BE%D0%B3%D0%B5%D1%80&hl=ru,https://www.youtube.com/watch?v=Qm5UVqSQWpg,"Видео «влог из театра! участвую в спектакле «процесс», александринский театр, спб» содержит явную привязку к городу.",False,театры СПб блогер,2026-08-23T13:24:55.290761+00:00
a6a0281ae5005ad45d6b,💗𝓪𝓻𝓵𝓪𝓻𝓬𝓱💗 (arlarch),youtube,https://www.youtube.com/@arlarch,arlarch,Санкт-Петербург,15700,micro,manual_only,original_profile_opened,https://www.youtube.com/@arlarch,https://www.youtube.com/results?search_query=%D0%B4%D0%BE%D0%BC%D0%B0%D1%88%D0%BD%D0%B8%D0%B5+%D0%B6%D0%B8%D0%B2%D0%BE%D1%82%D0%BD%D1%8B%D0%B5+%D0%A1%D0%B0%D0%BD%D0%BA%D1%82-%D0%9F%D0%B5%D1%82%D0%B5%D1%80%D0%B1%D1%83%D1%80%D0%B3+%D0%BE%D0%B1%D0%B7%D0%BE%D1%80&hl=ru,https://www.youtube.com/watch?v=HSc5NQfnRrY,Видео «Куда Сходить В СПБ? / Бесплатный Зоопарк в Санкт-Петербурге / Экзотические животные в Ломоносове» содержит явную привязку к городу.,False,домашние животные Санкт-Петербург обзор,2026-08-23T13:25:03.392344+00:00
88a3e3c8a0b632d11460,🔥NOBLE LORD🔥,youtube,https://www.youtube.com/@History_NobleLord,History_NobleLord,Санкт-Петербург,1380,nano,manual_only,original_profile_opened,https://www.youtube.com/@History_NobleLord,https://www.youtube.com/results?search_query=%D0%92%D0%B0%D1%81%D0%B8%D0%BB%D0%B5%D0%BE%D1%81%D1%82%D1%80%D0%BE%D0%B2%D1%81%D0%BA%D0%B8%D0%B9+%D1%80%D0%B0%D0%B9%D0%BE%D0%BD+%D0%BE%D0%B1%D0%B7%D0%BE%D1%80+%D0%BC%D0%B5%D1%81%D1%82&hl=ru,https://www.youtube.com/watch?v=O1Xznb0HxGo,Видео «Василеостровский район в Санкт-Петербурге | Наши дни 4k /» содержит явную привязку к городу.,False,Василеостровский район Санкт-Петербург блог | Василеостровский район куда сходить | Василеостровский район обзор мест,2026-08-23T13:24:26.521645+00:00
